kirkstone-100K-64-bb;100304.0;113.0;0.0;63
kirkstone-100K-64-bb;0.0;0.0;0.0;17
kirkstone-100K-64-bb;105288.0;258.0;0.0;63
kirkstone-100K-64-bb;546.0;4.0;0.0;63
kirkstone-100K-64-bb;100960.0;117.0;1.0;63
kirkstone-100K-64-bb;142.0;4.0;0.0;63
kirkstone-100K-64-bb;120125.0;82.0;0.0;63
kirkstone-100K-64-bb;116.0;0.0;0.0;23
kirkstone-100K-64-bb;112460.0;55.0;0.0;63
kirkstone-100K-64-bb;0.0;0.0;0.0;21
kirkstone-100K-64-bb;110513.0;746.0;0.0;63
kirkstone-100K-64-bb;1091.0;0.0;0.0;63
kirkstone-100K-64-bb;103540.0;5263.0;1.0;45
kirkstone-100K-64-bb;512.0;4.0;0.0;45
kirkstone-100K-64-bb;100359.0;11330.0;0.0;60
kirkstone-100K-64-bb;1032.0;0.0;0.0;60
kirkstone-100K-64-bb;100899.0;14013.0;0.0;62
kirkstone-100K-64-bb;249.0;26.0;0.0;57
kirkstone-100K-64-bb;100521.0;27622.0;0.0;63
kirkstone-100K-64-bb;0.0;0.0;0.0;52
kirkstone-100K-64-bb;101198.0;25.0;2.0;63
kirkstone-100K-64-bb;68.0;0.0;0.0;48
kirkstone-100K-64-bb;101645.0;7481.0;0.0;63
kirkstone-100K-64-bb;254.0;255.0;0.0;63
kirkstone-100K-64-bb;100544.0;35227.0;0.0;63
kirkstone-100K-64-bb;1240.0;52.0;0.0;62
kirkstone-100K-64-bb;100198.0;5963.0;0.0;63
kirkstone-100K-64-bb;478.0;155.0;0.0;27
kirkstone-100K-64-bb;101448.0;66120.0;1.0;63
kirkstone-100K-64-bb;131.0;16.0;0.0;41
kirkstone-100K-64-bb;109995.0;30453.0;0.0;20
kirkstone-100K-64-bb;817.0;76.0;0.0;20
kirkstone-100K-64-bb;201047.0;1751.0;0.0;16
kirkstone-100K-64-bb;4134.0;152.0;0.0;16
kirkstone-100K-64-bb;246328.0;31.0;0.0;13
kirkstone-100K-64-bb;1413.0;0.0;0.0;13
kirkstone-100K-64-bb;142635.0;27240.0;0.0;7
kirkstone-100K-64-bb;1083.0;414.0;0.0;7
kirkstone-100K-64-bb;246567.0;30940.0;0.0;6
kirkstone-100K-64-bb;5317.0;40.0;0.0;6
kirkstone-100K-64-bb;532684.0;1333.0;0.0;6
kirkstone-100K-64-bb;7970.0;32.0;0.0;6
kirkstone-100K-64-bb;343121.0;223.0;0.0;6
kirkstone-100K-64-bb;10911.0;0.0;0.0;6
kirkstone-100K-64-bb;305333.0;565.0;0.0;6
kirkstone-100K-64-bb;253.0;0.0;0.0;6
kirkstone-100K-64-bb;135344.0;5036.0;1.0;5
kirkstone-100K-64-bb;2372.0;0.0;0.0;5
kirkstone-100K-64-bb;1431269.0;8578.0;0.0;5
kirkstone-100K-64-bb;496.0;3.0;0.0;5
kirkstone-100K-64-bb;677841.0;3.0;0.0;4
kirkstone-100K-64-bb;248.0;0.0;0.0;4
kirkstone-100K-64-bb;282870.0;3591.0;0.0;5
kirkstone-100K-64-bb;2489.0;0.0;0.0;5
kirkstone-100K-64-bb;134663.0;0.0;0.0;7
kirkstone-100K-64-bb;12376.0;0.0;0.0;6
kirkstone-100K-64-bb;106415.0;0.0;0.0;7
kirkstone-100K-64-bb;12586.0;0.0;0.0;6
kirkstone-100K-64-bb;133384.0;0.0;0.0;6
kirkstone-100K-64-bb;7220.0;0.0;0.0;6
kirkstone-100K-64-bb;189710.0;0.0;0.0;6
kirkstone-100K-64-bb;11416.0;0.0;0.0;6
kirkstone-100K-64-bb;168770.0;35.0;0.0;7
kirkstone-100K-64-bb;28956.0;0.0;0.0;7
kirkstone-100K-64-bb;778923.0;1303.0;0.0;7
kirkstone-100K-64-bb;288.0;0.0;0.0;7
kirkstone-100K-64-bb;203348.0;52.0;0.0;9
kirkstone-100K-64-bb;3595.0;0.0;0.0;9
kirkstone-100K-64-bb;218797.0;232.0;0.0;9
kirkstone-100K-64-bb;5039.0;0.0;0.0;9
kirkstone-100K-64-bb;183086.0;42.0;0.0;10
kirkstone-100K-64-bb;8905.0;0.0;0.0;10
kirkstone-100K-64-bb;114194.0;60.0;0.0;9
kirkstone-100K-64-bb;8115.0;0.0;0.0;8
kirkstone-100K-64-bb;249166.0;0.0;0.0;9
kirkstone-100K-64-bb;8337.0;0.0;0.0;8
kirkstone-100K-64-bb;317739.0;111.0;0.0;8
kirkstone-100K-64-bb;2800.0;0.0;0.0;8
kirkstone-100K-64-bb;154552.0;0.0;0.0;8
kirkstone-100K-64-bb;10374.0;0.0;0.0;7
kirkstone-100K-64-bb;340204.0;811.0;0.0;15
kirkstone-100K-64-bb;3045.0;107.0;1.0;15
kirkstone-100K-64-bb;105408.0;1441.0;1.0;15
kirkstone-100K-64-bb;649.0;0.0;0.0;12
kirkstone-100K-64-bb;164070.0;183.0;0.0;13
kirkstone-100K-64-bb;911.0;0.0;0.0;13
kirkstone-100K-64-bb;205321.0;180.0;0.0;18
kirkstone-100K-64-bb;211.0;0.0;0.0;13
kirkstone-100K-64-bb;156441.0;162.0;0.0;14
kirkstone-100K-64-bb;5952.0;0.0;0.0;14
kirkstone-100K-64-bb;151167.0;1.0;0.0;13
kirkstone-100K-64-bb;11841.0;0.0;0.0;11
kirkstone-100K-64-bb;254496.0;4.0;0.0;11
kirkstone-100K-64-bb;751.0;0.0;0.0;11
kirkstone-100K-64-bb;438335.0;103.0;0.0;10
kirkstone-100K-64-bb;2168.0;0.0;0.0;10
kirkstone-100K-64-bb;206542.0;1.0;1.0;10
kirkstone-100K-64-bb;643.0;0.0;0.0;10
kirkstone-100K-64-bb;390361.0;152.0;0.0;20
kirkstone-100K-64-bb;14514.0;0.0;0.0;20
kirkstone-100K-64-bb;624112.0;5.0;0.0;20
kirkstone-100K-64-bb;4582.0;0.0;0.0;20
kirkstone-100K-64-bb;141210.0;1.0;0.0;20
kirkstone-100K-64-bb;816.0;0.0;0.0;19
kirkstone-100K-64-bb;163428.0;14.0;0.0;20
kirkstone-100K-64-bb;35.0;0.0;0.0;20
kirkstone-100K-64-bb;237770.0;228.0;0.0;20
kirkstone-100K-64-bb;3568.0;0.0;0.0;19
kirkstone-100K-64-bb;452326.0;1.0;0.0;20
kirkstone-100K-64-bb;758.0;0.0;0.0;20
kirkstone-100K-64-bb;110790.0;0.0;0.0;20
kirkstone-100K-64-bb;530.0;0.0;0.0;18
kirkstone-100K-64-bb;117170.0;2.0;0.0;20
kirkstone-100K-64-bb;9685.0;821.0;0.0;18
kirkstone-100K-64-bb;446172.0;3116.0;0.0;19
kirkstone-100K-64-bb;19216.0;0.0;0.0;19
kirkstone-100K-64-bb;541826.0;0.0;0.0;24
kirkstone-100K-64-bb;21444.0;0.0;0.0;24
kirkstone-100K-64-bb;148116.0;1.0;0.0;22
kirkstone-100K-64-bb;33962.0;0.0;0.0;16
kirkstone-100K-64-bb;301841.0;1.0;0.0;21
kirkstone-100K-64-bb;3624.0;0.0;0.0;20
kirkstone-100K-64-bb;485945.0;0.0;0.0;20
kirkstone-100K-64-bb;55152.0;1.0;0.0;20
kirkstone-100K-64-bb;439602.0;163.0;0.0;20
kirkstone-100K-64-bb;17643.0;0.0;0.0;19
kirkstone-100K-64-bb;326987.0;0.0;0.0;20
kirkstone-100K-64-bb;13494.0;0.0;0.0;20
kirkstone-100K-64-bb;170147.0;0.0;0.0;20
kirkstone-100K-64-bb;1664.0;0.0;0.0;19
kirkstone-100K-64-bb;544797.0;71.0;0.0;20
kirkstone-100K-64-bb;9935.0;0.0;0.0;20
kirkstone-100K-64-bb;348935.0;0.0;0.0;20
kirkstone-100K-64-bb;6999.0;0.0;0.0;20
kirkstone-100K-64-bb;281111.0;1.0;0.0;21
kirkstone-100K-64-bb;3281.0;0.0;0.0;20
kirkstone-100K-64-bb;115506.0;0.0;0.0;21
kirkstone-100K-64-bb;12076.0;0.0;0.0;18
kirkstone-100K-64-bb;526384.0;1.0;0.0;18
kirkstone-100K-64-bb;1296.0;0.0;0.0;18
kirkstone-100K-64-bb;410429.0;71.0;0.0;18
kirkstone-100K-64-bb;32923.0;211.0;0.0;17
kirkstone-100K-64-bb;166864.0;211.0;0.0;19
kirkstone-100K-64-bb;4322.0;0.0;0.0;17
kirkstone-100K-64-bb;325660.0;0.0;0.0;18
kirkstone-100K-64-bb;5804.0;0.0;0.0;16
kirkstone-100K-64-bb;293394.0;371.0;0.0;17
kirkstone-100K-64-bb;16975.0;0.0;0.0;17
kirkstone-100K-64-bb;474518.0;40.0;0.0;17
kirkstone-100K-64-bb;11665.0;0.0;0.0;17
kirkstone-100K-64-bb;154741.0;29.0;0.0;17
kirkstone-100K-64-bb;8530.0;0.0;0.0;15
kirkstone-100K-64-bb;2684797.0;160.0;0.0;16
kirkstone-100K-64-bb;56002.0;0.0;0.0;16
kirkstone-100K-64-bb;654518.0;1.0;0.0;16
kirkstone-100K-64-bb;2978.0;0.0;0.0;16
kirkstone-100K-64-bb;741285.0;172.0;0.0;15
kirkstone-100K-64-bb;38009.0;0.0;0.0;15
kirkstone-100K-64-bb;197484.0;0.0;0.0;15
kirkstone-100K-64-bb;18998.0;0.0;0.0;15
kirkstone-100K-64-bb;508990.0;99.0;0.0;15
kirkstone-100K-64-bb;2545.0;0.0;0.0;15
kirkstone-100K-64-bb;577821.0;1.0;0.0;15
kirkstone-100K-64-bb;7948.0;0.0;0.0;15
kirkstone-100K-64-bb;497304.0;0.0;0.0;14
kirkstone-100K-64-bb;3147.0;0.0;0.0;14
kirkstone-100K-64-bb;472128.0;165.0;0.0;17
kirkstone-100K-64-bb;2965.0;0.0;0.0;17
kirkstone-100K-64-bb;102036.0;0.0;0.0;16
kirkstone-100K-64-bb;21618.0;0.0;0.0;16
kirkstone-100K-64-bb;455218.0;257.0;0.0;16
kirkstone-100K-64-bb;2518.0;0.0;0.0;16
kirkstone-100K-64-bb;520148.0;159.0;0.0;14
kirkstone-100K-64-bb;7016.0;0.0;0.0;14
kirkstone-100K-64-bb;176714.0;0.0;0.0;14
kirkstone-100K-64-bb;1887.0;0.0;0.0;13
kirkstone-100K-64-bb;215638.0;0.0;0.0;14
kirkstone-100K-64-bb;14054.0;0.0;0.0;14
kirkstone-100K-64-bb;442227.0;189.0;0.0;13
kirkstone-100K-64-bb;1596.0;9.0;0.0;13
kirkstone-100K-64-bb;154025.0;9.0;0.0;13
kirkstone-100K-64-bb;16850.0;0.0;0.0;13
kirkstone-100K-64-bb;519229.0;64.0;0.0;11
kirkstone-100K-64-bb;10818.0;0.0;0.0;11
kirkstone-100K-64-bb;251173.0;0.0;0.0;12
kirkstone-100K-64-bb;3976.0;0.0;0.0;12
kirkstone-100K-64-bb;899954.0;0.0;0.0;11
kirkstone-100K-64-bb;8028.0;0.0;0.0;11
kirkstone-100K-64-bb;328850.0;47.0;0.0;11
kirkstone-100K-64-bb;1005.0;0.0;0.0;11
kirkstone-100K-64-bb;1212471.0;46.0;0.0;11
kirkstone-100K-64-bb;14778.0;0.0;0.0;11
kirkstone-100K-64-bb;277789.0;1.0;0.0;11
kirkstone-100K-64-bb;12610.0;0.0;0.0;11
kirkstone-100K-64-bb;458733.0;0.0;0.0;11
kirkstone-100K-64-bb;18500.0;0.0;0.0;11
kirkstone-100K-64-bb;1867063.0;5.0;0.0;10
kirkstone-100K-64-bb;11613.0;0.0;0.0;10
kirkstone-100K-64-bb;256558.0;0.0;0.0;10
kirkstone-100K-64-bb;16275.0;0.0;0.0;10
kirkstone-100K-64-bb;135767.0;0.0;0.0;10
kirkstone-100K-64-bb;1692.0;0.0;0.0;10
kirkstone-100K-64-bb;584578.0;0.0;0.0;10
kirkstone-100K-64-bb;6472.0;0.0;0.0;10
kirkstone-100K-64-bb;510633.0;1.0;0.0;9
kirkstone-100K-64-bb;4183.0;0.0;0.0;9
kirkstone-100K-64-bb;424956.0;0.0;0.0;9
kirkstone-100K-64-bb;3708.0;0.0;0.0;9
kirkstone-100K-64-bb;2723827.0;280.0;1.0;8
kirkstone-100K-64-bb;1338.0;0.0;0.0;8
kirkstone-100K-64-bb;2257653.0;50.0;0.0;8
kirkstone-100K-64-bb;6502.0;0.0;0.0;8
kirkstone-100K-64-bb;8826238.0;11139.0;9200.0;8
kirkstone-100K-64-bb;179.0;0.0;0.0;8
kirkstone-100K-64-bb;405684.0;1091.0;560.0;8
kirkstone-100K-64-bb;59491.0;13.0;0.0;8
kirkstone-100K-64-bb;2813419.0;926.0;509.0;8
kirkstone-100K-64-bb;78881.0;65.0;0.0;8
kirkstone-100K-64-bb;153843.0;65.0;0.0;10
kirkstone-100K-64-bb;5855.0;344.0;0.0;10
kirkstone-100K-64-bb;105646.0;225.0;32.0;12
kirkstone-100K-64-bb;35404.0;2.0;0.0;12
kirkstone-100K-64-bb;1847206.0;303.0;0.0;12
kirkstone-100K-64-bb;91934.0;0.0;0.0;12
kirkstone-100K-64-bb;2370412.0;309.0;0.0;12
kirkstone-100K-64-bb;422.0;0.0;0.0;12
kirkstone-100K-64-bb;1073568.0;240.0;0.0;14
kirkstone-100K-64-bb;24171.0;0.0;1.0;14
kirkstone-100K-64-bb;469863.0;1299.0;449.0;15
kirkstone-100K-64-bb;51627.0;47.0;0.0;15
kirkstone-100K-64-bb;128011.0;269.0;0.0;15
kirkstone-100K-64-bb;379.0;39.0;0.0;15
kirkstone-100K-64-bb;107108.0;0.0;0.0;13
kirkstone-100K-64-bb;225.0;0.0;0.0;11
kirkstone-100K-64-bb;128676.0;590.0;0.0;12
kirkstone-100K-64-bb;3443.0;0.0;0.0;12
kirkstone-100K-64-bb;214524.0;211.0;50.0;11
kirkstone-100K-64-bb;664.0;0.0;0.0;10
kirkstone-100K-64-bb;174388.0;42.0;2.0;7
kirkstone-100K-64-bb;18.0;0.0;0.0;6
kirkstone-100K-64-bb;271789.0;758.0;43.0;8
kirkstone-100K-64-bb;1129.0;0.0;0.0;8
kirkstone-100K-64-bb;821043.0;23.0;19.0;8
kirkstone-100K-64-bb;15489.0;0.0;0.0;8
kirkstone-100K-64-bb;702076.0;62.0;0.0;8
kirkstone-100K-64-bb;26346.0;0.0;0.0;8
kirkstone-100K-64-bb;680441.0;52.0;0.0;8
kirkstone-100K-64-bb;723.0;0.0;0.0;8
kirkstone-100K-64-bb;1054337.0;329.0;0.0;8
kirkstone-100K-64-bb;4766.0;0.0;0.0;8
kirkstone-100K-64-bb;802655.0;241.0;0.0;8
kirkstone-100K-64-bb;3179.0;0.0;0.0;8
kirkstone-100K-64-bb;505749.0;224.0;0.0;8
kirkstone-100K-64-bb;1657.0;1.0;0.0;8
kirkstone-100K-64-bb;602652.0;337.0;51.0;7
kirkstone-100K-64-bb;556.0;0.0;0.0;7
kirkstone-100K-64-bb;111683.0;901.0;0.0;7
kirkstone-100K-64-bb;434.0;0.0;0.0;7
kirkstone-100K-64-bb;3839742.0;18.0;0.0;8
kirkstone-100K-64-bb;79243.0;0.0;0.0;8
kirkstone-100K-64-bb;800315.0;1.0;0.0;8
kirkstone-100K-64-bb;5228.0;0.0;0.0;8
kirkstone-100K-64-bb;106407.0;0.0;0.0;8
kirkstone-100K-64-bb;454.0;0.0;0.0;8
kirkstone-100K-64-bb;169461.0;90.0;13.0;8
kirkstone-100K-64-bb;90.0;0.0;0.0;8
kirkstone-100K-64-bb;1441777.0;50.0;0.0;8
kirkstone-100K-64-bb;974.0;0.0;0.0;8
kirkstone-100K-64-bb;371621.0;15.0;0.0;8
kirkstone-100K-64-bb;235.0;0.0;0.0;8
kirkstone-100K-64-bb;105830.0;216.0;444.0;31
kirkstone-100K-64-bb;1849.0;2.0;0.0;27
kirkstone-100K-64-bb;100172.0;20.0;0.0;27
kirkstone-100K-64-bb;5384.0;0.0;0.0;12
kirkstone-100K-64-bb;106113.0;1.0;0.0;19
kirkstone-100K-64-bb;11064.0;0.0;0.0;18
kirkstone-100K-64-bb;106101.0;0.0;0.0;22
kirkstone-100K-64-bb;3599.0;0.0;0.0;17
kirkstone-100K-64-bb;105756.0;2.0;0.0;30
kirkstone-100K-64-bb;67.0;0.0;0.0;21
kirkstone-100K-64-bb;140359.0;40.0;89.0;30
kirkstone-100K-64-bb;5054.0;0.0;0.0;29
kirkstone-100K-64-bb;108288.0;20.0;0.0;32
kirkstone-100K-64-bb;1676.0;0.0;0.0;23
kirkstone-100K-64-bb;103077.0;6.0;0.0;34
kirkstone-100K-64-bb;1790.0;0.0;0.0;29
kirkstone-100K-64-bb;117726.0;133.0;36.0;31
kirkstone-100K-64-bb;1276.0;12.0;0.0;26
kirkstone-100K-64-bb;122912.0;83.0;0.0;30
kirkstone-100K-64-bb;18074.0;0.0;0.0;21
kirkstone-100K-64-bb;104834.0;1.0;0.0;26
kirkstone-100K-64-bb;21531.0;0.0;0.0;22
kirkstone-100K-64-bb;109613.0;0.0;0.0;25
kirkstone-100K-64-bb;3145.0;0.0;0.0;22
kirkstone-100K-64-bb;119576.0;2.0;0.0;22
kirkstone-100K-64-bb;93.0;1.0;0.0;17
kirkstone-100K-64-bb;1762062.0;503.0;0.0;13
kirkstone-100K-64-bb;26839.0;0.0;0.0;13
kirkstone-100K-64-bb;241103.0;0.0;0.0;13
kirkstone-100K-64-bb;216.0;0.0;0.0;13
kirkstone-100K-64-bb;124282.0;27.0;0.0;12
kirkstone-100K-64-bb;7060.0;0.0;0.0;12
kirkstone-100K-64-bb;745135.0;132.0;0.0;11
kirkstone-100K-64-bb;7922.0;0.0;0.0;11
kirkstone-100K-64-bb;102441.0;239.0;57.0;46
kirkstone-100K-64-bb;1732.0;0.0;0.0;45
kirkstone-100K-64-bb;111955.0;142.0;0.0;61
kirkstone-100K-64-bb;5004.0;0.0;0.0;61
kirkstone-100K-64-bb;2872683.0;81.0;0.0;61
kirkstone-100K-64-bb;12447.0;0.0;0.0;60
kirkstone-100K-64-bb;201465.0;26.0;0.0;61
kirkstone-100K-64-bb;10678.0;0.0;0.0;59
kirkstone-100K-64-bb;110192.0;9.0;0.0;60
kirkstone-100K-64-bb;36517.0;1.0;0.0;58
kirkstone-100K-64-bb;575682.0;3.0;0.0;60
kirkstone-100K-64-bb;4116.0;0.0;0.0;60
kirkstone-100K-64-bb;325618.0;23.0;0.0;60
kirkstone-100K-64-bb;3239.0;0.0;0.0;59
kirkstone-100K-64-bb;104745.0;14.0;19.0;62
kirkstone-100K-64-bb;3961.0;0.0;0.0;58
kirkstone-100K-64-bb;103900.0;11.0;60.0;63
kirkstone-100K-64-bb;829.0;0.0;0.0;57
kirkstone-100K-64-bb;132993.0;21.0;31.0;63
kirkstone-100K-64-bb;8326.0;0.0;0.0;59
kirkstone-100K-64-bb;153364.0;9.0;0.0;62
kirkstone-100K-64-bb;11671.0;0.0;0.0;59
kirkstone-100K-64-bb;161762.0;42.0;35.0;62
kirkstone-100K-64-bb;621.0;0.0;0.0;60
kirkstone-100K-64-bb;114318.0;13.0;0.0;62
kirkstone-100K-64-bb;976.0;0.0;0.0;60
kirkstone-100K-64-bb;146670.0;121.0;57.0;59
kirkstone-100K-64-bb;518.0;0.0;0.0;56
kirkstone-100K-64-bb;127421.0;5.0;0.0;58
kirkstone-100K-64-bb;2038.0;0.0;0.0;55
kirkstone-100K-64-bb;103010.0;6.0;0.0;58
kirkstone-100K-64-bb;575.0;0.0;0.0;51
kirkstone-100K-64-bb;100405.0;71.0;0.0;56
kirkstone-100K-64-bb;322.0;0.0;0.0;49
kirkstone-100K-64-bb;160617.0;72.0;0.0;53
kirkstone-100K-64-bb;4023.0;6.0;0.0;53
kirkstone-100K-64-bb;108377.0;40.0;0.0;53
kirkstone-100K-64-bb;198.0;0.0;0.0;51
kirkstone-100K-64-bb;106394.0;41.0;0.0;31
kirkstone-100K-64-bb;1568.0;0.0;0.0;31
kirkstone-100K-64-bb;1574985.0;8.0;0.0;27
kirkstone-100K-64-bb;93865.0;2.0;0.0;27
kirkstone-100K-64-bb;3362098.0;279.0;0.0;26
kirkstone-100K-64-bb;1229.0;0.0;0.0;26
kirkstone-100K-64-bb;129554.0;62.0;0.0;28
kirkstone-100K-64-bb;1932.0;0.0;0.0;28
kirkstone-100K-64-bb;101335.0;2132.0;98.0;57
kirkstone-100K-64-bb;1211.0;0.0;0.0;57
kirkstone-100K-64-bb;230774.0;665.0;0.0;57
kirkstone-100K-64-bb;0.0;0.0;0.0;55
kirkstone-100K-64-bb;175643.0;12.0;0.0;57
kirkstone-100K-64-bb;3261.0;0.0;0.0;34
kirkstone-100K-64-bb;104517.0;0.0;0.0;42
kirkstone-100K-64-bb;1320.0;0.0;0.0;29
kirkstone-100K-64-bb;126487.0;0.0;0.0;32
kirkstone-100K-64-bb;524.0;0.0;0.0;25
kirkstone-100K-64-bb;212635.0;18.0;1.0;51
kirkstone-100K-64-bb;4203.0;0.0;0.0;51
kirkstone-100K-64-bb;103841.0;0.0;0.0;51
kirkstone-100K-64-bb;1211.0;0.0;0.0;37
kirkstone-100K-64-bb;110333.0;5.0;0.0;41
kirkstone-100K-64-bb;4376.0;1.0;0.0;26
kirkstone-100K-64-bb;231984.0;121.0;1.0;41
kirkstone-100K-64-bb;2841.0;0.0;0.0;41
kirkstone-100K-64-bb;153559.0;1.0;0.0;41
kirkstone-100K-64-bb;270.0;0.0;0.0;29
kirkstone-100K-64-bb;128636.0;81.0;1.0;26
kirkstone-100K-64-bb;564.0;0.0;0.0;24
kirkstone-100K-64-bb;1319798.0;887.0;0.0;22
kirkstone-100K-64-bb;7601.0;0.0;0.0;22
kirkstone-100K-64-bb;204736.0;2.0;0.0;22
kirkstone-100K-64-bb;10376.0;1.0;0.0;22
kirkstone-100K-64-bb;1916611.0;1226.0;0.0;22
kirkstone-100K-64-bb;4441.0;3.0;0.0;22
kirkstone-100K-64-bb;180654.0;19.0;0.0;22
kirkstone-100K-64-bb;3162.0;0.0;0.0;22
kirkstone-100K-64-bb;113880.0;1.0;0.0;22
kirkstone-100K-64-bb;8296.0;0.0;0.0;22
kirkstone-100K-64-bb;188147.0;33.0;0.0;22
kirkstone-100K-64-bb;1349.0;0.0;0.0;21
kirkstone-100K-64-bb;139782.0;75.0;0.0;21
kirkstone-100K-64-bb;6965.0;0.0;0.0;21
kirkstone-100K-64-bb;113999.0;4.0;0.0;23
kirkstone-100K-64-bb;2958.0;0.0;0.0;23
kirkstone-100K-64-bb;103793.0;8.0;0.0;23
kirkstone-100K-64-bb;714.0;0.0;0.0;23
kirkstone-100K-64-bb;170309.0;107.0;0.0;23
kirkstone-100K-64-bb;10297.0;0.0;0.0;23
kirkstone-100K-64-bb;106397.0;0.0;0.0;23
kirkstone-100K-64-bb;2012.0;0.0;0.0;23
kirkstone-100K-64-bb;116287.0;3059.0;0.0;25
kirkstone-100K-64-bb;459.0;0.0;0.0;25
kirkstone-100K-64-bb;160199.0;40.0;0.0;22
kirkstone-100K-64-bb;759.0;0.0;0.0;21
kirkstone-100K-64-bb;305260.0;137.0;0.0;20
kirkstone-100K-64-bb;24122.0;3.0;0.0;20
kirkstone-100K-64-bb;101667.0;1508.0;0.0;55
kirkstone-100K-64-bb;1066.0;0.0;0.0;54
kirkstone-100K-64-bb;121801.0;450.0;0.0;58
kirkstone-100K-64-bb;6892.0;0.0;0.0;58
kirkstone-100K-64-bb;118091.0;1.0;0.0;60
kirkstone-100K-64-bb;4132.0;0.0;0.0;59
kirkstone-100K-64-bb;194052.0;23.0;0.0;61
kirkstone-100K-64-bb;4493.0;0.0;0.0;58
kirkstone-100K-64-bb;201238.0;25.0;0.0;59
kirkstone-100K-64-bb;2731.0;0.0;0.0;57
kirkstone-100K-64-bb;118142.0;2.0;0.0;57
kirkstone-100K-64-bb;13046.0;0.0;0.0;51
kirkstone-100K-64-bb;110926.0;2.0;0.0;53
kirkstone-100K-64-bb;2270.0;0.0;0.0;38
kirkstone-100K-64-bb;147459.0;0.0;0.0;41
kirkstone-100K-64-bb;2470.0;1.0;0.0;34
kirkstone-100K-64-bb;114173.0;8.0;0.0;37
kirkstone-100K-64-bb;625.0;0.0;0.0;32
kirkstone-100K-64-bb;147939.0;6.0;0.0;46
kirkstone-100K-64-bb;9834.0;0.0;0.0;45
kirkstone-100K-64-bb;102772.0;0.0;0.0;45
kirkstone-100K-64-bb;61179.0;0.0;0.0;33
kirkstone-100K-64-bb;702104.0;0.0;0.0;31
kirkstone-100K-64-bb;2150.0;0.0;0.0;29
kirkstone-100K-64-bb;140087.0;0.0;0.0;29
kirkstone-100K-64-bb;238.0;59.0;0.0;27
kirkstone-100K-64-bb;105360.0;341.0;0.0;33
kirkstone-100K-64-bb;137.0;0.0;0.0;31
kirkstone-100K-64-bb;110395.0;0.0;0.0;54
kirkstone-100K-64-bb;4561.0;0.0;0.0;45
kirkstone-100K-64-bb;133345.0;0.0;0.0;45
kirkstone-100K-64-bb;23484.0;0.0;0.0;37
kirkstone-100K-64-bb;114272.0;0.0;0.0;40
kirkstone-100K-64-bb;754.0;0.0;0.0;35
kirkstone-100K-64-bb;100891.0;0.0;0.0;37
kirkstone-100K-64-bb;223.0;0.0;0.0;29
kirkstone-100K-64-bb;105861.0;3.0;0.0;36
kirkstone-100K-64-bb;379.0;0.0;0.0;31
kirkstone-100K-64-bb;104023.0;78.0;0.0;43
kirkstone-100K-64-bb;7580.0;0.0;0.0;39
kirkstone-100K-64-bb;123011.0;0.0;0.0;44
kirkstone-100K-64-bb;708.0;6.0;0.0;40
kirkstone-100K-64-bb;101808.0;25.0;0.0;43
kirkstone-100K-64-bb;690.0;0.0;0.0;38
kirkstone-100K-64-bb;145728.0;79.0;0.0;42
kirkstone-100K-64-bb;0.0;0.0;0.0;37
kirkstone-100K-64-bb;112180.0;39.0;0.0;38
kirkstone-100K-64-bb;1080.0;0.0;0.0;29
kirkstone-100K-64-bb;100475.0;1.0;0.0;32
kirkstone-100K-64-bb;833.0;0.0;0.0;25
kirkstone-100K-64-bb;103987.0;0.0;0.0;38
kirkstone-100K-64-bb;4045.0;0.0;0.0;31
kirkstone-100K-64-bb;102262.0;19.0;0.0;43
kirkstone-100K-64-bb;3946.0;0.0;0.0;42
kirkstone-100K-64-bb;129912.0;4.0;0.0;44
kirkstone-100K-64-bb;3501.0;0.0;0.0;35
kirkstone-100K-64-bb;118759.0;8.0;0.0;37
kirkstone-100K-64-bb;476.0;0.0;0.0;28
kirkstone-100K-64-bb;122143.0;0.0;0.0;37
kirkstone-100K-64-bb;3.0;0.0;0.0;30
kirkstone-100K-64-bb;102018.0;2.0;0.0;55
kirkstone-100K-64-bb;6886.0;2.0;0.0;53
kirkstone-100K-64-bb;342589.0;1272.0;829.0;51
kirkstone-100K-64-bb;1857.0;0.0;0.0;48
kirkstone-100K-64-bb;148615.0;181.0;0.0;51
kirkstone-100K-64-bb;2085.0;0.0;0.0;49
kirkstone-100K-64-bb;107869.0;1.0;0.0;53
kirkstone-100K-64-bb;4420.0;0.0;0.0;50
kirkstone-100K-64-bb;145461.0;0.0;0.0;52
kirkstone-100K-64-bb;1475.0;0.0;0.0;47
kirkstone-100K-64-bb;161994.0;0.0;0.0;50
kirkstone-100K-64-bb;18857.0;0.0;0.0;46
kirkstone-100K-64-bb;127016.0;1.0;0.0;45
kirkstone-100K-64-bb;0.0;0.0;0.0;34
kirkstone-100K-64-bb;136696.0;0.0;0.0;36
kirkstone-100K-64-bb;8231.0;0.0;0.0;35
kirkstone-100K-64-bb;110521.0;0.0;0.0;39
kirkstone-100K-64-bb;2814.0;0.0;0.0;35
kirkstone-100K-64-bb;108438.0;0.0;0.0;37
kirkstone-100K-64-bb;206.0;0.0;0.0;33
kirkstone-100K-64-bb;112078.0;0.0;0.0;39
kirkstone-100K-64-bb;1691.0;0.0;0.0;35
kirkstone-100K-64-bb;116190.0;0.0;0.0;38
kirkstone-100K-64-bb;1252.0;0.0;0.0;35
kirkstone-100K-64-bb;130199.0;0.0;0.0;38
kirkstone-100K-64-bb;6869.0;0.0;0.0;31
kirkstone-100K-64-bb;104344.0;9.0;0.0;33
kirkstone-100K-64-bb;20854.0;0.0;0.0;27
kirkstone-100K-64-bb;130593.0;2.0;0.0;31
kirkstone-100K-64-bb;408.0;0.0;0.0;28
kirkstone-100K-64-bb;108958.0;1.0;0.0;33
kirkstone-100K-64-bb;1344.0;0.0;0.0;26
kirkstone-100K-64-bb;110858.0;7.0;0.0;32
kirkstone-100K-64-bb;2493.0;0.0;0.0;30
kirkstone-100K-64-bb;101597.0;0.0;0.0;29
kirkstone-100K-64-bb;1019.0;0.0;0.0;25
kirkstone-100K-64-bb;109869.0;67.0;0.0;34
kirkstone-100K-64-bb;2462.0;0.0;0.0;34
kirkstone-100K-64-bb;114257.0;705.0;0.0;38
kirkstone-100K-64-bb;9161.0;0.0;0.0;30
kirkstone-100K-64-bb;109818.0;0.0;0.0;33
kirkstone-100K-64-bb;3276.0;0.0;0.0;29
kirkstone-100K-64-bb;107996.0;0.0;0.0;31
kirkstone-100K-64-bb;832.0;0.0;0.0;28
kirkstone-100K-64-bb;130833.0;0.0;0.0;31
kirkstone-100K-64-bb;8232.0;0.0;0.0;27
kirkstone-100K-64-bb;105483.0;4.0;0.0;30
kirkstone-100K-64-bb;3651.0;0.0;0.0;26
kirkstone-100K-64-bb;120248.0;0.0;0.0;28
kirkstone-100K-64-bb;3084.0;0.0;0.0;24
kirkstone-100K-64-bb;129786.0;0.0;0.0;29
kirkstone-100K-64-bb;8709.0;0.0;0.0;28
kirkstone-100K-64-bb;133992.0;0.0;0.0;32
kirkstone-100K-64-bb;9625.0;0.0;0.0;29
kirkstone-100K-64-bb;130529.0;0.0;0.0;31
kirkstone-100K-64-bb;32146.0;0.0;0.0;29
kirkstone-100K-64-bb;100258.0;3.0;0.0;30
kirkstone-100K-64-bb;4370.0;0.0;0.0;27
kirkstone-100K-64-bb;115959.0;0.0;0.0;29
kirkstone-100K-64-bb;871.0;0.0;0.0;27
kirkstone-100K-64-bb;124175.0;0.0;0.0;30
kirkstone-100K-64-bb;1167.0;0.0;0.0;29
kirkstone-100K-64-bb;122520.0;281.0;0.0;31
kirkstone-100K-64-bb;699.0;0.0;0.0;27
kirkstone-100K-64-bb;110790.0;6.0;0.0;29
kirkstone-100K-64-bb;23235.0;0.0;0.0;27
kirkstone-100K-64-bb;179939.0;0.0;0.0;29
kirkstone-100K-64-bb;13079.0;0.0;0.0;26
kirkstone-100K-64-bb;138308.0;0.0;0.0;28
kirkstone-100K-64-bb;11885.0;0.0;0.0;28
kirkstone-100K-64-bb;115895.0;106.0;0.0;30
kirkstone-100K-64-bb;2883.0;0.0;0.0;26
kirkstone-100K-64-bb;142764.0;0.0;0.0;27
kirkstone-100K-64-bb;1378.0;0.0;0.0;25
kirkstone-100K-64-bb;136819.0;0.0;0.0;28
kirkstone-100K-64-bb;1947.0;0.0;0.0;25
kirkstone-100K-64-bb;108974.0;0.0;0.0;28
kirkstone-100K-64-bb;1844.0;0.0;0.0;23
kirkstone-100K-64-bb;121473.0;0.0;0.0;26
kirkstone-100K-64-bb;3736.0;0.0;0.0;25
kirkstone-100K-64-bb;121965.0;0.0;0.0;27
kirkstone-100K-64-bb;1367.0;0.0;0.0;23
kirkstone-100K-64-bb;113854.0;0.0;0.0;25
kirkstone-100K-64-bb;3642.0;0.0;0.0;22
kirkstone-100K-64-bb;101506.0;0.0;0.0;25
kirkstone-100K-64-bb;5336.0;0.0;0.0;22
kirkstone-100K-64-bb;121877.0;0.0;0.0;26
kirkstone-100K-64-bb;1386.0;0.0;0.0;24
kirkstone-100K-64-bb;101833.0;0.0;0.0;26
kirkstone-100K-64-bb;20306.0;0.0;0.0;22
kirkstone-100K-64-bb;100797.0;2.0;0.0;24
kirkstone-100K-64-bb;4378.0;0.0;0.0;22
kirkstone-100K-64-bb;101026.0;0.0;0.0;24
kirkstone-100K-64-bb;27497.0;0.0;0.0;23
kirkstone-100K-64-bb;458570.0;1.0;0.0;23
kirkstone-100K-64-bb;2159.0;0.0;0.0;21
kirkstone-100K-64-bb;116026.0;0.0;0.0;22
kirkstone-100K-64-bb;5414.0;0.0;0.0;21
kirkstone-100K-64-bb;114431.0;0.0;0.0;25
kirkstone-100K-64-bb;532.0;0.0;0.0;24
kirkstone-100K-64-bb;107343.0;3.0;0.0;26
kirkstone-100K-64-bb;5073.0;0.0;0.0;23
kirkstone-100K-64-bb;120071.0;0.0;0.0;27
kirkstone-100K-64-bb;5825.0;0.0;0.0;25
kirkstone-100K-64-bb;118218.0;0.0;0.0;27
kirkstone-100K-64-bb;11712.0;0.0;0.0;25
kirkstone-100K-64-bb;124947.0;0.0;0.0;29
kirkstone-100K-64-bb;733.0;0.0;0.0;27
kirkstone-100K-64-bb;129792.0;1.0;0.0;31
kirkstone-100K-64-bb;16392.0;0.0;0.0;29
kirkstone-100K-64-bb;113615.0;2.0;0.0;30
kirkstone-100K-64-bb;2277.0;0.0;0.0;30
kirkstone-100K-64-bb;127250.0;2.0;0.0;33
kirkstone-100K-64-bb;2671.0;0.0;0.0;29
kirkstone-100K-64-bb;130488.0;1.0;0.0;33
kirkstone-100K-64-bb;1110.0;0.0;0.0;30
kirkstone-100K-64-bb;117397.0;4.0;0.0;31
kirkstone-100K-64-bb;8797.0;0.0;0.0;27
kirkstone-100K-64-bb;157225.0;5.0;0.0;29
kirkstone-100K-64-bb;3264.0;0.0;0.0;24
kirkstone-100K-64-bb;134634.0;0.0;0.0;26
kirkstone-100K-64-bb;769.0;0.0;0.0;23
kirkstone-100K-64-bb;149570.0;51.0;0.0;26
kirkstone-100K-64-bb;5256.0;0.0;0.0;22
kirkstone-100K-64-bb;110762.0;73.0;0.0;26
kirkstone-100K-64-bb;6807.0;0.0;0.0;24
kirkstone-100K-64-bb;117841.0;2.0;0.0;28
kirkstone-100K-64-bb;1980.0;0.0;0.0;28
kirkstone-100K-64-bb;109399.0;0.0;0.0;29
kirkstone-100K-64-bb;2300.0;0.0;0.0;28
kirkstone-100K-64-bb;134244.0;1.0;0.0;31
kirkstone-100K-64-bb;5056.0;0.0;0.0;26
kirkstone-100K-64-bb;111918.0;0.0;0.0;30
kirkstone-100K-64-bb;522.0;0.0;0.0;27
kirkstone-100K-64-bb;100054.0;0.0;0.0;30
kirkstone-100K-64-bb;1189.0;0.0;0.0;26
kirkstone-100K-64-bb;117717.0;67.0;0.0;29
kirkstone-100K-64-bb;7792.0;0.0;0.0;25
kirkstone-100K-64-bb;100133.0;0.0;0.0;29
kirkstone-100K-64-bb;14473.0;0.0;0.0;27
kirkstone-100K-64-bb;105242.0;1.0;0.0;33
kirkstone-100K-64-bb;1346.0;0.0;0.0;27
kirkstone-100K-64-bb;116284.0;0.0;0.0;33
kirkstone-100K-64-bb;1837.0;2.0;0.0;31
kirkstone-100K-64-bb;118821.0;5.0;0.0;33
kirkstone-100K-64-bb;3778.0;0.0;0.0;30
kirkstone-100K-64-bb;105414.0;1.0;0.0;35
kirkstone-100K-64-bb;1002.0;0.0;0.0;30
kirkstone-100K-64-bb;106173.0;14.0;0.0;35
kirkstone-100K-64-bb;2705.0;0.0;0.0;32
kirkstone-100K-64-bb;121548.0;4.0;0.0;35
kirkstone-100K-64-bb;1926.0;0.0;0.0;30
kirkstone-100K-64-bb;113789.0;4.0;0.0;35
kirkstone-100K-64-bb;5751.0;0.0;0.0;33
kirkstone-100K-64-bb;114917.0;5.0;1.0;35
kirkstone-100K-64-bb;1464.0;0.0;0.0;31
kirkstone-100K-64-bb;110771.0;1.0;0.0;36
kirkstone-100K-64-bb;0.0;0.0;0.0;34
kirkstone-100K-64-bb;103374.0;1.0;0.0;32
kirkstone-100K-64-bb;2664.0;0.0;0.0;24
kirkstone-100K-64-bb;111172.0;0.0;0.0;30
kirkstone-100K-64-bb;2449.0;5.0;0.0;30
kirkstone-100K-64-bb;102816.0;5.0;0.0;32
kirkstone-100K-64-bb;1551.0;0.0;0.0;21
kirkstone-100K-64-bb;107456.0;5.0;0.0;34
kirkstone-100K-64-bb;6.0;0.0;0.0;26
kirkstone-100K-64-bb;280638.0;26.0;0.0;39
kirkstone-100K-64-bb;2887.0;0.0;0.0;39
kirkstone-100K-64-bb;126699.0;7.0;0.0;41
kirkstone-100K-64-bb;5583.0;0.0;0.0;31
kirkstone-100K-64-bb;127640.0;0.0;0.0;36
kirkstone-100K-64-bb;330.0;0.0;0.0;23
kirkstone-100K-64-bb;170757.0;38.0;0.0;27
kirkstone-100K-64-bb;541.0;0.0;0.0;24
kirkstone-100K-64-bb;102465.0;0.0;0.0;35
kirkstone-100K-64-bb;3092.0;0.0;0.0;28
kirkstone-100K-64-bb;122470.0;0.0;0.0;30
kirkstone-100K-64-bb;870.0;0.0;0.0;27
kirkstone-100K-64-bb;106345.0;367.0;50.0;30
kirkstone-100K-64-bb;1499.0;0.0;0.0;26
kirkstone-100K-64-bb;106872.0;569.0;180.0;32
kirkstone-100K-64-bb;19.0;0.0;0.0;22
kirkstone-100K-64-bb;1418138.0;1.0;0.0;27
kirkstone-100K-64-bb;98838.0;0.0;0.0;27
kirkstone-100K-64-bb;496436.0;0.0;0.0;27
kirkstone-100K-64-bb;27830.0;0.0;0.0;27
kirkstone-100K-64-bb;157597.0;67.0;0.0;27
kirkstone-100K-64-bb;1639.0;1.0;0.0;26
kirkstone-100K-64-bb;102744.0;30.0;0.0;26
kirkstone-100K-64-bb;131.0;0.0;0.0;23
kirkstone-100K-64-bb;143137.0;69.0;0.0;26
kirkstone-100K-64-bb;9.0;0.0;0.0;21
kirkstone-100K-64-bb;124021.0;77.0;0.0;27
kirkstone-100K-64-bb;12379.0;0.0;0.0;26
kirkstone-100K-64-bb;129130.0;83.0;94.0;32
kirkstone-100K-64-bb;115.0;0.0;0.0;22
kirkstone-100K-64-bb;190979.0;412.0;25.0;28
kirkstone-100K-64-bb;521.0;0.0;0.0;28
kirkstone-100K-64-bb;144439.0;142.0;0.0;29
kirkstone-100K-64-bb;7889.0;0.0;0.0;29
kirkstone-100K-64-bb;102155.0;138.0;0.0;29
kirkstone-100K-64-bb;261.0;0.0;0.0;29
kirkstone-100K-64-bb;175014.0;8.0;0.0;29
kirkstone-100K-64-bb;150.0;0.0;0.0;29
kirkstone-100K-64-bb;105000.0;2.0;0.0;32
kirkstone-100K-64-bb;11585.0;0.0;0.0;32
kirkstone-100K-64-bb;141291.0;1.0;0.0;32
kirkstone-100K-64-bb;1604.0;0.0;0.0;32
kirkstone-100K-64-bb;172648.0;27.0;0.0;29
kirkstone-100K-64-bb;572.0;0.0;0.0;29
kirkstone-100K-64-bb;120127.0;138.0;0.0;28
kirkstone-100K-64-bb;555.0;0.0;0.0;28
kirkstone-100K-64-bb;100187.0;0.0;0.0;26
kirkstone-100K-64-bb;454.0;0.0;0.0;26
kirkstone-100K-64-bb;102259.0;2.0;0.0;25
kirkstone-100K-64-bb;812.0;0.0;0.0;25
kirkstone-100K-64-bb;112212.0;4.0;0.0;32
kirkstone-100K-64-bb;11.0;0.0;0.0;32
kirkstone-100K-64-bb;107952.0;10.0;0.0;29
kirkstone-100K-64-bb;339.0;0.0;0.0;28
kirkstone-100K-64-bb;160265.0;0.0;0.0;26
kirkstone-100K-64-bb;102.0;0.0;0.0;24
kirkstone-100K-64-bb;594091.0;133.0;0.0;29
kirkstone-100K-64-bb;11710.0;0.0;0.0;29
kirkstone-100K-64-bb;403488.0;2.0;0.0;27
kirkstone-100K-64-bb;2108.0;0.0;0.0;25
kirkstone-100K-64-bb;160935.0;0.0;0.0;24
kirkstone-100K-64-bb;117.0;0.0;0.0;18
kirkstone-100K-64-bb;142599.0;53.0;0.0;20
kirkstone-100K-64-bb;1059.0;0.0;0.0;20
kirkstone-100K-64-bb;131202.0;25.0;11.0;24
kirkstone-100K-64-bb;314.0;0.0;0.0;24
kirkstone-100K-64-bb;108223.0;148.0;0.0;23
kirkstone-100K-64-bb;72.0;0.0;0.0;23
kirkstone-100K-64-bb;212183.0;11.0;0.0;23
kirkstone-100K-64-bb;924.0;0.0;0.0;23
kirkstone-100K-64-bb;140391.0;68.0;2.0;23
kirkstone-100K-64-bb;201.0;0.0;0.0;23
kirkstone-100K-64-bb;104605.0;73.0;0.0;20
kirkstone-100K-64-bb;524.0;0.0;0.0;20
kirkstone-100K-64-bb;276293.0;6.0;0.0;21
kirkstone-100K-64-bb;336.0;0.0;0.0;21
kirkstone-100K-64-bb;102482.0;22.0;0.0;19
kirkstone-100K-64-bb;75.0;0.0;0.0;19
kirkstone-100K-64-bb;288862.0;117.0;0.0;19
kirkstone-100K-64-bb;423.0;0.0;0.0;19
kirkstone-100K-64-bb;158196.0;499.0;0.0;12
kirkstone-100K-64-bb;507.0;0.0;0.0;12
kirkstone-100K-64-bb;360351.0;941.0;0.0;12
kirkstone-100K-64-bb;40.0;0.0;0.0;12
kirkstone-100K-64-bb;16465904.0;5969.0;1352.0;12
kirkstone-100K-64-bb;13218.0;0.0;0.0;12
kirkstone-100K-64-bb;872686.0;1632.0;42.0;12
kirkstone-100K-64-bb;401.0;0.0;0.0;12
kirkstone-100K-64-bb;4898608.0;1531.0;0.0;11
kirkstone-100K-64-bb;285.0;0.0;0.0;11
kirkstone-100K-64-bb;222973.0;3.0;0.0;18
kirkstone-100K-64-bb;377.0;0.0;0.0;18
kirkstone-100K-64-bb;1986771.0;27.0;0.0;17
kirkstone-100K-64-bb;64556.0;0.0;0.0;17
kirkstone-100K-64-bb;3812511.0;2641.0;157595.0;17
kirkstone-100K-64-bb;7448.0;1.0;0.0;17
kirkstone-100K-64-bb;239582.0;1.0;0.0;17
kirkstone-100K-64-bb;22811.0;0.0;0.0;16
kirkstone-100K-64-bb;487199.0;155.0;187877.0;17
kirkstone-100K-64-bb;21446.0;0.0;150.0;17
kirkstone-100K-64-bb;328720.0;144.0;249119.0;17
kirkstone-100K-64-bb;10313.0;67.0;0.0;17
kirkstone-100K-64-bb;134080.0;3997.0;11438.0;16
kirkstone-100K-64-bb;146.0;343.0;0.0;16
kirkstone-100K-64-bb;1213157.0;98.0;0.0;20
kirkstone-100K-64-bb;8424.0;0.0;0.0;20
kirkstone-100K-64-bb;181418.0;1.0;0.0;21
kirkstone-100K-64-bb;15510.0;0.0;0.0;20
kirkstone-100K-64-bb;128155.0;0.0;0.0;21
kirkstone-100K-64-bb;6143.0;0.0;0.0;21
kirkstone-100K-64-bb;1735571.0;175.0;0.0;21
kirkstone-100K-64-bb;57484.0;0.0;0.0;21
kirkstone-100K-64-bb;252696.0;3.0;0.0;22
kirkstone-100K-64-bb;45001.0;1.0;0.0;21
kirkstone-100K-64-bb;129720.0;2.0;0.0;22
kirkstone-100K-64-bb;33396.0;1.0;0.0;22
kirkstone-100K-64-bb;820887.0;89.0;0.0;22
kirkstone-100K-64-bb;5966.0;0.0;0.0;22
kirkstone-100K-64-bb;1003352.0;67.0;0.0;21
kirkstone-100K-64-bb;2934.0;0.0;0.0;21
kirkstone-100K-64-bb;122002.0;68.0;0.0;22
kirkstone-100K-64-bb;3107.0;0.0;0.0;20
kirkstone-100K-64-bb;188738.0;0.0;0.0;22
kirkstone-100K-64-bb;3908.0;0.0;0.0;19
kirkstone-100K-64-bb;119595.0;71.0;0.0;20
kirkstone-100K-64-bb;1207.0;0.0;0.0;20
kirkstone-100K-64-bb;158801.0;3.0;0.0;21
kirkstone-100K-64-bb;1030.0;0.0;0.0;21
kirkstone-100K-64-bb;254370.0;1.0;0.0;22
kirkstone-100K-64-bb;4484.0;0.0;0.0;20
kirkstone-100K-64-bb;485238.0;85.0;0.0;21
kirkstone-100K-64-bb;23439.0;0.0;0.0;20
kirkstone-100K-64-bb;141151.0;69.0;0.0;21
kirkstone-100K-64-bb;857.0;0.0;0.0;20
kirkstone-100K-64-bb;108200.0;0.0;0.0;21
kirkstone-100K-64-bb;13795.0;0.0;0.0;18
kirkstone-100K-64-bb;117168.0;13.0;0.0;19
kirkstone-100K-64-bb;27412.0;0.0;0.0;18
kirkstone-100K-64-bb;179350.0;3.0;0.0;18
kirkstone-100K-64-bb;8.0;0.0;0.0;17
kirkstone-100K-64-bb;119598.0;130.0;0.0;21
kirkstone-100K-64-bb;114.0;0.0;0.0;21
kirkstone-100K-64-bb;11870369.0;1371.0;0.0;13
kirkstone-100K-64-bb;279.0;0.0;0.0;13
kirkstone-100K-64-bb;121638.0;1321.0;5.0;13
kirkstone-100K-64-bb;374.0;18.0;0.0;13
kirkstone-100K-64-bb;130631.0;1.0;0.0;13
kirkstone-100K-64-bb;8771.0;0.0;0.0;13
kirkstone-100K-64-bb;1503454.0;12.0;0.0;13
kirkstone-100K-64-bb;25994.0;0.0;0.0;13
kirkstone-100K-64-bb;1181559.0;171.0;0.0;13
kirkstone-100K-64-bb;11405.0;0.0;0.0;13
kirkstone-100K-64-bb;185038.0;22.0;0.0;13
kirkstone-100K-64-bb;23274.0;1.0;0.0;13
kirkstone-100K-64-bb;295883.0;3.0;0.0;13
kirkstone-100K-64-bb;7869.0;0.0;0.0;12
kirkstone-100K-64-bb;552239.0;0.0;0.0;11
kirkstone-100K-64-bb;11119.0;0.0;0.0;11
kirkstone-100K-64-bb;134402.0;0.0;0.0;15
kirkstone-100K-64-bb;521.0;0.0;0.0;15
kirkstone-100K-64-bb;840636.0;181.0;0.0;15
kirkstone-100K-64-bb;9891.0;0.0;0.0;15
kirkstone-100K-64-bb;1572105.0;30.0;0.0;14
kirkstone-100K-64-bb;47111.0;0.0;0.0;14
kirkstone-100K-64-bb;856514.0;6.0;0.0;14
kirkstone-100K-64-bb;11519.0;0.0;0.0;14
kirkstone-100K-64-bb;266763.0;56.0;0.0;15
kirkstone-100K-64-bb;1670.0;0.0;0.0;15
kirkstone-100K-64-bb;352703.0;5.0;1.0;14
kirkstone-100K-64-bb;1948.0;0.0;0.0;14
kirkstone-100K-64-bb;137146.0;1.0;0.0;15
kirkstone-100K-64-bb;311.0;0.0;0.0;15
kirkstone-100K-64-bb;106500.0;669.0;0.0;13
kirkstone-100K-64-bb;1388.0;0.0;0.0;13
kirkstone-100K-64-bb;404842.0;437.0;0.0;13
kirkstone-100K-64-bb;2229.0;0.0;0.0;13
kirkstone-100K-64-bb;109630.0;0.0;0.0;13
kirkstone-100K-64-bb;2182.0;0.0;0.0;13
kirkstone-100K-64-bb;1127194.0;355.0;10786.0;12
kirkstone-100K-64-bb;8365.0;0.0;492.0;12
kirkstone-100K-64-bb;392265.0;1.0;20899.0;12
kirkstone-100K-64-bb;18746.0;0.0;942.0;12
kirkstone-100K-64-bb;543376.0;701.0;1472.0;13
kirkstone-100K-64-bb;9506.0;0.0;225.0;13
kirkstone-100K-64-bb;638276.0;188.0;316112.0;12
kirkstone-100K-64-bb;14120.0;1.0;471.0;12
kirkstone-100K-64-bb;1253506.0;1174.0;5393.0;11
kirkstone-100K-64-bb;1401.0;0.0;0.0;11
kirkstone-100K-64-bb;433204.0;2881.0;0.0;11
kirkstone-100K-64-bb;10830.0;12.0;0.0;11
kirkstone-100K-64-bb;346051.0;583.0;0.0;11
kirkstone-100K-64-bb;2290.0;0.0;0.0;11
kirkstone-100K-64-bb;123341.0;312.0;0.0;15
kirkstone-100K-64-bb;8262.0;142.0;0.0;15
kirkstone-100K-64-bb;107603.0;1082.0;0.0;17
kirkstone-100K-64-bb;6854.0;0.0;0.0;16
kirkstone-100K-64-bb;130019.0;24.0;0.0;20
kirkstone-100K-64-bb;7027.0;0.0;0.0;17
kirkstone-100K-64-bb;101107.0;0.0;0.0;19
kirkstone-100K-64-bb;1685.0;0.0;0.0;18
kirkstone-100K-64-bb;111412.0;0.0;0.0;21
kirkstone-100K-64-bb;6406.0;0.0;0.0;21
kirkstone-100K-64-bb;123623.0;0.0;0.0;24
kirkstone-100K-64-bb;10185.0;0.0;0.0;23
kirkstone-100K-64-bb;3932417.0;292.0;0.0;21
kirkstone-100K-64-bb;11587.0;0.0;0.0;21
kirkstone-100K-64-bb;364316.0;0.0;0.0;21
kirkstone-100K-64-bb;3041.0;0.0;0.0;20
kirkstone-100K-64-bb;844514.0;68.0;0.0;21
kirkstone-100K-64-bb;5206.0;0.0;0.0;21
kirkstone-100K-64-bb;360012.0;65.0;0.0;20
kirkstone-100K-64-bb;5274.0;3.0;0.0;19
kirkstone-100K-64-bb;101307.0;12.0;0.0;20
kirkstone-100K-64-bb;4885.0;42.0;0.0;19
kirkstone-100K-64-bb;1020187.0;1096.0;0.0;18
kirkstone-100K-64-bb;5160.0;0.0;0.0;18
kirkstone-100K-64-bb;1359453.0;133.0;0.0;17
kirkstone-100K-64-bb;8923.0;0.0;0.0;17
kirkstone-100K-64-bb;3289221.0;1703.0;42.0;16
kirkstone-100K-64-bb;7897.0;0.0;0.0;16
kirkstone-100K-64-bb;1563326.0;196.0;0.0;14
kirkstone-100K-64-bb;3204.0;0.0;0.0;14
kirkstone-100K-64-bb;325905.0;0.0;0.0;14
kirkstone-100K-64-bb;4866.0;0.0;0.0;14
kirkstone-100K-64-bb;1637969.0;988.0;0.0;13
kirkstone-100K-64-bb;4815.0;88.0;0.0;13
kirkstone-100K-64-bb;2382216.0;3524.0;0.0;12
kirkstone-100K-64-bb;14466.0;15.0;0.0;12
kirkstone-100K-64-bb;2084415.0;4722.0;0.0;11
kirkstone-100K-64-bb;69884.0;0.0;0.0;11
kirkstone-100K-64-bb;5592568.0;3287.0;1950.0;10
kirkstone-100K-64-bb;69989.0;0.0;89.0;10
kirkstone-100K-64-bb;126723.0;1.0;479.0;12
kirkstone-100K-64-bb;1305.0;0.0;0.0;12
kirkstone-100K-64-bb;603572.0;6738.0;175.0;12
kirkstone-100K-64-bb;15455.0;141.0;0.0;12
kirkstone-100K-64-bb;766135.0;3810.0;0.0;12
kirkstone-100K-64-bb;32380.0;19.0;0.0;12
kirkstone-100K-64-bb;108679.0;368.0;0.0;12
kirkstone-100K-64-bb;1392.0;21.0;0.0;11
kirkstone-100K-64-bb;892901.0;2003.0;0.0;12
kirkstone-100K-64-bb;75326.0;106.0;0.0;12
kirkstone-100K-64-bb;175970.0;146.0;0.0;12
kirkstone-100K-64-bb;7559.0;3.0;0.0;12
kirkstone-100K-64-bb;112886.0;534.0;0.0;12
kirkstone-100K-64-bb;21973.0;0.0;0.0;12
kirkstone-100K-64-bb;1055124.0;391.0;0.0;12
kirkstone-100K-64-bb;45947.0;172.0;0.0;12
kirkstone-100K-64-bb;2469770.0;4537.0;0.0;11
kirkstone-100K-64-bb;35837.0;0.0;0.0;11
kirkstone-100K-64-bb;260469.0;0.0;0.0;11
kirkstone-100K-64-bb;5196.0;0.0;0.0;11
kirkstone-100K-64-bb;28087807.0;2151.0;0.0;10
kirkstone-100K-64-bb;25959.0;0.0;0.0;10
kirkstone-100K-64-bb;9683286.0;3241.0;0.0;9
kirkstone-100K-64-bb;4998.0;65.0;0.0;9
kirkstone-100K-64-bb;1164260.0;205.0;0.0;9
kirkstone-100K-64-bb;5468.0;0.0;0.0;9
kirkstone-100K-64-bb;180602.0;0.0;0.0;9
kirkstone-100K-64-bb;977.0;0.0;0.0;8
kirkstone-100K-64-bb;834208.0;0.0;0.0;10
kirkstone-100K-64-bb;31288.0;0.0;0.0;10
kirkstone-100K-64-bb;509449.0;87.0;0.0;10
kirkstone-100K-64-bb;39543.0;0.0;0.0;10
kirkstone-100K-64-bb;396086.0;0.0;0.0;10
kirkstone-100K-64-bb;27032.0;0.0;0.0;10
kirkstone-100K-64-bb;499330.0;71.0;0.0;10
kirkstone-100K-64-bb;4334.0;0.0;0.0;10
kirkstone-100K-64-bb;1600497.0;2.0;0.0;10
kirkstone-100K-64-bb;36869.0;0.0;0.0;10
kirkstone-100K-64-bb;10183678.0;345.0;0.0;9
kirkstone-100K-64-bb;36763.0;0.0;0.0;9
kirkstone-100K-64-bb;380013.0;0.0;0.0;9
kirkstone-100K-64-bb;1804.0;0.0;0.0;9
kirkstone-100K-64-bb;8406466.0;93.0;0.0;9
kirkstone-100K-64-bb;34807.0;0.0;0.0;9
kirkstone-100K-64-bb;3920966.0;0.0;0.0;9
kirkstone-100K-64-bb;51488.0;0.0;0.0;9
kirkstone-100K-64-bb;224297.0;0.0;0.0;11
kirkstone-100K-64-bb;26989.0;0.0;0.0;11
kirkstone-100K-64-bb;138299.0;0.0;0.0;12
kirkstone-100K-64-bb;1426.0;0.0;0.0;12
kirkstone-100K-64-bb;118711.0;1.0;0.0;15
kirkstone-100K-64-bb;13823.0;0.0;0.0;15
kirkstone-100K-64-bb;8393631.0;176.0;0.0;13
kirkstone-100K-64-bb;9654.0;0.0;0.0;13
kirkstone-100K-64-bb;183291.0;0.0;0.0;13
kirkstone-100K-64-bb;3406.0;0.0;0.0;13
kirkstone-100K-64-bb;2750342.0;361.0;0.0;10
kirkstone-100K-64-bb;4265.0;0.0;0.0;10
kirkstone-100K-64-bb;404335.0;0.0;0.0;10
kirkstone-100K-64-bb;4198.0;0.0;0.0;10
kirkstone-100K-64-bb;924061.0;15.0;0.0;11
kirkstone-100K-64-bb;2414.0;0.0;0.0;11
kirkstone-100K-64-bb;260835.0;67.0;0.0;11
kirkstone-100K-64-bb;7069.0;0.0;0.0;11
kirkstone-100K-64-bb;240701.0;66.0;0.0;11
kirkstone-100K-64-bb;993.0;0.0;0.0;11
kirkstone-100K-64-bb;123994.0;78.0;226.0;15
kirkstone-100K-64-bb;4083.0;0.0;0.0;15
kirkstone-100K-64-bb;314032.0;18.0;29.0;15
kirkstone-100K-64-bb;1357.0;0.0;0.0;15
kirkstone-100K-64-bb;125195.0;4.0;0.0;15
kirkstone-100K-64-bb;960.0;0.0;0.0;14
kirkstone-100K-64-bb;277570.0;525.0;0.0;15
kirkstone-100K-64-bb;2179.0;0.0;0.0;15
kirkstone-100K-64-bb;372318.0;252.0;112.0;18
kirkstone-100K-64-bb;2975.0;0.0;0.0;18
kirkstone-100K-64-bb;112002.0;68.0;0.0;18
kirkstone-100K-64-bb;1763.0;0.0;0.0;16
kirkstone-100K-64-bb;327745.0;165.0;0.0;18
kirkstone-100K-64-bb;2834.0;0.0;0.0;17
kirkstone-100K-64-bb;139038.0;16.0;0.0;18
kirkstone-100K-64-bb;2920.0;0.0;0.0;17
kirkstone-100K-64-bb;1008457.0;182.0;0.0;17
kirkstone-100K-64-bb;2335.0;0.0;0.0;17
kirkstone-100K-64-bb;897920.0;215.0;30.0;17
kirkstone-100K-64-bb;3803.0;0.0;0.0;17
kirkstone-100K-64-bb;1261425.0;2.0;0.0;17
kirkstone-100K-64-bb;17745.0;0.0;0.0;16
kirkstone-100K-64-bb;1774446.0;1004.0;0.0;17
kirkstone-100K-64-bb;10057.0;0.0;0.0;17
kirkstone-100K-64-bb;804558.0;1146.0;0.0;17
kirkstone-100K-64-bb;10593.0;101.0;0.0;17
kirkstone-100K-64-bb;737853.0;3822.0;0.0;17
kirkstone-100K-64-bb;8611.0;35.0;0.0;17
kirkstone-100K-64-bb;13454233.0;5286.0;93913.0;16
kirkstone-100K-64-bb;47805.0;0.0;0.0;16
kirkstone-100K-64-bb;906426.0;66.0;0.0;16
kirkstone-100K-64-bb;37758.0;0.0;0.0;16
kirkstone-100K-64-bb;512699.0;99.0;0.0;16
kirkstone-100K-64-bb;9314.0;0.0;0.0;16
kirkstone-100K-64-bb;2192248.0;1406.0;0.0;16
kirkstone-100K-64-bb;16183.0;0.0;0.0;16
kirkstone-100K-64-bb;138596.0;0.0;0.0;17
kirkstone-100K-64-bb;23667.0;0.0;0.0;17
kirkstone-100K-64-bb;205733.0;0.0;0.0;19
kirkstone-100K-64-bb;76384.0;64.0;0.0;19
kirkstone-100K-64-bb;140540.0;64.0;0.0;20
kirkstone-100K-64-bb;3776.0;0.0;0.0;20
kirkstone-100K-64-bb;108377.0;0.0;0.0;21
kirkstone-100K-64-bb;3041.0;0.0;0.0;20
kirkstone-100K-64-bb;104621.0;0.0;0.0;21
kirkstone-100K-64-bb;7057.0;0.0;0.0;21
kirkstone-100K-64-bb;1355163.0;0.0;0.0;21
kirkstone-100K-64-bb;12514.0;0.0;0.0;21
kirkstone-100K-64-bb;2623788.0;70.0;0.0;20
kirkstone-100K-64-bb;28288.0;0.0;0.0;20
kirkstone-100K-64-bb;1217307.0;0.0;0.0;20
kirkstone-100K-64-bb;8361.0;0.0;0.0;20
kirkstone-100K-64-bb;116171.0;0.0;0.0;22
kirkstone-100K-64-bb;2905.0;0.0;0.0;20
kirkstone-100K-64-bb;621789.0;3.0;0.0;21
kirkstone-100K-64-bb;2644.0;0.0;0.0;21
kirkstone-100K-64-bb;1139831.0;0.0;0.0;20
kirkstone-100K-64-bb;22559.0;0.0;0.0;20
kirkstone-100K-64-bb;1782356.0;76.0;0.0;19
kirkstone-100K-64-bb;48137.0;0.0;0.0;19
kirkstone-100K-64-bb;861360.0;0.0;0.0;19
kirkstone-100K-64-bb;8858.0;0.0;0.0;19
kirkstone-100K-64-bb;2360356.0;2.0;0.0;18
kirkstone-100K-64-bb;70310.0;0.0;0.0;18
kirkstone-100K-64-bb;3787625.0;69.0;0.0;16
kirkstone-100K-64-bb;45492.0;0.0;0.0;16
kirkstone-100K-64-bb;1158074.0;0.0;0.0;16
kirkstone-100K-64-bb;25401.0;0.0;0.0;16
kirkstone-100K-64-bb;4755395.0;192.0;0.0;16
kirkstone-100K-64-bb;53797.0;0.0;0.0;16
kirkstone-100K-64-bb;821385.0;1.0;0.0;16
kirkstone-100K-64-bb;47338.0;0.0;0.0;16
kirkstone-100K-64-bb;1622921.0;0.0;0.0;16
kirkstone-100K-64-bb;63808.0;12.0;0.0;16
kirkstone-100K-64-bb;1970718.0;77.0;0.0;16
kirkstone-100K-64-bb;20657.0;0.0;0.0;16
kirkstone-100K-64-bb;269456.0;70.0;0.0;16
kirkstone-100K-64-bb;43682.0;0.0;0.0;16
kirkstone-100K-64-bb;101473.0;0.0;0.0;17
kirkstone-100K-64-bb;46915.0;0.0;0.0;17
kirkstone-100K-64-bb;254675.0;0.0;0.0;17
kirkstone-100K-64-bb;5416.0;0.0;0.0;17
kirkstone-100K-64-bb;1737364.0;1.0;0.0;17
kirkstone-100K-64-bb;31120.0;0.0;0.0;17
kirkstone-100K-64-bb;715002.0;12.0;0.0;17
kirkstone-100K-64-bb;19300.0;0.0;0.0;17
kirkstone-100K-64-bb;155274.0;2.0;46.0;19
kirkstone-100K-64-bb;36031.0;0.0;0.0;18
kirkstone-100K-64-bb;101191.0;3.0;0.0;19
kirkstone-100K-64-bb;12726.0;0.0;0.0;19
kirkstone-100K-64-bb;153010.0;148.0;27.0;21
kirkstone-100K-64-bb;22676.0;0.0;0.0;17
kirkstone-100K-64-bb;131438.0;351.0;0.0;18
kirkstone-100K-64-bb;26733.0;0.0;0.0;18
kirkstone-100K-64-bb;144793.0;1.0;0.0;21
kirkstone-100K-64-bb;34945.0;0.0;0.0;19
kirkstone-100K-64-bb;159257.0;64.0;0.0;21
kirkstone-100K-64-bb;8398.0;0.0;0.0;18
kirkstone-100K-64-bb;105994.0;0.0;0.0;19
kirkstone-100K-64-bb;34317.0;0.0;0.0;18
kirkstone-100K-64-bb;109163.0;0.0;0.0;19
kirkstone-100K-64-bb;46890.0;0.0;0.0;19
kirkstone-100K-64-bb;112042.0;0.0;0.0;20
kirkstone-100K-64-bb;10858.0;0.0;0.0;19
kirkstone-100K-64-bb;151817.0;0.0;0.0;21
kirkstone-100K-64-bb;1343.0;11.0;0.0;21
kirkstone-100K-64-bb;152701.0;23.0;28.0;22
kirkstone-100K-64-bb;8456.0;0.0;0.0;21
kirkstone-100K-64-bb;687627.0;283.0;131.0;22
kirkstone-100K-64-bb;29548.0;4.0;0.0;21
kirkstone-100K-64-bb;281627.0;19.0;0.0;22
kirkstone-100K-64-bb;1433.0;0.0;0.0;21
kirkstone-100K-64-bb;125853.0;0.0;0.0;22
kirkstone-100K-64-bb;7947.0;0.0;0.0;21
kirkstone-100K-64-bb;111001.0;67.0;0.0;22
kirkstone-100K-64-bb;35563.0;0.0;0.0;20
kirkstone-100K-64-bb;104179.0;0.0;0.0;21
kirkstone-100K-64-bb;2361.0;0.0;0.0;21
kirkstone-100K-64-bb;606949.0;70.0;0.0;23
kirkstone-100K-64-bb;17457.0;39.0;0.0;23
kirkstone-100K-64-bb;792605.0;299.0;0.0;22
kirkstone-100K-64-bb;17552.0;0.0;0.0;22
kirkstone-100K-64-bb;258977.0;80.0;0.0;22
kirkstone-100K-64-bb;29337.0;0.0;0.0;21
kirkstone-100K-64-bb;821254.0;333.0;0.0;22
kirkstone-100K-64-bb;38172.0;0.0;0.0;21
kirkstone-100K-64-bb;452639.0;0.0;0.0;21
kirkstone-100K-64-bb;5090.0;0.0;0.0;21
kirkstone-100K-64-bb;585257.0;0.0;0.0;21
kirkstone-100K-64-bb;11746.0;0.0;0.0;21
kirkstone-100K-64-bb;925673.0;0.0;0.0;21
kirkstone-100K-64-bb;9792.0;0.0;0.0;21
kirkstone-100K-64-bb;326239.0;0.0;0.0;21
kirkstone-100K-64-bb;23842.0;0.0;0.0;19
kirkstone-100K-64-bb;893706.0;454.0;0.0;19
kirkstone-100K-64-bb;4015.0;0.0;0.0;19
kirkstone-100K-64-bb;104295.0;0.0;0.0;19
kirkstone-100K-64-bb;6450.0;0.0;0.0;18
kirkstone-100K-64-bb;111113.0;71.0;0.0;21
kirkstone-100K-64-bb;10463.0;0.0;0.0;20
kirkstone-100K-64-bb;654579.0;605.0;0.0;21
kirkstone-100K-64-bb;13878.0;0.0;0.0;21
kirkstone-100K-64-bb;1285347.0;403.0;0.0;18
kirkstone-100K-64-bb;14662.0;0.0;0.0;18
kirkstone-100K-64-bb;112522.0;0.0;0.0;18
kirkstone-100K-64-bb;10534.0;0.0;0.0;17
kirkstone-100K-64-bb;684293.0;3.0;0.0;18
kirkstone-100K-64-bb;26015.0;0.0;0.0;18
kirkstone-100K-64-bb;511888.0;0.0;0.0;19
kirkstone-100K-64-bb;3906.0;0.0;0.0;19
kirkstone-100K-64-bb;193627.0;66.0;0.0;20
kirkstone-100K-64-bb;6386.0;0.0;0.0;19
kirkstone-100K-64-bb;724044.0;135.0;0.0;19
kirkstone-100K-64-bb;8669.0;0.0;0.0;19
kirkstone-100K-64-bb;102898.0;0.0;0.0;19
kirkstone-100K-64-bb;0.0;0.0;0.0;18
kirkstone-100K-64-bb;1592161.0;1.0;0.0;17
kirkstone-100K-64-bb;2981.0;0.0;0.0;17
kirkstone-100K-64-bb;342235.0;66.0;91.0;17
kirkstone-100K-64-bb;4327.0;0.0;0.0;16
kirkstone-100K-64-bb;1205649.0;0.0;0.0;17
kirkstone-100K-64-bb;21685.0;0.0;0.0;17
kirkstone-100K-64-bb;158822.0;0.0;0.0;18
kirkstone-100K-64-bb;7531.0;0.0;0.0;18
kirkstone-100K-64-bb;587046.0;35.0;0.0;18
kirkstone-100K-64-bb;18961.0;0.0;0.0;18
kirkstone-100K-64-bb;1763740.0;131.0;0.0;17
kirkstone-100K-64-bb;61068.0;0.0;0.0;17
kirkstone-100K-64-bb;660013.0;0.0;0.0;17
kirkstone-100K-64-bb;11457.0;0.0;0.0;17
kirkstone-100K-64-bb;598201.0;288.0;0.0;17
kirkstone-100K-64-bb;2574.0;0.0;0.0;17
kirkstone-100K-64-bb;1609980.0;65.0;0.0;18
kirkstone-100K-64-bb;3854.0;0.0;0.0;18
kirkstone-100K-64-bb;384928.0;0.0;0.0;18
kirkstone-100K-64-bb;1844.0;0.0;0.0;18
kirkstone-100K-64-bb;761216.0;149.0;0.0;16
kirkstone-100K-64-bb;10712.0;0.0;0.0;16
kirkstone-100K-64-bb;769758.0;65.0;0.0;16
kirkstone-100K-64-bb;12210.0;0.0;0.0;16
kirkstone-100K-64-bb;289019.0;0.0;0.0;17
kirkstone-100K-64-bb;34178.0;0.0;0.0;17
kirkstone-100K-64-bb;811488.0;0.0;0.0;17
kirkstone-100K-64-bb;7173.0;0.0;0.0;17
kirkstone-100K-64-bb;870284.0;17.0;0.0;17
kirkstone-100K-64-bb;8610.0;0.0;0.0;17
kirkstone-100K-64-bb;941178.0;0.0;0.0;17
kirkstone-100K-64-bb;43473.0;0.0;0.0;17
kirkstone-100K-64-bb;342415.0;0.0;0.0;17
kirkstone-100K-64-bb;53342.0;0.0;0.0;15
kirkstone-100K-64-bb;126820.0;0.0;0.0;16
kirkstone-100K-64-bb;61863.0;0.0;0.0;16
kirkstone-100K-64-bb;180400.0;0.0;0.0;17
kirkstone-100K-64-bb;57186.0;0.0;0.0;16
kirkstone-100K-64-bb;127644.0;0.0;0.0;17
kirkstone-100K-64-bb;46973.0;0.0;0.0;17
kirkstone-100K-64-bb;134410.0;0.0;0.0;18
kirkstone-100K-64-bb;2287.0;0.0;0.0;18
kirkstone-100K-64-bb;1467692.0;65.0;0.0;16
kirkstone-100K-64-bb;34402.0;0.0;0.0;16
kirkstone-100K-64-bb;1053885.0;66.0;0.0;17
kirkstone-100K-64-bb;8035.0;0.0;0.0;17
kirkstone-100K-64-bb;1223288.0;66.0;0.0;16
kirkstone-100K-64-bb;2996.0;0.0;0.0;16
kirkstone-100K-64-bb;1892964.0;24.0;0.0;17
kirkstone-100K-64-bb;85019.0;0.0;0.0;17
kirkstone-100K-64-bb;486473.0;0.0;0.0;16
kirkstone-100K-64-bb;680.0;0.0;0.0;16
kirkstone-100K-64-bb;408078.0;0.0;0.0;16
kirkstone-100K-64-bb;2775.0;0.0;0.0;16
kirkstone-100K-64-bb;396523.0;0.0;0.0;17
kirkstone-100K-64-bb;4446.0;0.0;0.0;15
kirkstone-100K-64-bb;116767.0;0.0;0.0;17
kirkstone-100K-64-bb;9466.0;0.0;0.0;16
kirkstone-100K-64-bb;136120.0;66.0;0.0;17
kirkstone-100K-64-bb;37758.0;0.0;0.0;15
kirkstone-100K-64-bb;762125.0;284.0;0.0;13
kirkstone-100K-64-bb;6630.0;0.0;0.0;13
kirkstone-100K-64-bb;1019958.0;67.0;0.0;11
kirkstone-100K-64-bb;32861.0;0.0;0.0;11
kirkstone-100K-64-bb;1815921.0;56.0;0.0;11
kirkstone-100K-64-bb;14574.0;0.0;0.0;11
kirkstone-100K-64-bb;246907.0;1.0;0.0;11
kirkstone-100K-64-bb;28390.0;0.0;0.0;11
kirkstone-100K-64-bb;745530.0;0.0;0.0;11
kirkstone-100K-64-bb;38819.0;0.0;0.0;11
kirkstone-100K-64-bb;866564.0;0.0;0.0;12
kirkstone-100K-64-bb;24272.0;0.0;0.0;12
kirkstone-100K-64-bb;114974.0;0.0;0.0;12
kirkstone-100K-64-bb;28676.0;0.0;0.0;11
kirkstone-100K-64-bb;121995.0;65.0;0.0;13
kirkstone-100K-64-bb;23823.0;0.0;0.0;12
kirkstone-100K-64-bb;104198.0;0.0;0.0;14
kirkstone-100K-64-bb;28426.0;0.0;0.0;13
kirkstone-100K-64-bb;135700.0;68.0;0.0;13
kirkstone-100K-64-bb;18761.0;0.0;0.0;12
kirkstone-100K-64-bb;257097.0;0.0;0.0;13
kirkstone-100K-64-bb;1842.0;0.0;0.0;13
kirkstone-100K-64-bb;581288.0;27.0;41.0;13
kirkstone-100K-64-bb;19927.0;0.0;0.0;13
kirkstone-100K-64-bb;192726.0;3.0;0.0;13
kirkstone-100K-64-bb;20038.0;0.0;0.0;13
kirkstone-100K-64-bb;388633.0;14.0;0.0;13
kirkstone-100K-64-bb;3198.0;0.0;0.0;13
kirkstone-100K-64-bb;1386444.0;83.0;0.0;12
kirkstone-100K-64-bb;52540.0;0.0;0.0;12
kirkstone-100K-64-bb;1421176.0;2.0;0.0;13
kirkstone-100K-64-bb;23330.0;0.0;0.0;13
kirkstone-100K-64-bb;115977.0;65.0;65.0;15
kirkstone-100K-64-bb;510.0;0.0;0.0;15
kirkstone-100K-64-bb;122813.0;76.0;0.0;17
kirkstone-100K-64-bb;49454.0;0.0;0.0;16
kirkstone-100K-64-bb;102312.0;1.0;0.0;17
kirkstone-100K-64-bb;44424.0;0.0;0.0;16
kirkstone-100K-64-bb;141308.0;0.0;0.0;17
kirkstone-100K-64-bb;27875.0;0.0;0.0;16
kirkstone-100K-64-bb;117249.0;0.0;0.0;17
kirkstone-100K-64-bb;47793.0;1.0;0.0;17
kirkstone-100K-64-bb;146241.0;2.0;0.0;19
kirkstone-100K-64-bb;29544.0;0.0;0.0;18
kirkstone-100K-64-bb;108891.0;0.0;1.0;19
kirkstone-100K-64-bb;2220.0;0.0;0.0;18
kirkstone-100K-64-bb;116695.0;66.0;0.0;21
kirkstone-100K-64-bb;24855.0;0.0;0.0;19
kirkstone-100K-64-bb;101677.0;0.0;0.0;21
kirkstone-100K-64-bb;6531.0;0.0;0.0;21
kirkstone-100K-64-bb;153309.0;18.0;34.0;22
kirkstone-100K-64-bb;4310.0;0.0;0.0;21
kirkstone-100K-64-bb;279858.0;6.0;0.0;22
kirkstone-100K-64-bb;16787.0;0.0;0.0;20
kirkstone-100K-64-bb;137430.0;0.0;0.0;22
kirkstone-100K-64-bb;16471.0;0.0;0.0;22
kirkstone-100K-64-bb;845869.0;45.0;0.0;22
kirkstone-100K-64-bb;34129.0;0.0;0.0;22
kirkstone-100K-64-bb;130509.0;0.0;0.0;22
kirkstone-100K-64-bb;4368.0;2.0;0.0;22
kirkstone-100K-64-bb;1098892.0;204.0;0.0;21
kirkstone-100K-64-bb;8852.0;0.0;0.0;21
kirkstone-100K-64-bb;270712.0;8.0;0.0;21
kirkstone-100K-64-bb;6951.0;10.0;0.0;20
kirkstone-100K-64-bb;516443.0;68.0;0.0;21
kirkstone-100K-64-bb;4847.0;0.0;0.0;21
kirkstone-100K-64-bb;530976.0;0.0;0.0;21
kirkstone-100K-64-bb;11799.0;0.0;0.0;21
kirkstone-100K-64-bb;1441305.0;73.0;0.0;21
kirkstone-100K-64-bb;7034.0;0.0;0.0;21
kirkstone-100K-64-bb;368577.0;2.0;0.0;21
kirkstone-100K-64-bb;45323.0;0.0;0.0;21
kirkstone-100K-64-bb;192828.0;0.0;0.0;20
kirkstone-100K-64-bb;45985.0;0.0;0.0;20
kirkstone-100K-64-bb;832514.0;0.0;0.0;20
kirkstone-100K-64-bb;12087.0;0.0;0.0;20
kirkstone-100K-64-bb;810767.0;0.0;0.0;21
kirkstone-100K-64-bb;23765.0;0.0;0.0;21
kirkstone-100K-64-bb;474155.0;111.0;66.0;21
kirkstone-100K-64-bb;19494.0;0.0;0.0;21
kirkstone-100K-64-bb;1134851.0;19.0;3.0;21
kirkstone-100K-64-bb;15289.0;0.0;0.0;21
kirkstone-100K-64-bb;467596.0;0.0;0.0;21
kirkstone-100K-64-bb;10272.0;0.0;0.0;21
kirkstone-100K-64-bb;510221.0;133.0;0.0;21
kirkstone-100K-64-bb;46310.0;0.0;0.0;21
kirkstone-100K-64-bb;510100.0;0.0;0.0;21
kirkstone-100K-64-bb;9753.0;0.0;0.0;21
kirkstone-100K-64-bb;331357.0;0.0;0.0;21
kirkstone-100K-64-bb;1921.0;0.0;0.0;21
kirkstone-100K-64-bb;376572.0;0.0;0.0;21
kirkstone-100K-64-bb;1069.0;0.0;0.0;21
kirkstone-100K-64-bb;283025.0;0.0;0.0;21
kirkstone-100K-64-bb;3102.0;0.0;0.0;20
kirkstone-100K-64-bb;134781.0;0.0;0.0;22
kirkstone-100K-64-bb;864.0;0.0;0.0;22
kirkstone-100K-64-bb;789977.0;63.0;0.0;22
kirkstone-100K-64-bb;3189.0;0.0;0.0;22
kirkstone-100K-64-bb;140175.0;66.0;65.0;23
kirkstone-100K-64-bb;48105.0;69.0;0.0;22
kirkstone-100K-64-bb;108974.0;69.0;0.0;23
kirkstone-100K-64-bb;41281.0;1.0;0.0;21
kirkstone-100K-64-bb;181076.0;4.0;0.0;22
kirkstone-100K-64-bb;35662.0;0.0;0.0;20
kirkstone-100K-64-bb;154768.0;0.0;0.0;22
kirkstone-100K-64-bb;2096.0;0.0;0.0;21
kirkstone-100K-64-bb;141226.0;0.0;0.0;21
kirkstone-100K-64-bb;31048.0;0.0;0.0;21
kirkstone-100K-64-bb;1306399.0;133.0;0.0;21
kirkstone-100K-64-bb;16513.0;0.0;0.0;21
kirkstone-100K-64-bb;760785.0;79.0;84.0;21
kirkstone-100K-64-bb;8099.0;0.0;0.0;21
kirkstone-100K-64-bb;311211.0;3.0;0.0;21
kirkstone-100K-64-bb;60746.0;5.0;0.0;21
kirkstone-100K-64-bb;401491.0;5.0;0.0;21
kirkstone-100K-64-bb;19113.0;0.0;0.0;21
kirkstone-100K-64-bb;1001257.0;157.0;0.0;20
kirkstone-100K-64-bb;3136.0;0.0;0.0;20
kirkstone-100K-64-bb;364187.0;0.0;0.0;20
kirkstone-100K-64-bb;41419.0;0.0;0.0;20
kirkstone-100K-64-bb;729891.0;3.0;0.0;20
kirkstone-100K-64-bb;33841.0;0.0;0.0;20
kirkstone-100K-64-bb;194475.0;0.0;0.0;20
kirkstone-100K-64-bb;31849.0;0.0;0.0;20
kirkstone-100K-64-bb;197621.0;0.0;0.0;20
kirkstone-100K-64-bb;3006.0;0.0;0.0;20
kirkstone-100K-64-bb;510516.0;82.0;0.0;20
kirkstone-100K-64-bb;9717.0;0.0;0.0;20
kirkstone-100K-64-bb;482224.0;404.0;0.0;19
kirkstone-100K-64-bb;3142.0;0.0;0.0;19
kirkstone-100K-64-bb;1520234.0;69.0;0.0;19
kirkstone-100K-64-bb;35243.0;0.0;0.0;19
kirkstone-100K-64-bb;129129.0;0.0;0.0;19
kirkstone-100K-64-bb;18587.0;48.0;0.0;19
kirkstone-100K-64-bb;214540.0;48.0;0.0;19
kirkstone-100K-64-bb;26899.0;0.0;0.0;19
kirkstone-100K-64-bb;116300.0;0.0;0.0;22
kirkstone-100K-64-bb;9205.0;0.0;0.0;22
kirkstone-100K-64-bb;111388.0;0.0;0.0;24
kirkstone-100K-64-bb;3534.0;0.0;0.0;24
kirkstone-100K-64-bb;125323.0;0.0;0.0;25
kirkstone-100K-64-bb;761.0;0.0;0.0;25
kirkstone-100K-64-bb;999845.0;2.0;0.0;27
kirkstone-100K-64-bb;2063.0;0.0;0.0;27
kirkstone-100K-64-bb;1373527.0;58.0;2.0;27
kirkstone-100K-64-bb;3621.0;0.0;0.0;27
kirkstone-100K-64-bb;105291.0;0.0;0.0;27
kirkstone-100K-64-bb;31637.0;0.0;0.0;26
kirkstone-100K-64-bb;167263.0;0.0;0.0;27
kirkstone-100K-64-bb;1592.0;0.0;0.0;25
kirkstone-100K-64-bb;212122.0;0.0;0.0;27
kirkstone-100K-64-bb;3899.0;0.0;0.0;25
kirkstone-100K-64-bb;133091.0;0.0;0.0;27
kirkstone-100K-64-bb;1628.0;0.0;0.0;25
kirkstone-100K-64-bb;131133.0;0.0;0.0;29
kirkstone-100K-64-bb;1594.0;0.0;0.0;29
kirkstone-100K-64-bb;659842.0;0.0;0.0;28
kirkstone-100K-64-bb;25475.0;0.0;0.0;28
kirkstone-100K-64-bb;103560.0;0.0;0.0;29
kirkstone-100K-64-bb;10058.0;0.0;0.0;26
kirkstone-100K-64-bb;839170.0;0.0;0.0;27
kirkstone-100K-64-bb;3398.0;0.0;0.0;27
kirkstone-100K-64-bb;146191.0;65.0;0.0;27
kirkstone-100K-64-bb;5598.0;0.0;0.0;22
kirkstone-100K-64-bb;133314.0;0.0;0.0;24
kirkstone-100K-64-bb;1106.0;0.0;0.0;24
kirkstone-100K-64-bb;108941.0;0.0;0.0;26
kirkstone-100K-64-bb;5565.0;0.0;0.0;24
kirkstone-100K-64-bb;405384.0;68.0;0.0;24
kirkstone-100K-64-bb;18246.0;0.0;0.0;24
kirkstone-100K-64-bb;105228.0;0.0;0.0;25
kirkstone-100K-64-bb;4308.0;0.0;0.0;24
kirkstone-100K-64-bb;592950.0;10.0;0.0;24
kirkstone-100K-64-bb;5318.0;0.0;0.0;24
kirkstone-100K-64-bb;170029.0;0.0;0.0;24
kirkstone-100K-64-bb;1588.0;0.0;0.0;24
kirkstone-100K-64-bb;143647.0;0.0;0.0;24
kirkstone-100K-64-bb;2653.0;0.0;0.0;24
kirkstone-100K-64-bb;394194.0;64.0;0.0;23
kirkstone-100K-64-bb;14456.0;0.0;0.0;22
kirkstone-100K-64-bb;515825.0;0.0;0.0;22
kirkstone-100K-64-bb;3983.0;0.0;0.0;22
kirkstone-100K-64-bb;1941962.0;0.0;0.0;22
kirkstone-100K-64-bb;26429.0;0.0;0.0;22
kirkstone-100K-64-bb;118025.0;0.0;0.0;23
kirkstone-100K-64-bb;41394.0;0.0;0.0;23
kirkstone-100K-64-bb;323623.0;50.0;0.0;23
kirkstone-100K-64-bb;4999.0;0.0;0.0;23
kirkstone-100K-64-bb;2182427.0;66.0;0.0;23
kirkstone-100K-64-bb;27564.0;0.0;0.0;23
kirkstone-100K-64-bb;1067186.0;3.0;0.0;23
kirkstone-100K-64-bb;45796.0;0.0;0.0;23
kirkstone-100K-64-bb;151179.0;0.0;0.0;24
kirkstone-100K-64-bb;10979.0;0.0;0.0;24
kirkstone-100K-64-bb;1882146.0;0.0;0.0;24
kirkstone-100K-64-bb;7525.0;0.0;0.0;24
kirkstone-100K-64-bb;2138356.0;65.0;0.0;23
kirkstone-100K-64-bb;15701.0;0.0;0.0;23
kirkstone-100K-64-bb;3549547.0;0.0;0.0;22
kirkstone-100K-64-bb;10920.0;0.0;0.0;22
kirkstone-100K-64-bb;2097630.0;72.0;0.0;22
kirkstone-100K-64-bb;29641.0;0.0;0.0;22
kirkstone-100K-64-bb;140336.0;0.0;0.0;22
kirkstone-100K-64-bb;35641.0;0.0;0.0;21
kirkstone-100K-64-bb;217623.0;0.0;0.0;22
kirkstone-100K-64-bb;39589.0;0.0;0.0;21
kirkstone-100K-64-bb;144931.0;0.0;0.0;23
kirkstone-100K-64-bb;7316.0;0.0;0.0;21
kirkstone-100K-64-bb;102542.0;64.0;0.0;22
kirkstone-100K-64-bb;2817.0;0.0;0.0;20
kirkstone-100K-64-bb;133589.0;0.0;0.0;22
kirkstone-100K-64-bb;1503.0;0.0;0.0;19
kirkstone-100K-64-bb;235310.0;0.0;0.0;21
kirkstone-100K-64-bb;5175.0;0.0;0.0;20
kirkstone-100K-64-bb;837201.0;175.0;0.0;18
kirkstone-100K-64-bb;6500.0;0.0;0.0;17
kirkstone-100K-64-bb;840079.0;92.0;0.0;17
kirkstone-100K-64-bb;865.0;0.0;0.0;17
kirkstone-100K-64-bb;130267.0;24.0;0.0;16
kirkstone-100K-64-bb;693.0;0.0;0.0;16
kirkstone-100K-64-bb;275839.0;0.0;0.0;18
kirkstone-100K-64-bb;1314.0;0.0;0.0;17
kirkstone-100K-64-bb;1571314.0;169.0;41.0;18
kirkstone-100K-64-bb;12727.0;0.0;0.0;18
kirkstone-100K-64-bb;502494.0;10.0;0.0;18
kirkstone-100K-64-bb;453.0;0.0;0.0;18
kirkstone-100K-64-bb;147461.0;8.0;0.0;19
kirkstone-100K-64-bb;4010.0;0.0;0.0;18
kirkstone-100K-64-bb;136247.0;1.0;0.0;19
kirkstone-100K-64-bb;25301.0;0.0;0.0;19
kirkstone-100K-64-bb;218397.0;0.0;0.0;19
kirkstone-100K-64-bb;45072.0;0.0;0.0;19
kirkstone-100K-64-bb;747372.0;527.0;0.0;18
kirkstone-100K-64-bb;24251.0;0.0;0.0;18
kirkstone-100K-64-bb;250755.0;50.0;8.0;18
kirkstone-100K-64-bb;8158.0;0.0;0.0;18
kirkstone-100K-64-bb;428005.0;7.0;0.0;19
kirkstone-100K-64-bb;1444.0;0.0;0.0;19
kirkstone-100K-64-bb;778464.0;80.0;0.0;19
kirkstone-100K-64-bb;6304.0;0.0;0.0;19
kirkstone-100K-64-bb;2374745.0;92.0;0.0;18
kirkstone-100K-64-bb;24190.0;0.0;0.0;18
kirkstone-100K-64-bb;1066332.0;0.0;0.0;18
kirkstone-100K-64-bb;40101.0;0.0;0.0;18
kirkstone-100K-64-bb;339992.0;0.0;0.0;18
kirkstone-100K-64-bb;5498.0;0.0;0.0;18
kirkstone-100K-64-bb;772961.0;66.0;0.0;19
kirkstone-100K-64-bb;7537.0;0.0;0.0;19
kirkstone-100K-64-bb;788401.0;0.0;0.0;18
kirkstone-100K-64-bb;3046.0;0.0;0.0;18
kirkstone-100K-64-bb;238266.0;0.0;0.0;18
kirkstone-100K-64-bb;10562.0;0.0;0.0;18
kirkstone-100K-64-bb;265148.0;0.0;0.0;18
kirkstone-100K-64-bb;3539.0;0.0;0.0;18
kirkstone-100K-64-bb;142495.0;0.0;0.0;19
kirkstone-100K-64-bb;1522.0;0.0;0.0;18
kirkstone-100K-64-bb;498560.0;0.0;0.0;18
kirkstone-100K-64-bb;2674.0;0.0;0.0;18
kirkstone-100K-64-bb;123378.0;0.0;0.0;20
kirkstone-100K-64-bb;7810.0;0.0;0.0;20
kirkstone-100K-64-bb;105532.0;77.0;0.0;21
kirkstone-100K-64-bb;2449.0;0.0;0.0;21
kirkstone-100K-64-bb;122341.0;0.0;0.0;21
kirkstone-100K-64-bb;1170.0;0.0;0.0;19
kirkstone-100K-64-bb;548406.0;0.0;0.0;19
kirkstone-100K-64-bb;3169.0;0.0;0.0;19
kirkstone-100K-64-bb;354916.0;0.0;0.0;19
kirkstone-100K-64-bb;18997.0;0.0;0.0;19
kirkstone-100K-64-bb;304428.0;0.0;0.0;19
kirkstone-100K-64-bb;12155.0;0.0;0.0;18
kirkstone-100K-64-bb;465033.0;6.0;0.0;17
kirkstone-100K-64-bb;12278.0;0.0;0.0;16
kirkstone-100K-64-bb;597314.0;0.0;0.0;15
kirkstone-100K-64-bb;43814.0;0.0;0.0;15
kirkstone-100K-64-bb;122063.0;0.0;0.0;16
kirkstone-100K-64-bb;42503.0;0.0;0.0;16
kirkstone-100K-64-bb;1885645.0;56.0;0.0;15
kirkstone-100K-64-bb;29065.0;0.0;0.0;15
kirkstone-100K-64-bb;513502.0;0.0;0.0;15
kirkstone-100K-64-bb;8422.0;68.0;0.0;15
kirkstone-100K-64-bb;1334810.0;96.0;0.0;14
kirkstone-100K-64-bb;19870.0;0.0;0.0;14
kirkstone-100K-64-bb;1242016.0;0.0;0.0;15
kirkstone-100K-64-bb;43807.0;0.0;0.0;15
kirkstone-100K-64-bb;624529.0;132.0;90.0;15
kirkstone-100K-64-bb;8304.0;0.0;0.0;15
kirkstone-100K-64-bb;169180.0;64.0;0.0;15
kirkstone-100K-64-bb;15580.0;0.0;0.0;14
kirkstone-100K-64-bb;386287.0;2.0;0.0;14
kirkstone-100K-64-bb;5351.0;69.0;0.0;14
kirkstone-100K-64-bb;439678.0;69.0;0.0;13
kirkstone-100K-64-bb;27454.0;0.0;0.0;13
kirkstone-100K-64-bb;1443444.0;59.0;0.0;13
kirkstone-100K-64-bb;26659.0;0.0;0.0;13
kirkstone-100K-64-bb;1075260.0;65.0;0.0;12
kirkstone-100K-64-bb;8468.0;0.0;0.0;12
kirkstone-100K-64-bb;435388.0;0.0;0.0;12
kirkstone-100K-64-bb;5425.0;0.0;0.0;12
kirkstone-100K-64-bb;326608.0;66.0;0.0;13
kirkstone-100K-64-bb;7829.0;0.0;0.0;13
kirkstone-100K-64-bb;205284.0;0.0;0.0;11
kirkstone-100K-64-bb;808.0;0.0;0.0;11
kirkstone-100K-64-bb;476646.0;0.0;0.0;11
kirkstone-100K-64-bb;4199.0;0.0;0.0;11
kirkstone-100K-64-bb;435343.0;2.0;0.0;12
kirkstone-100K-64-bb;1195.0;0.0;0.0;12
kirkstone-100K-64-bb;272922.0;0.0;0.0;11
kirkstone-100K-64-bb;1579.0;0.0;0.0;11
kirkstone-100K-64-bb;542624.0;1.0;0.0;14
kirkstone-100K-64-bb;29233.0;0.0;0.0;14
kirkstone-100K-64-bb;188194.0;32.0;0.0;12
kirkstone-100K-64-bb;2818.0;0.0;0.0;11
kirkstone-100K-64-bb;740095.0;189.0;0.0;10
kirkstone-100K-64-bb;363.0;0.0;0.0;10
kirkstone-100K-64-bb;109593.0;8.0;8.0;19
kirkstone-100K-64-bb;18.0;0.0;0.0;17
kirkstone-100K-64-bb;137398.0;8.0;0.0;17
kirkstone-100K-64-bb;3676.0;0.0;0.0;17
kirkstone-100K-64-bb;102067.0;10.0;0.0;17
kirkstone-100K-64-bb;384.0;0.0;0.0;17
kirkstone-100K-64-bb;145175.0;32.0;6.0;17
kirkstone-100K-64-bb;8713.0;0.0;0.0;17
kirkstone-100K-64-bb;211085.0;14.0;0.0;18
kirkstone-100K-64-bb;2230.0;0.0;0.0;18
kirkstone-100K-64-bb;156170.0;151.0;0.0;17
kirkstone-100K-64-bb;1920.0;0.0;0.0;17
kirkstone-100K-64-bb;156490.0;27.0;0.0;11
kirkstone-100K-64-bb;2966.0;0.0;0.0;11
kirkstone-100K-64-bb;161432.0;2.0;0.0;11
kirkstone-100K-64-bb;365.0;0.0;0.0;9
kirkstone-100K-64-bb;130742.0;76.0;0.0;10
kirkstone-100K-64-bb;474.0;0.0;0.0;10
kirkstone-100K-64-bb;1265851.0;130.0;0.0;8
kirkstone-100K-64-bb;417.0;0.0;0.0;8
kirkstone-100K-64-bb;1981918.0;1286.0;0.0;8
kirkstone-100K-64-bb;51774.0;3.0;0.0;8
kirkstone-100K-64-bb;473100.0;504.0;0.0;8
kirkstone-100K-64-bb;588.0;4.0;1.0;8
kirkstone-100K-64-bb;5513169.0;521.0;0.0;9
kirkstone-100K-64-bb;128.0;0.0;0.0;9
kirkstone-100K-64-bb;2534624.0;163.0;0.0;9
kirkstone-100K-64-bb;31.0;0.0;0.0;9
kirkstone-100K-64-bb;186376.0;123.0;0.0;7
kirkstone-100K-64-bb;306.0;0.0;0.0;7
kirkstone-100K-64-bb;171517.0;2.0;0.0;7
kirkstone-100K-64-bb;6197.0;0.0;0.0;7
kirkstone-100K-64-bb;100605.0;0.0;0.0;9
kirkstone-100K-64-bb;7769.0;0.0;0.0;9
kirkstone-100K-64-bb;105716.0;0.0;0.0;10
kirkstone-100K-64-bb;10051.0;0.0;0.0;9
kirkstone-100K-64-bb;121693.0;0.0;0.0;10
kirkstone-100K-64-bb;722.0;0.0;0.0;10
kirkstone-100K-64-bb;141424.0;0.0;0.0;11
kirkstone-100K-64-bb;1523.0;0.0;0.0;10
kirkstone-100K-64-bb;136671.0;0.0;0.0;11
kirkstone-100K-64-bb;1569.0;0.0;0.0;10
kirkstone-100K-64-bb;503730.0;3.0;1.0;10
kirkstone-100K-64-bb;229.0;0.0;0.0;10
kirkstone-100K-64-bb;164394.0;6.0;0.0;9
kirkstone-100K-64-bb;1620.0;0.0;0.0;9
kirkstone-100K-64-bb;277439.0;0.0;0.0;8
kirkstone-100K-64-bb;4049.0;0.0;0.0;8
kirkstone-100K-64-bb;133587.0;696.0;0.0;7
kirkstone-100K-64-bb;10.0;0.0;0.0;7
kirkstone-100K-64-bb;4424348.0;574.0;0.0;5
kirkstone-100K-64-bb;504.0;0.0;0.0;5
kirkstone-100K-64-bb;3222166.0;255.0;0.0;4
kirkstone-100K-64-bb;2127.0;0.0;0.0;4
kirkstone-100K-64-bb;6871963.0;3449.0;0.0;2
kirkstone-100K-64-bb;278.0;0.0;0.0;2
kirkstone-100K-64-bb;268854.0;1.0;0.0;2
kirkstone-100K-64-bb;3228.0;0.0;0.0;2
kirkstone-100K-64-bb;1546328.0;32.0;0.0;2
kirkstone-100K-64-bb;103.0;0.0;0.0;2
kirkstone-100K-64-bb;226646.0;5.0;0.0;2
kirkstone-100K-64-bb;488.0;0.0;0.0;2
kirkstone-100K-64-bb;374905.0;30.0;0.0;3
kirkstone-100K-64-bb;13725.0;0.0;0.0;3
kirkstone-100K-64-bb;165763.0;71.0;55.0;6
kirkstone-100K-64-bb;684.0;0.0;0.0;6
kirkstone-100K-64-bb;102386.0;9.0;0.0;6
kirkstone-100K-64-bb;2985.0;0.0;0.0;6
kirkstone-100K-64-bb;248027.0;283.0;0.0;6
kirkstone-100K-64-bb;1141.0;0.0;0.0;6
kirkstone-100K-64-bb;483134.0;36.0;0.0;6
kirkstone-100K-64-bb;273.0;0.0;0.0;6
kirkstone-100K-64-bb;768853.0;143.0;0.0;8
kirkstone-100K-64-bb;4401.0;0.0;0.0;8
kirkstone-100K-64-bb;347353.0;9.0;0.0;8
kirkstone-100K-64-bb;956.0;0.0;0.0;8
kirkstone-100K-64-bb;221323.0;0.0;0.0;7
kirkstone-100K-64-bb;21358.0;0.0;0.0;6
kirkstone-100K-64-bb;491777.0;51.0;0.0;6
kirkstone-100K-64-bb;4599.0;0.0;0.0;6
kirkstone-100K-64-bb;434347.0;0.0;0.0;7
kirkstone-100K-64-bb;18943.0;0.0;0.0;7
kirkstone-100K-64-bb;173307.0;155.0;0.0;7
kirkstone-100K-64-bb;21438.0;2.0;0.0;7
kirkstone-100K-64-bb;333056.0;5.0;0.0;8
kirkstone-100K-64-bb;15588.0;2.0;0.0;8
kirkstone-100K-64-bb;726831.0;73.0;0.0;6
kirkstone-100K-64-bb;7317.0;0.0;0.0;6
kirkstone-100K-64-bb;1333763.0;0.0;0.0;6
kirkstone-100K-64-bb;16022.0;0.0;0.0;6
kirkstone-100K-64-bb;367957.0;0.0;0.0;6
kirkstone-100K-64-bb;1327.0;25.0;0.0;6
kirkstone-100K-64-bb;1525039.0;2.0;0.0;4
kirkstone-100K-64-bb;7887.0;0.0;0.0;4
kirkstone-100K-64-bb;147238.0;0.0;0.0;5
kirkstone-100K-64-bb;1103.0;0.0;0.0;5
kirkstone-100K-64-bb;291512.0;89.0;0.0;13
kirkstone-100K-64-bb;4918.0;0.0;0.0;13
kirkstone-100K-64-bb;589484.0;0.0;0.0;13
kirkstone-100K-64-bb;1811.0;0.0;0.0;13
kirkstone-100K-64-bb;204770.0;64.0;0.0;13
kirkstone-100K-64-bb;804.0;0.0;0.0;12
kirkstone-100K-64-bb;531484.0;113.0;0.0;11
kirkstone-100K-64-bb;7587.0;0.0;0.0;11
kirkstone-100K-64-bb;310754.0;0.0;0.0;11
kirkstone-100K-64-bb;5879.0;0.0;0.0;11
kirkstone-100K-64-bb;598643.0;24.0;0.0;11
kirkstone-100K-64-bb;5231.0;0.0;0.0;11
kirkstone-100K-64-bb;126954.0;71.0;188.0;14
kirkstone-100K-64-bb;1837.0;0.0;0.0;13
kirkstone-100K-64-bb;275492.0;10.0;46.0;14
kirkstone-100K-64-bb;533.0;0.0;0.0;13
kirkstone-100K-64-bb;197632.0;1.0;0.0;14
kirkstone-100K-64-bb;8685.0;0.0;0.0;13
kirkstone-100K-64-bb;1818935.0;201.0;0.0;13
kirkstone-100K-64-bb;6653.0;0.0;0.0;13
kirkstone-100K-64-bb;1034112.0;1.0;0.0;11
kirkstone-100K-64-bb;630.0;0.0;0.0;11
kirkstone-100K-64-bb;492697.0;216.0;0.0;10
kirkstone-100K-64-bb;2804.0;0.0;0.0;10
kirkstone-100K-64-bb;102498.0;69.0;0.0;10
kirkstone-100K-64-bb;10450.0;0.0;0.0;10
kirkstone-100K-64-bb;110842.0;25.0;0.0;10
kirkstone-100K-64-bb;1662.0;0.0;0.0;10
kirkstone-100K-64-bb;100291.0;7.0;0.0;12
kirkstone-100K-64-bb;382.0;0.0;0.0;12
kirkstone-100K-64-bb;106258.0;1.0;0.0;16
kirkstone-100K-64-bb;114.0;0.0;0.0;14
kirkstone-100K-64-bb;116219.0;79.0;0.0;11
kirkstone-100K-64-bb;485.0;0.0;0.0;8
kirkstone-100K-64-bb;288468.0;65.0;0.0;4
kirkstone-100K-64-bb;430.0;0.0;0.0;4
kirkstone-100K-64-bb;111919.0;0.0;0.0;3
kirkstone-100K-64-bb;4299.0;0.0;0.0;3
kirkstone-100K-64-bb;163197.0;206.0;65.0;4
kirkstone-100K-64-bb;767.0;0.0;0.0;4
kirkstone-100K-64-bb;206342.0;56.0;0.0;4
kirkstone-100K-64-bb;289.0;1.0;0.0;4
kirkstone-100K-64-bb;205082.0;1.0;0.0;4
kirkstone-100K-64-bb;14708.0;0.0;0.0;4
kirkstone-100K-64-bb;2407563.0;0.0;0.0;4
kirkstone-100K-64-bb;8047.0;0.0;0.0;4
kirkstone-100K-64-bb;110100.0;0.0;0.0;5
kirkstone-100K-64-bb;17617.0;0.0;0.0;5
kirkstone-100K-64-bb;543788.0;0.0;0.0;5
kirkstone-100K-64-bb;6615.0;0.0;0.0;5
kirkstone-100K-64-bb;754864.0;0.0;0.0;5
kirkstone-100K-64-bb;5550.0;0.0;0.0;5
kirkstone-100K-64-bb;274343.0;269.0;104.0;4
kirkstone-100K-64-bb;7376.0;2.0;0.0;4
kirkstone-100K-64-bb;171742.0;65.0;0.0;4
kirkstone-100K-64-bb;550.0;0.0;0.0;4
kirkstone-100K-64-bb;120758.0;0.0;0.0;3
kirkstone-100K-64-bb;4595.0;0.0;0.0;3
kirkstone-100K-64-bb;158344.0;198.0;0.0;3
kirkstone-100K-64-bb;4132.0;0.0;0.0;3
kirkstone-100K-64-bb;501598.0;67.0;0.0;3
kirkstone-100K-64-bb;4292.0;0.0;0.0;3
kirkstone-100K-64-bb;508067.0;532.0;0.0;3
kirkstone-100K-64-bb;10708.0;0.0;0.0;3
kirkstone-100K-64-bb;2265278.0;0.0;0.0;3
kirkstone-100K-64-bb;4152.0;0.0;0.0;3
kirkstone-100K-64-bb;145414.0;27.0;0.0;3
kirkstone-100K-64-bb;3667.0;0.0;0.0;3
kirkstone-100K-64-bb;137916.0;98.0;0.0;3
kirkstone-100K-64-bb;4530.0;0.0;0.0;3
kirkstone-100K-64-bb;406088.0;469.0;123.0;6
kirkstone-100K-64-bb;3508.0;0.0;0.0;6
kirkstone-100K-64-bb;324226.0;74.0;0.0;6
kirkstone-100K-64-bb;9195.0;0.0;0.0;6
kirkstone-100K-64-bb;269951.0;780.0;0.0;6
kirkstone-100K-64-bb;464.0;0.0;0.0;6
kirkstone-100K-64-bb;1015467.0;462.0;0.0;5
kirkstone-100K-64-bb;1271.0;0.0;0.0;5
kirkstone-100K-64-bb;494469.0;733.0;1.0;5
kirkstone-100K-64-bb;339.0;125.0;0.0;5
kirkstone-100K-64-bb;809864.0;448.0;0.0;6
kirkstone-100K-64-bb;550.0;0.0;0.0;6
kirkstone-100K-64-bb;231345.0;4.0;0.0;7
kirkstone-100K-64-bb;4177.0;0.0;0.0;7
kirkstone-100K-64-bb;3491912.0;368.0;0.0;7
kirkstone-100K-64-bb;2667.0;0.0;0.0;7
kirkstone-100K-64-bb;199188.0;15.0;0.0;6
kirkstone-100K-64-bb;7094.0;0.0;0.0;6
kirkstone-100K-64-bb;1093927.0;77.0;0.0;5
kirkstone-100K-64-bb;3882.0;0.0;0.0;5
kirkstone-100K-64-bb;1151707.0;192.0;0.0;4
kirkstone-100K-64-bb;108.0;0.0;0.0;4
kirkstone-100K-64-bb;402807.0;128.0;0.0;4
kirkstone-100K-64-bb;126.0;0.0;0.0;4
kirkstone-100K-64-bb;519803.0;49.0;1.0;3
kirkstone-100K-64-bb;434.0;0.0;0.0;3
kirkstone-100K-64-bb;130190.0;99.0;0.0;3
kirkstone-100K-64-bb;18349.0;0.0;0.0;3
kirkstone-100K-64-bb;239164.0;100.0;0.0;4
kirkstone-100K-64-bb;613.0;0.0;0.0;4
kirkstone-100K-64-bb;595270.0;365.0;64.0;4
kirkstone-100K-64-bb;395.0;0.0;0.0;4
kirkstone-100K-64-bb;338818.0;1676.0;0.0;3
kirkstone-100K-64-bb;11357.0;0.0;0.0;3
kirkstone-100K-64-bb;196833.0;15.0;0.0;3
kirkstone-100K-64-bb;10962.0;0.0;0.0;3
kirkstone-100K-64-bb;5890839.0;377.0;0.0;2
kirkstone-100K-64-bb;402.0;0.0;0.0;2
kirkstone-100K-64-bb;2983000.0;56.0;0.0;2
kirkstone-100K-64-bb;459.0;0.0;0.0;2
kirkstone-100K-64-bb;919198.0;1153.0;0.0;20
kirkstone-100K-64-bb;34661.0;34.0;0.0;20
kirkstone-100K-64-bb;128018.0;242.0;0.0;20
kirkstone-100K-64-bb;9.0;109.0;0.0;19
kirkstone-100K-64-bb;112682.0;187.0;0.0;20
kirkstone-100K-64-bb;2205.0;26.0;0.0;20
kirkstone-100K-64-bb;153628.0;187.0;0.0;19
kirkstone-100K-64-bb;772.0;0.0;0.0;19
kirkstone-100K-64-bb;1128165.0;1115.0;0.0;14
kirkstone-100K-64-bb;1805.0;0.0;0.0;14
kirkstone-100K-64-bb;466175.0;98.0;0.0;14
kirkstone-100K-64-bb;618.0;0.0;0.0;14
kirkstone-100K-64-bb;1840853.0;579.0;1.0;12
kirkstone-100K-64-bb;10325.0;0.0;0.0;12
kirkstone-100K-64-bb;821028.0;588.0;0.0;11
kirkstone-100K-64-bb;468.0;0.0;0.0;11
kirkstone-100K-64-bb;704361.0;132.0;1.0;12
kirkstone-100K-64-bb;784.0;0.0;0.0;12
kirkstone-100K-64-bb;102075.0;0.0;0.0;13
kirkstone-100K-64-bb;5500.0;0.0;0.0;13
kirkstone-100K-64-bb;266447.0;0.0;0.0;13
kirkstone-100K-64-bb;6265.0;0.0;0.0;13
kirkstone-100K-64-bb;1304795.0;70.0;0.0;12
kirkstone-100K-64-bb;298.0;0.0;0.0;12
kirkstone-100K-64-bb;443273.0;105.0;0.0;14
kirkstone-100K-64-bb;6711.0;0.0;0.0;14
kirkstone-100K-64-bb;457378.0;0.0;0.0;12
kirkstone-100K-64-bb;99.0;0.0;0.0;10
kirkstone-100K-64-bb;252161.0;118.0;0.0;12
kirkstone-100K-64-bb;5467.0;0.0;0.0;12
kirkstone-100K-64-bb;1410845.0;13.0;0.0;11
kirkstone-100K-64-bb;4666.0;0.0;0.0;11
kirkstone-100K-64-bb;497666.0;66.0;0.0;11
kirkstone-100K-64-bb;49935.0;0.0;0.0;11
kirkstone-100K-64-bb;746154.0;68.0;0.0;10
kirkstone-100K-64-bb;44232.0;0.0;0.0;10
kirkstone-100K-64-bb;128789.0;1.0;0.0;11
kirkstone-100K-64-bb;40472.0;0.0;0.0;11
kirkstone-100K-64-bb;140530.0;0.0;0.0;12
kirkstone-100K-64-bb;1424.0;0.0;0.0;12
kirkstone-100K-64-bb;1629007.0;117.0;0.0;11
kirkstone-100K-64-bb;11396.0;0.0;0.0;11
kirkstone-100K-64-bb;236788.0;0.0;0.0;11
kirkstone-100K-64-bb;41277.0;0.0;0.0;11
kirkstone-100K-64-bb;1803537.0;66.0;0.0;9
kirkstone-100K-64-bb;67799.0;0.0;0.0;9
kirkstone-100K-64-bb;932542.0;0.0;0.0;9
kirkstone-100K-64-bb;3650.0;0.0;0.0;9
kirkstone-100K-64-bb;1776011.0;1.0;0.0;8
kirkstone-100K-64-bb;11427.0;0.0;0.0;8
kirkstone-100K-64-bb;527246.0;0.0;0.0;8
kirkstone-100K-64-bb;31363.0;0.0;0.0;8
kirkstone-100K-64-bb;616108.0;326.0;0.0;6
kirkstone-100K-64-bb;972.0;0.0;0.0;6
kirkstone-100K-64-bb;2188333.0;4.0;0.0;6
kirkstone-100K-64-bb;12300.0;0.0;0.0;6
kirkstone-100K-64-bb;220958.0;65.0;0.0;6
kirkstone-100K-64-bb;12257.0;0.0;0.0;6
kirkstone-100K-64-bb;133434.0;0.0;0.0;9
kirkstone-100K-64-bb;447.0;0.0;0.0;9
kirkstone-100K-64-bb;731266.0;0.0;0.0;7
kirkstone-100K-64-bb;8087.0;0.0;0.0;7
kirkstone-100K-64-bb;422208.0;88.0;0.0;6
kirkstone-100K-64-bb;21731.0;0.0;0.0;6
kirkstone-100K-64-bb;1394965.0;82.0;0.0;5
kirkstone-100K-64-bb;6905.0;0.0;0.0;5
kirkstone-100K-64-bb;20440213.0;5153.0;0.0;4
kirkstone-100K-64-bb;38932.0;0.0;0.0;4
kirkstone-100K-64-bb;166371.0;0.0;0.0;5
kirkstone-100K-64-bb;89296.0;0.0;0.0;5
kirkstone-100K-64-bb;17549610.0;2293.0;1439.0;4
kirkstone-100K-64-bb;94317.0;0.0;0.0;4
kirkstone-100K-64-bb;2182152.0;0.0;0.0;4
kirkstone-100K-64-bb;82331.0;0.0;0.0;4
kirkstone-100K-64-bb;259371.0;0.0;0.0;5
kirkstone-100K-64-bb;11801.0;0.0;53.0;5
kirkstone-100K-64-bb;958539.0;0.0;3264.0;6
kirkstone-100K-64-bb;82710.0;0.0;0.0;6
kirkstone-100K-64-bb;294024.0;0.0;0.0;7
kirkstone-100K-64-bb;6066.0;0.0;0.0;7
kirkstone-100K-64-bb;21077434.0;5477.0;1219.0;5
kirkstone-100K-64-bb;83318.0;0.0;0.0;5
kirkstone-100K-64-bb;23689840.0;10541.0;281123.0;4
kirkstone-100K-64-bb;4503.0;0.0;0.0;4
kirkstone-100K-64-bb;61592622.0;75014.0;146975.0;3
kirkstone-100K-64-bb;21365.0;1.0;0.0;3
kirkstone-100K-64-bb;1689494.0;13172.0;14873.0;3
kirkstone-100K-64-bb;11377.0;280.0;0.0;3
kirkstone-100K-64-bb;2482586.0;6043.0;21.0;3
kirkstone-100K-64-bb;5589.0;0.0;0.0;3
kirkstone-100K-64-bb;341495.0;36.0;0.0;3
kirkstone-100K-64-bb;24933.0;0.0;0.0;3
kirkstone-100K-64-bb;7007666.0;9840.0;37750.0;3
kirkstone-100K-64-bb;2682.0;139.0;0.0;3
kirkstone-100K-64-bb;86628223.0;107624.0;29518.0;2
kirkstone-100K-64-bb;678.0;0.0;0.0;2
kirkstone-100K-64-bb;3973247.0;6760.0;805.0;2
kirkstone-100K-64-bb;3035.0;64.0;0.0;2
kirkstone-100K-64-bb;2954147.0;35762.0;892.0;3
kirkstone-100K-64-bb;503.0;0.0;0.0;3
kirkstone-100K-64-bb;2962364.0;8143.0;692.0;3
kirkstone-100K-64-bb;71182.0;1.0;0.0;3
kirkstone-100K-64-bb;8028881.0;494081.0;16259.0;3
kirkstone-100K-64-bb;11.0;487.0;0.0;3
kirkstone-100K-64-bb;138232.0;115931.0;35933.0;3
kirkstone-100K-64-bb;29209.0;1793.0;639.0;3
kirkstone-100K-64-bb;29462215.0;104749.0;33175.0;2
kirkstone-100K-64-bb;515.0;0.0;0.0;2
kirkstone-100K-64-bb;285300.0;633.0;0.0;2
kirkstone-100K-64-bb;810.0;0.0;0.0;2
kirkstone-100K-64-bb;115753.0;34951.0;1023.0;2
kirkstone-100K-64-bb;864.0;1.0;40.0;2
kirkstone-100K-64-bb;568754.0;1671.0;2580.0;2
kirkstone-100K-64-bb;417.0;0.0;0.0;2
kirkstone-100K-64-bb;793755.0;1176.0;2.0;4
kirkstone-100K-64-bb;12550.0;0.0;0.0;4
kirkstone-100K-64-bb;1466221.0;10000.0;1012.0;5
kirkstone-100K-64-bb;17957.0;7.0;0.0;5
kirkstone-100K-64-bb;599073.0;767.0;252.0;5
kirkstone-100K-64-bb;1962.0;0.0;0.0;5
kirkstone-100K-64-bb;531546.0;182.0;237.0;5
kirkstone-100K-64-bb;2778.0;2.0;0.0;5
kirkstone-100K-64-bb;247543.0;116.0;37.0;5
kirkstone-100K-64-bb;2541.0;0.0;0.0;5
kirkstone-100K-64-bb;8143701.0;10209.0;524.0;5
kirkstone-100K-64-bb;9177.0;0.0;0.0;5
kirkstone-100K-64-bb;3543172.0;6971.0;986.0;3
kirkstone-100K-64-bb;165.0;0.0;0.0;3
kirkstone-100K-64-bb;5468649.0;7032.0;1244.0;3
kirkstone-100K-64-bb;102.0;0.0;0.0;3
kirkstone-100K-64-bb;2440178.0;3464.0;1852.0;2
kirkstone-100K-64-bb;267.0;0.0;0.0;2
kirkstone-100K-64-bb;35458246.0;57812.0;20720.0;1
kirkstone-100K-64-bb;760.0;0.0;0.0;1
kirkstone-100K-64-bb;15203336.0;16494.0;3614.0;1
kirkstone-100K-64-bb;654.0;4.0;4.0;1
kirkstone-100K-64-bb;553457.0;4536.0;1055.0;1
kirkstone-100K-64-bb;134.0;0.0;0.0;1
kirkstone-100K-64-bb;206029.0;1991.0;785.0;1
kirkstone-100K-64-bb;1170.0;2.0;0.0;1
kirkstone-100K-64-bb;140165.0;333.0;358.0;2
kirkstone-100K-64-bb;257.0;0.0;0.0;2
kirkstone-100K-64-bb;151628.0;3657.0;0.0;7
kirkstone-100K-64-bb;9110.0;0.0;0.0;7
kirkstone-100K-64-bb;6882040.0;8895.0;702.0;7
kirkstone-100K-64-bb;13.0;0.0;0.0;7
kirkstone-100K-64-bb;4891014.0;719.0;441.0;8
kirkstone-100K-64-bb;282.0;0.0;0.0;8
kirkstone-100K-64-bb;7329392.0;1899.0;875.0;7
kirkstone-100K-64-bb;174.0;0.0;0.0;7
kirkstone-100K-64-bb;6792202.0;5913.0;474.0;5
kirkstone-100K-64-bb;63853.0;0.0;0.0;5
kirkstone-100K-64-bb;367818.0;115.0;0.0;5
kirkstone-100K-64-bb;150.0;151.0;0.0;5
kirkstone-100K-64-bb;4655447.0;6059.0;1134.0;5
kirkstone-100K-64-bb;234.0;0.0;0.0;5
kirkstone-100K-64-bb;4182263.0;7159.0;73.0;4
kirkstone-100K-64-bb;31.0;0.0;0.0;4
kirkstone-100K-64-bb;6030737.0;4837.0;798.0;4
kirkstone-100K-64-bb;348.0;0.0;0.0;4
kirkstone-100K-64-bb;299767.0;1200.0;153.0;3
kirkstone-100K-64-bb;658.0;0.0;0.0;3
kirkstone-100K-64-bb;370673.0;488.0;25.0;3
kirkstone-100K-64-bb;91.0;0.0;0.0;3
kirkstone-100K-64-bb;890527.0;2905.0;1108.0;3
kirkstone-100K-64-bb;1013.0;5.0;13.0;3
kirkstone-100K-64-bb;153666.0;261.0;439.0;3
kirkstone-100K-64-bb;967.0;0.0;0.0;3
kirkstone-100K-64-bb;660983.0;833.0;806.0;4
kirkstone-100K-64-bb;625.0;0.0;0.0;4
kirkstone-100K-64-bb;160182.0;238.0;245.0;3
kirkstone-100K-64-bb;7583.0;0.0;0.0;3
kirkstone-100K-64-bb;4335254.0;3589.0;1149.0;3
kirkstone-100K-64-bb;4037.0;0.0;0.0;3
kirkstone-100K-64-bb;773511.0;373.0;165.0;2
kirkstone-100K-64-bb;319.0;0.0;0.0;2
kirkstone-100K-64-bb;219723.0;1270.0;336.0;1
kirkstone-100K-64-bb;718.0;3.0;2.0;1
kirkstone-100K-64-bb;355211.0;3645.0;302.0;2
kirkstone-100K-64-bb;816.0;0.0;0.0;2
kirkstone-100K-64-bb;112739.0;21.0;0.0;2
kirkstone-100K-64-bb;1849.0;7.0;0.0;2
kirkstone-100K-64-bb;6222045.0;3741.0;254.0;2
kirkstone-100K-64-bb;234.0;0.0;0.0;2
kirkstone-100K-64-bb;7768940.0;8235.0;1100.0;1
kirkstone-100K-64-bb;839.0;0.0;0.0;1
kirkstone-100K-64-bb;186762.0;839.0;39.0;1
kirkstone-100K-64-bb;386.0;0.0;0.0;1
kirkstone-100K-64-bb;122336.0;174.0;6.0;2
kirkstone-100K-64-bb;328.0;0.0;0.0;2
kirkstone-100K-64-bb;448455.0;685.0;149.0;3
kirkstone-100K-64-bb;9584.0;0.0;0.0;3
kirkstone-100K-64-bb;602343.0;432.0;238.0;3
kirkstone-100K-64-bb;590.0;0.0;0.0;3
kirkstone-100K-64-bb;6034860.0;10161.0;43.0;3
kirkstone-100K-64-bb;7.0;0.0;0.0;3
kirkstone-100K-64-bb;330505.0;4106.0;69.0;3
kirkstone-100K-64-bb;1026.0;0.0;0.0;3
kirkstone-100K-64-bb;94804985.0;121948.0;6605.0;2
kirkstone-100K-64-bb;16772.0;0.0;0.0;2
kirkstone-100K-64-bb;303721.0;1395.0;0.0;2
kirkstone-100K-64-bb;699.0;95.0;0.0;2
kirkstone-100K-64-bb;17981750.0;185138.0;8239.0;2
kirkstone-100K-64-bb;171.0;0.0;0.0;2
kirkstone-100K-64-bb;13770762.0;35692.0;2457.0;2
kirkstone-100K-64-bb;370.0;0.0;0.0;2
kirkstone-100K-64-bb;579682368.0;426175.0;59674.0;1
kirkstone-100K-64-bb;391.0;0.0;0.0;1
kirkstone-100K-64-bb;270583.0;262.0;0.0;1
kirkstone-100K-64-bb;1816.0;0.0;0.0;1
kirkstone-100K-64-bb;1459209.0;21838.0;0.0;1
kirkstone-100K-64-bb;2311.0;0.0;0.0;1
kirkstone-100K-64-bb;19187806.0;6085.0;0.0;1
kirkstone-100K-64-bb;145.0;6.0;0.0;1
kirkstone-100K-64-bb;147114.0;417932.0;37517.0;1
kirkstone-100K-64-bb;26.0;0.0;0.0;1
