task;VM-20t-157G-zeus;VM-20t-157G-zeus;VM-20t-157G-zeus;VM-20t-157G-zeus;VM-20t-98G-zeus;VM-20t-98G-zeus;VM-20t-98G-zeus;VM-20t-98G-zeus;core-i7-4790k-dunfell;core-i7-4790k-dunfell;core-i7-4790k-dunfell;core-i7-4790k-dunfell;dual-Epyc-7763;dual-Epyc-7763;dual-Epyc-7763;dual-Epyc-7763;dual-Xeon-E5-2630-v4-ubuntu-18.04-zeus;dual-Xeon-E5-2630-v4-ubuntu-18.04-zeus;dual-Xeon-E5-2630-v4-ubuntu-18.04-zeus;dual-Xeon-E5-2630-v4-ubuntu-18.04-zeus;dual-Xeon-E5-2630-v4-ubuntu-20.04-zeus;dual-Xeon-E5-2630-v4-ubuntu-20.04-zeus;dual-Xeon-E5-2630-v4-ubuntu-20.04-zeus;dual-Xeon-E5-2670-8-channels-zeus;dual-Xeon-E5-2670-8-channels-zeus;dual-Xeon-E5-2670-8-channels-zeus;dual-Xeon-E5-2670-8-channels-zeus;dual-Xeon-E5-2698-v3-4-channels-zeus;dual-Xeon-E5-2698-v3-4-channels-zeus;dual-Xeon-E5-2698-v3-4-channels-zeus;dual-Xeon-E5-2698-v3-4-channels-zeus;dual-Xeon-E5-2698-v4-4-channels-no-journal-zeus;dual-Xeon-E5-2698-v4-4-channels-no-journal-zeus;dual-Xeon-E5-2698-v4-4-channels-no-journal-zeus;dual-Xeon-E5-2698-v4-4-channels-no-journal-zeus;dual-Xeon-E5-2698-v4-4-channels-tmpfs-zeus;dual-Xeon-E5-2698-v4-4-channels-tmpfs-zeus;dual-Xeon-E5-2698-v4-4-channels-tmpfs-zeus;dual-Xeon-E5-2698-v4-4-channels-tmpfs-zeus;dual-Xeon-E5-2698-v4-4-channels-zeus;dual-Xeon-E5-2698-v4-4-channels-zeus;dual-Xeon-E5-2698-v4-4-channels-zeus;dual-Xeon-E5-2698-v4-4-channels-zeus;dual-Xeon-E5-2699-v3-8-channels-tmpfs-zeus;dual-Xeon-E5-2699-v3-8-channels-tmpfs-zeus;dual-Xeon-E5-2699-v3-8-channels-tmpfs-zeus;dual-Xeon-E5-2699-v3-8-channels-tmpfs-zeus;dual-Xeon-E5-2699-v3-8-channels-zeus;dual-Xeon-E5-2699-v3-8-channels-zeus;dual-Xeon-E5-2699-v3-8-channels-zeus;dual-Xeon-E5-2699-v3-8-channels-zeus;dual-Xeon-Gold-6258R-zeus;dual-Xeon-Gold-6258R-zeus;dual-Xeon-Gold-6258R-zeus;dual-Xeon-Gold-6258R-zeus;ryzen-5-1600AF-zeus;ryzen-5-1600AF-zeus;ryzen-5-1600AF-zeus;ryzen-5-1600AF-zeus;ryzen-9-5950x-128gb-docker-hardknott;ryzen-9-5950x-128gb-docker-hardknott;ryzen-9-5950x-128gb-docker-hardknott;ryzen-9-5950x-128gb-docker-hardknott;ryzen-9-5950x-128gb-docker-zeus;ryzen-9-5950x-128gb-docker-zeus;ryzen-9-5950x-128gb-docker-zeus;ryzen-9-5950x-128gb-docker-zeus;ryzen-9-5950x-zeus;threadripper-2990wx-128gb-zeus;threadripper-2990wx-128gb-zeus;threadripper-2990wx-128gb-zeus;threadripper-2990wx-128gb-zeus;threadripper-3970x-128gb-gentoo-dunfell-2022-07;threadripper-3970x-128gb-gentoo-dunfell-2022-07;threadripper-3970x-128gb-gentoo-dunfell-2022-07;threadripper-3970x-128gb-gentoo-dunfell-2022-07;threadripper-3970x-128gb-gentoo-honister-2021-09;threadripper-3970x-128gb-gentoo-honister-2021-09;threadripper-3970x-128gb-gentoo-honister-2021-09;threadripper-3970x-128gb-gentoo-honister-2021-09;threadripper-3970x-128gb-gentoo-honister-2022-03;threadripper-3970x-128gb-gentoo-honister-2022-03;threadripper-3970x-128gb-gentoo-honister-2022-03;threadripper-3970x-128gb-gentoo-honister-2022-03;threadripper-3970x-128gb-gentoo-kirkstone-2022-03;threadripper-3970x-128gb-gentoo-kirkstone-2022-03;threadripper-3970x-128gb-gentoo-kirkstone-2022-03;threadripper-3970x-128gb-gentoo-kirkstone-2022-03;threadripper-3970x-128gb-gentoo-kirkstone-2022-07;threadripper-3970x-128gb-gentoo-kirkstone-2022-07;threadripper-3970x-128gb-gentoo-kirkstone-2022-07;threadripper-3970x-128gb-gentoo-kirkstone-2022-07;threadripper-3970x-128gb-gentoo-langdale-2022-05-ipk;threadripper-3970x-128gb-gentoo-langdale-2022-05-ld-is-gold;threadripper-3970x-128gb-gentoo-langdale-2022-05-lvm-raid0;threadripper-3970x-128gb-gentoo-langdale-2022-05-lvm-raid0;threadripper-3970x-128gb-gentoo-langdale-2022-05-lvm-raid0;threadripper-3970x-128gb-gentoo-langdale-2022-05-lvm-raid0;threadripper-3970x-128gb-gentoo-langdale-2022-05-mdadm-raid0;threadripper-3970x-128gb-gentoo-langdale-2022-05-rcraid-raid0;threadripper-3970x-128gb-gentoo-langdale-2022-05-unpack-threads-invalid;threadripper-3970x-128gb-gentoo-langdale-2022-05-unpack-threads;threadripper-3970x-128gb-gentoo-langdale-2022-05-zstd-threads;threadripper-3970x-128gb-gentoo-langdale-2022-05;threadripper-3970x-128gb-gentoo-langdale-2022-05;threadripper-3970x-128gb-gentoo-langdale-2022-05;threadripper-3970x-128gb-gentoo-langdale-2022-05;threadripper-3970x-128gb-gentoo-langdale-2022-05;threadripper-3970x-128gb-gentoo-langdale-2022-07;threadripper-3970x-128gb-gentoo-langdale-2022-07;threadripper-3970x-128gb-gentoo-langdale-2022-07;threadripper-3970x-128gb-gentoo-langdale-2022-07;threadripper-3970x-128gb-optane-zeus;threadripper-3970x-128gb-optane-zeus;threadripper-3970x-128gb-optane-zeus;threadripper-3970x-128gb-optane-zeus;threadripper-3970x-128gb-ubuntu-20.04-dunfell-2020-03;threadripper-3970x-128gb-ubuntu-20.04-dunfell-2020-03;threadripper-3970x-128gb-ubuntu-20.04-dunfell-2020-03;threadripper-3970x-128gb-ubuntu-20.04-dunfell-2020-03;threadripper-3970x-128gb-ubuntu-20.04-zeus-2020-02;threadripper-3970x-128gb-ubuntu-20.04-zeus-2020-02;threadripper-3970x-128gb-ubuntu-20.04-zeus-2020-02;threadripper-3970x-128gb-ubuntu-20.04-zeus-2020-02;threadripper-3970x-128gb-ubuntu-20.10-gatesgarth-2020-10;threadripper-3970x-128gb-ubuntu-20.10-gatesgarth-2020-10;threadripper-3970x-128gb-ubuntu-20.10-gatesgarth-2020-10;threadripper-3970x-128gb-ubuntu-20.10-gatesgarth-2020-10;threadripper-3970x-128gb-ubuntu-21.04-dunfell-2020-03;threadripper-3970x-128gb-ubuntu-21.04-dunfell-2020-03;threadripper-3970x-128gb-ubuntu-21.04-dunfell-2020-03;threadripper-3970x-128gb-ubuntu-21.04-dunfell-2020-03;threadripper-3970x-128gb-ubuntu-21.04-dunfell-2021-03;threadripper-3970x-128gb-ubuntu-21.04-dunfell-2021-03;threadripper-3970x-128gb-ubuntu-21.04-dunfell-2021-03;threadripper-3970x-128gb-ubuntu-21.04-dunfell-2021-03;threadripper-3970x-128gb-ubuntu-21.04-hardknott-2021-03-qemuarm;threadripper-3970x-128gb-ubuntu-21.04-hardknott-2021-03-qemuarm;threadripper-3970x-128gb-ubuntu-21.04-hardknott-2021-03-qemuarm;threadripper-3970x-128gb-ubuntu-21.04-hardknott-2021-03-qemuarm;threadripper-3970x-128gb-ubuntu-21.04-hardknott-2021-03;threadripper-3970x-128gb-ubuntu-21.04-hardknott-2021-03;threadripper-3970x-128gb-ubuntu-21.04-hardknott-2021-03;threadripper-3970x-128gb-ubuntu-21.04-hardknott-2021-03;threadripper-3970x-128gb-ubuntu-21.10-honister-2021-09;threadripper-3970x-128gb-ubuntu-21.10-honister-2021-09;threadripper-3970x-128gb-ubuntu-21.10-honister-2021-09;threadripper-3970x-128gb-ubuntu-21.10-honister-2021-09;threadripper-3970x-128gb-ubuntu-22.04-langdale-2022-05;threadripper-3970x-64gb-zeus;threadripper-3970x-64gb-zeus;threadripper-3970x-64gb-zeus;threadripper-3990x-128gb-zeus;threadripper-3990x-128gb-zeus;threadripper-3990x-128gb-zeus;threadripper-3990x-128gb-zeus;threadripper-3990x-256gb-zeus;threadripper-3990x-256gb-zeus;threadripper-3990x-256gb-zeus;threadripper-3990x-256gb-zeus;vSphere-VM-28t-55G-zeus;vSphere-VM-28t-55G-zeus;vSphere-VM-28t-55G-zeus;vSphere-VM-28t-55G-zeus;xeon-e3-1275-v5-dunfell;xeon-e3-1275-v5-dunfell;xeon-e3-1275-v5-dunfell;xeon-e3-1275-v5-dunfell
sec;4-build-all;5-build-8-bb;6-build-16-bb;7-build-2-bb;4-build-all;5-build-8-bb;6-build-16-bb;7-build-2-bb;4-build-all;5-build-8-bb;6-build-16-bb;7-build-2-bb;4-build-all;5-build-8-bb;6-build-16-bb;7-build-2-bb;4-build-all;5-build-8-bb;6-build-16-bb;7-build-2-bb;4-build-all;5-build-8-bb;6-build-16-bb;4-build-all;5-build-8-bb;6-build-16-bb;7-build-2-bb;4-build-all;5-build-8-bb;6-build-16-bb;7-build-2-bb;4-build-all;5-build-8-bb;6-build-16-bb;7-build-2-bb;4-build-all;5-build-8-bb;6-build-16-bb;7-build-2-bb;4-build-all;5-build-8-bb;6-build-16-bb;7-build-2-bb;4-build-all;5-build-8-bb;6-build-16-bb;7-build-2-bb;4-build-all;5-build-8-bb;6-build-16-bb;7-build-2-bb;4-build-all;5-build-8-bb;6-build-16-bb;7-build-2-bb;4-build-all;5-build-8-bb;6-build-16-bb;7-build-2-bb;4-build-all;5-build-8-bb;6-build-16-bb;7-build-2-bb;4-build-all;5-build-8-bb;6-build-16-bb;7-build-2-bb;4-build-all;4-build-all;5-build-8-bb;6-build-16-bb;7-build-2-bb;4-build-all;5-build-8-bb;6-build-16-bb;7-build-2-bb;4-build-all;5-build-8-bb;6-build-16-bb;7-build-2-bb;4-build-all;5-build-8-bb;6-build-16-bb;7-build-2-bb;4-build-all;5-build-8-bb;6-build-16-bb;7-build-2-bb;4-build-all;5-build-8-bb;6-build-16-bb;7-build-2-bb;5-build-8-bb;5-build-8-bb;4-build-all;5-build-8-bb;6-build-16-bb;7-build-2-bb;5-build-8-bb;5-build-8-bb;5-build-8-bb;5-build-8-bb;5-build-8-bb;4-build-all;5-build-8-bb;6-build-16-bb.error;6-build-16-bb;7-build-2-bb;4-build-all;5-build-8-bb;6-build-16-bb;7-build-2-bb;4-build-all;5-build-8-bb;6-build-16-bb;7-build-2-bb;4-build-all;5-build-8-bb;6-build-16-bb;7-build-2-bb;4-build-all;5-build-8-bb;6-build-16-bb;7-build-2-bb;4-build-all;5-build-8-bb;6-build-16-bb;7-build-2-bb;4-build-all;5-build-8-bb;6-build-16-bb;7-build-2-bb;4-build-all;5-build-8-bb;6-build-16-bb;7-build-2-bb;4-build-all;5-build-8-bb;6-build-16-bb;7-build-2-bb;4-build-all;5-build-8-bb;6-build-16-bb;7-build-2-bb;4-build-all;5-build-8-bb;6-build-16-bb;7-build-2-bb;5-build-8-bb.rcraid.raid0.error;4-build-all;6-build-16-bb;7-build-2-bb;4-build-all;5-build-8-bb;6-build-16-bb;7-build-2-bb;4-build-all;5-build-8-bb;6-build-16-bb;7-build-2-bb;4-build-all;5-build-8-bb;6-build-16-bb;7-build-2-bb;4-build-all;5-build-8-bb;6-build-16-bb;7-build-2-bb
adwaita-icon-theme.do_install;---;---;---;---;---;---;---;---;---;---;---;317.08;---;---;---;---;432.88;482.25;---;---;---;380.82;---;---;510.28;---;---;---;---;---;---;---;424.18;---;---;---;474.32;---;---;---;478.73;---;---;---;515.90;---;143.27;---;---;---;136.90;---;---;---;---;---;---;---;---;---;---;---;255.22;319.87;---;---;---;---;293.77;250.37;---;---;---;---;---;---;---;---;---;---;---;---;---;---;---;---;353.35;---;---;---;344.96;---;---;---;346.15;---;333.23;---;---;---;---;---;---;---;---;350.33;331.28;---;---;---;---;---;185.12;312.66;274.42;---;---;---;---;---;---;---;---;---;---;---;---;87.61;---;---;---;---;---;---;---;---;---;---;---;---;---;---;---;133.24;---;---;---;---;---;188.20;274.93;---;227.79;228.97;---;---;127.85;189.73;---;---;520.02;505.74;---;---;---;---;---;322.68
binutils.do_compile;---;---;---;---;---;---;---;---;---;---;---;---;---;133.56;---;---;464.61;366.02;---;---;447.81;379.28;---;---;489.34;---;---;---;---;---;---;---;275.42;---;---;---;255.67;---;---;---;250.96;---;---;---;307.43;---;---;---;---;---;---;---;---;---;---;---;---;---;---;---;---;---;---;---;---;---;---;251.85;---;---;---;---;---;---;---;---;---;---;---;---;---;---;---;---;---;---;---;---;---;---;---;---;---;---;---;---;---;---;---;---;---;---;---;---;---;---;---;---;---;---;---;---;---;141.62;---;---;---;---;---;---;---;---;---;---;---;---;---;---;---;---;---;---;---;---;---;---;---;---;---;---;---;---;---;---;---;---;---;---;---;145.24;---;---;191.20;184.42;---;---;---;137.87;---;---;---;---;---;---;---;---;---;---
binutils-native.do_compile;---;---;---;---;2635.01;---;4835.29;---;---;---;---;---;---;---;---;---;---;---;---;---;---;---;---;---;---;---;---;---;---;---;---;---;---;---;---;---;---;---;---;---;---;---;---;---;---;---;---;---;---;---;---;---;---;---;---;---;---;---;---;---;---;---;---;---;---;---;---;---;---;---;---;---;---;---;---;---;---;---;---;---;---;---;---;---;---;---;---;---;---;---;---;---;---;---;---;---;---;---;---;---;---;---;---;---;---;---;---;---;---;---;---;---;---;---;---;---;---;---;---;---;---;---;---;---;---;---;---;---;---;---;---;---;---;---;---;---;---;---;---;---;---;---;---;---;---;---;---;---;---;---;---;---;---;---;---;---;---;---;---;---;---;---;---;---;---;---;---;---
cairo.do_configure;---;---;---;---;---;---;---;---;---;---;---;---;---;---;---;---;---;---;---;---;---;---;---;---;---;---;---;---;---;---;---;---;---;---;---;---;---;---;---;---;---;---;---;---;---;---;---;---;---;---;159.20;---;---;---;---;---;---;---;---;---;---;---;---;---;---;---;---;---;---;---;---;---;---;---;---;---;---;---;---;---;---;---;---;---;---;---;---;---;---;---;---;---;---;---;---;---;---;---;---;---;---;---;---;---;---;---;---;---;---;---;---;---;---;---;---;---;---;---;---;---;---;---;---;112.79;---;---;---;---;---;---;---;---;---;---;---;---;---;---;---;---;---;---;---;---;---;---;---;---;---;---;---;---;---;---;---;---;---;---;---;---;---;---;---;---;---;---;---;---
cargo-native.do_compile;---;---;---;---;---;---;---;---;1070.00;1096.36;1267.45;---;---;---;---;---;564.20;---;581.87;---;562.39;---;597.50;715.72;411.79;741.54;161.47;1252.66;---;---;116.76;---;---;---;122.87;---;---;---;116.76;---;---;---;118.82;---;605.22;---;121.91;---;665.49;---;---;218.84;---;214.35;---;---;837.11;---;---;---;493.33;---;---;425.82;---;485.70;---;---;286.51;292.34;316.18;---;---;---;---;---;---;---;---;---;---;---;---;---;---;---;---;---;---;---;---;---;---;---;---;200.17;---;---;246.90;245.28;---;---;---;---;---;---;---;---;---;---;---;---;165.90;153.45;164.96;---;265.41;179.47;297.48;---;---;167.58;---;70.39;---;---;302.43;---;317.97;---;488.25;---;425.42;166.88;581.93;86.42;256.60;---;263.12;---;294.00;287.12;287.76;---;---;---;---;---;---;278.29;256.21;---;291.14;---;---;---;---;---;137.87;---;608.05;402.22;539.78;---;1177.56;1265.49;1363.14;---
cbindgen-native.do_compile;---;---;---;---;---;---;---;---;---;---;---;---;---;---;---;---;---;---;443.41;---;---;---;440.73;579.40;---;---;---;366.98;---;---;---;---;---;---;---;---;---;---;---;---;---;---;---;---;313.44;---;---;---;308.17;---;---;---;---;---;---;---;---;---;---;---;272.77;---;---;---;291.53;322.59;---;---;---;---;---;---;---;---;---;---;---;---;---;---;---;---;---;---;---;---;---;---;---;---;---;---;---;---;---;---;---;---;---;---;---;---;---;---;---;---;---;---;---;---;---;---;---;---;---;---;---;---;---;---;---;---;---;---;237.86;221.89;---;---;376.38;150.33;327.25;---;365.49;---;309.29;---;---;---;---;---;---;---;---;---;---;---;---;---;---;---;141.22;---;---;---;---;---;---;---;---;---;---;386.48;460.20;---;---;---;---;---
chromium-x11.do_compile;17047.37;17619.15;17115.50;11258.98;18593.69;12832.24;18278.03;10960.22;20604.84;20545.60;27979.07;21699.22;796.53;1018.37;826.24;634.62;9948.08;7181.72;9924.86;5153.71;9901.15;8422.54;9879.66;14134.65;11325.64;13993.14;7543.27;14981.27;5404.41;26738.48;3207.22;4565.58;4095.65;4591.30;2478.60;4632.49;3430.07;4579.21;2484.41;4627.87;3057.47;4554.71;2485.07;5790.72;4859.70;5766.18;3110.15;5774.95;3605.65;5750.11;3102.05;2494.44;1591.27;2672.15;1288.90;24719.87;22658.49;24165.89;13567.36;9971.43;7666.44;10054.24;7916.59;6878.95;5461.75;6806.63;3493.95;8245.90;6424.14;4789.55;6321.69;3074.84;3852.46;2655.35;3806.30;2361.09;5145.02;3691.77;4829.95;2531.59;4934.21;3569.46;5022.19;3311.88;5286.85;3765.42;5274.80;3452.20;5146.05;3609.54;5220.29;3218.07;3543.47;3564.29;5036.46;3540.45;5130.86;3155.14;3611.04;3704.75;3522.20;3539.88;3552.32;5035.05;3521.22;5099.24;5068.49;3142.83;5144.93;3593.01;4853.39;3179.54;3721.27;3053.65;3714.62;1843.12;3788.64;2746.13;3786.14;2450.89;3453.38;1924.16;3452.36;1822.74;4257.10;3277.86;4294.55;3077.95;3777.20;2591.73;3794.04;2371.84;3784.66;2554.21;3791.90;2367.43;5594.31;4646.51;5584.43;4446.73;5598.20;4659.07;5575.67;4391.72;5093.06;3785.78;4990.54;2787.85;3915.04;4087.97;4030.35;1880.14;4117.60;3243.00;4067.17;1665.68;2394.76;2048.94;2401.09;1199.84;9422.52;7342.09;9323.78;4793.38;19734.46;19645.74;28223.72;21642.16
chromium-x11.do_rm_work;---;---;---;---;---;---;---;---;---;---;---;---;---;---;---;---;---;---;---;---;---;---;---;---;---;---;---;---;---;---;---;---;---;---;---;---;---;---;---;---;---;---;---;---;---;---;---;---;---;---;---;189.01;---;---;---;---;---;---;---;---;---;---;---;---;---;---;---;---;---;---;---;---;---;---;---;---;---;---;---;---;---;---;---;---;---;---;---;---;---;---;---;---;---;---;---;---;---;---;---;---;---;---;---;---;---;---;---;---;---;---;---;---;---;---;---;---;---;---;---;---;---;---;---;---;---;---;---;---;---;---;---;---;---;---;---;---;---;---;---;---;---;---;---;---;---;---;---;---;---;---;---;---;---;---;---;---;---;---;---;---;---;---;---;---;---;---;---;---
chromium-x11.do_unpack;---;---;---;---;---;1274.47;2604.59;1324.79;---;---;---;---;---;---;---;---;---;---;---;---;---;---;---;---;---;---;---;---;---;---;---;---;---;---;---;---;---;---;---;---;---;---;---;---;---;---;---;---;---;---;---;---;---;---;---;---;---;---;---;---;---;---;---;---;---;---;---;---;---;---;---;---;---;---;---;---;---;---;---;---;---;---;---;128.38;---;---;---;124.67;---;---;---;170.17;---;---;---;---;---;104.39;---;---;---;---;---;---;---;---;---;---;---;---;---;127.22;---;---;---;---;---;---;---;---;---;---;---;---;---;---;---;---;---;---;---;---;---;---;---;---;---;---;---;---;---;---;---;---;---;---;---;---;---;---;---;---;---;---;---;---;---;---;---;---;---;---;---;---;---;---;---;---
clang-native.do_compile;9397.82;8181.36;9487.15;2990.57;12041.73;9440.41;13052.87;4256.19;13375.07;13240.66;13374.22;5836.60;193.84;161.32;185.57;145.25;1965.11;1719.78;1667.08;1289.13;2091.44;1922.35;1813.24;3193.04;3542.30;2837.09;2461.43;1509.29;24699.78;1342.49;966.95;867.21;780.42;781.96;656.82;900.88;833.16;786.91;683.29;904.15;834.15;799.71;681.93;1101.03;1056.22;986.53;942.16;1092.48;783.47;985.59;860.37;487.58;381.32;444.93;317.75;5932.45;5131.77;6675.66;3397.07;1872.07;2770.47;1728.97;1409.64;1376.20;853.95;1130.32;746.45;2686.16;1657.23;1825.49;1597.42;713.54;621.57;1188.61;604.02;734.21;951.59;893.67;866.69;636.57;1013.66;766.92;743.65;503.66;1109.99;1115.26;829.61;638.32;1081.08;1037.82;840.44;573.47;840.84;1046.58;1091.18;907.02;830.84;684.24;910.91;937.25;1040.63;1041.42;1026.39;1089.45;827.39;839.48;836.63;696.01;1129.78;1029.10;1030.58;630.55;808.80;636.81;633.22;354.28;522.97;1042.59;608.01;738.46;633.06;400.70;552.52;423.11;750.72;1081.78;810.80;736.71;502.42;936.43;621.24;677.88;519.69;984.90;625.98;685.04;669.06;871.19;797.08;648.95;697.71;1217.43;709.90;709.24;688.21;618.25;594.89;521.43;707.89;824.90;652.57;361.62;675.93;579.20;555.07;345.49;415.73;337.81;351.31;239.20;2060.93;2038.98;1793.97;1617.10;13306.38;13244.12;13264.64;6078.65
clang-native.do_install;---;---;---;---;---;---;---;---;---;---;---;---;---;---;---;---;---;---;---;---;---;---;---;---;---;---;---;---;1858.12;---;---;---;---;---;---;---;---;---;---;---;---;---;---;---;---;---;---;---;---;---;---;---;---;---;---;---;---;---;---;---;---;---;---;---;---;---;---;---;---;---;---;---;---;---;---;---;---;---;---;---;---;---;---;---;---;---;---;---;---;---;---;---;---;---;---;---;---;---;---;---;---;---;---;---;---;---;---;---;---;---;---;---;---;---;---;---;---;---;---;---;---;---;---;---;---;---;---;---;---;---;---;---;---;---;---;---;---;---;---;---;---;---;---;---;---;---;---;---;---;---;---;---;---;---;---;---;---;---;---;---;---;---;---;---;---;---;---;---
clang-native.do_populate_sysroot;---;---;---;---;---;---;---;---;---;---;---;---;122.67;116.77;116.06;104.61;---;---;---;---;---;---;---;---;---;---;---;---;1638.38;---;---;---;---;---;---;---;---;---;---;---;---;---;---;---;---;---;---;---;---;---;---;---;---;---;130.62;---;---;---;---;---;---;---;---;---;---;---;116.74;---;---;---;---;162.95;---;---;---;---;---;---;---;---;---;---;---;---;---;---;---;---;---;---;---;---;---;---;---;---;---;---;---;---;---;---;---;---;---;---;---;---;---;---;---;---;---;---;---;106.07;---;---;---;---;---;---;---;---;---;---;---;---;---;---;---;---;---;---;---;---;---;---;---;---;---;---;---;---;---;---;---;---;---;---;---;98.93;---;---;---;94.98;---;---;---;91.80;---;---;---;---;---;---;---;---
connman.do_prepare_recipe_sysroot;---;---;---;---;---;---;---;---;---;---;---;---;---;---;---;---;---;---;---;---;---;---;---;---;---;---;---;---;---;---;---;---;---;---;---;---;---;---;---;---;---;---;---;---;---;---;---;---;---;---;---;---;2643.60;---;---;---;---;---;---;---;---;---;---;---;---;---;---;---;---;---;---;---;---;---;---;---;---;---;---;---;---;---;---;---;---;---;---;---;---;---;---;---;---;---;---;---;---;---;---;---;---;---;---;---;---;---;---;---;---;---;---;---;---;---;---;---;---;---;---;---;---;---;---;---;---;---;---;---;---;---;---;---;---;---;---;---;---;---;---;---;---;---;---;---;---;---;---;---;---;---;---;---;---;---;---;---;---;---;---;---;---;---;---;---;---;---;---;---
connman-gnome.do_configure;---;---;---;---;---;---;---;---;---;---;---;---;---;---;---;---;---;---;---;---;---;---;---;---;---;---;---;---;1687.34;---;---;---;---;---;---;---;---;---;---;---;---;---;---;---;---;---;---;---;---;---;---;---;---;---;---;---;---;---;---;---;---;---;---;---;---;---;---;---;---;---;---;---;---;---;---;---;---;---;---;---;---;---;---;---;---;---;---;---;---;---;---;---;---;---;---;---;---;---;---;---;---;---;---;---;---;---;---;---;---;---;---;---;---;---;---;---;---;---;---;---;---;---;---;---;---;---;---;---;---;---;---;---;---;---;---;---;---;---;---;---;---;---;---;---;---;---;---;---;---;---;---;---;---;---;---;---;---;---;---;---;---;---;---;---;---;---;---;---
core-image-sato.do_rootfs;---;---;---;---;---;---;---;---;---;---;---;---;---;---;---;---;---;---;---;---;---;---;---;---;---;---;---;---;---;---;---;---;---;---;---;---;---;---;115.69;---;---;---;114.96;---;---;---;---;---;---;---;---;---;---;---;---;---;---;---;---;---;---;---;---;---;---;---;---;---;---;---;---;---;---;---;---;---;359.93;361.71;362.12;357.07;---;---;---;---;---;---;---;---;---;---;---;---;---;---;---;---;---;---;---;---;---;---;---;---;---;---;---;---;---;---;---;---;---;---;---;---;---;---;---;---;---;---;---;---;---;---;---;---;---;---;---;---;---;---;---;---;---;---;---;---;---;---;---;---;---;---;---;---;---;---;---;---;---;---;---;---;---;---;---;---;---;---;---;176.90;---;---;---;---
curl.do_configure;---;---;---;---;---;---;---;---;---;---;---;---;---;---;---;---;---;---;---;---;---;---;---;---;---;---;---;---;---;---;---;---;---;---;---;---;---;---;---;---;---;---;---;---;---;---;---;---;---;---;---;---;---;---;---;---;---;---;---;---;---;---;---;---;---;---;---;---;---;---;---;---;---;---;---;---;---;---;---;---;---;---;---;---;---;---;---;---;---;---;---;---;---;---;---;---;---;---;---;---;---;---;---;---;---;---;---;---;---;---;---;---;---;---;---;---;---;---;---;---;---;---;---;---;---;---;---;---;---;140.42;---;---;---;---;---;---;---;---;---;---;---;---;---;---;---;---;---;---;---;---;---;---;---;---;---;---;---;---;---;---;---;---;---;---;---;---;---;---
distcc.do_configure;---;---;---;---;---;---;---;---;---;---;---;---;---;---;---;---;---;---;---;---;---;---;---;---;---;---;---;---;1215.31;---;---;---;---;---;---;---;---;---;---;---;---;---;---;---;---;---;---;---;---;---;---;---;---;---;---;---;---;---;---;---;---;---;---;---;---;---;---;---;---;---;---;---;---;---;---;---;---;---;---;---;---;---;---;---;---;---;---;---;---;---;---;---;---;---;---;---;---;---;---;---;---;---;---;---;---;---;---;---;---;---;---;---;---;---;---;---;---;---;---;---;---;---;---;---;---;---;---;---;---;---;---;---;---;---;---;---;---;---;---;---;---;---;---;---;---;---;---;---;---;---;---;---;---;---;---;---;---;---;---;---;---;---;---;---;---;---;---;---
epiphany.do_package_write_rpm;---;---;---;---;---;---;---;---;---;---;---;---;---;---;---;---;---;---;---;---;---;---;---;---;---;---;---;---;---;---;---;---;---;---;---;---;---;---;---;---;---;---;---;---;---;---;---;---;---;---;---;---;---;---;---;---;---;---;---;---;---;---;---;---;---;---;---;---;---;---;---;---;---;---;---;---;---;---;---;---;---;---;---;---;---;215.45;---;---;---;---;---;---;---;---;---;---;---;---;---;---;---;---;---;---;---;---;---;---;---;---;---;---;---;---;---;---;---;---;---;---;---;---;---;---;---;---;---;---;---;---;---;---;---;---;---;---;---;---;---;---;---;184.15;---;---;---;---;---;---;---;---;---;---;---;---;---;---;---;---;---;---;---;---;---;---;---;---;---;---
firefox.do_compile;4212.37;4331.26;4232.49;2263.23;4868.12;3408.33;4013.99;2437.04;5323.25;5273.97;7050.95;2710.98;489.37;486.40;487.79;771.38;1937.38;1895.21;1996.99;1885.41;1978.57;1834.14;2023.27;2305.69;2242.72;2479.17;2165.69;1203.81;---;801.55;1624.86;738.50;712.84;721.60;1599.69;720.22;728.48;713.64;1593.29;711.34;713.21;706.65;1616.18;763.20;1822.01;757.98;1798.57;773.70;1825.08;777.11;1803.83;592.26;528.35;596.52;1193.10;4117.87;4246.71;5503.65;2074.22;2286.24;2028.80;2381.25;958.59;1534.34;2707.23;1616.50;1046.92;3704.39;1546.71;1254.36;1801.85;1656.17;---;---;---;---;1791.48;1962.24;2141.39;849.90;1771.53;1014.77;1888.79;636.35;2243.00;1137.87;1926.86;639.54;2204.61;1057.15;1844.97;625.49;1004.58;1012.35;1672.00;924.49;1669.75;598.29;986.77;1240.83;995.96;979.29;984.89;1699.08;971.97;1661.78;1694.62;598.95;1920.03;994.37;2171.87;605.93;1247.16;976.43;1241.49;981.97;2011.59;1002.95;1984.06;1010.20;490.20;481.50;487.99;987.02;1945.62;1444.22;1922.83;905.36;1412.36;1592.12;1162.46;981.41;1327.55;1567.96;1119.05;983.82;2011.88;2007.38;2008.49;947.79;2142.92;1663.33;2204.69;899.31;1488.42;1650.93;1615.60;816.68;1895.13;1317.14;1346.85;1008.38;575.23;497.99;531.88;1493.69;479.78;457.67;476.05;1124.66;2647.09;3494.86;2731.54;1313.51;5073.64;4984.24;6575.61;2663.86
firefox.do_configure;---;---;---;---;---;---;---;---;---;---;---;---;---;---;---;---;---;---;---;---;---;---;---;---;---;---;---;---;---;---;---;---;---;---;---;---;---;---;---;---;---;---;---;---;---;---;---;---;---;---;---;---;---;---;---;---;---;---;---;---;---;---;---;---;239.31;---;---;---;---;---;---;---;---;---;---;---;---;---;---;---;---;---;---;---;---;---;---;---;---;---;---;---;---;---;---;---;---;---;---;---;---;---;---;---;---;---;---;---;---;---;---;---;---;---;---;---;---;---;---;---;---;---;---;---;---;---;---;---;---;---;---;---;---;---;---;---;---;---;---;---;---;---;---;---;---;---;---;---;---;---;---;---;---;---;---;---;---;---;---;---;---;---;---;---;---;---;---;---
firefox.do_unpack;---;---;---;---;---;---;---;---;---;---;---;---;---;---;---;---;---;---;---;---;---;---;---;---;---;---;---;---;---;---;---;---;---;---;---;---;---;---;---;---;---;---;---;---;---;---;---;---;---;---;---;---;2712.91;---;---;---;---;---;---;---;---;---;---;---;---;---;---;---;---;---;---;---;---;---;---;---;---;---;---;---;---;---;---;---;---;---;---;---;---;---;---;---;---;---;---;---;---;---;---;---;---;---;---;---;---;---;---;---;---;---;---;---;---;---;---;---;---;---;---;---;---;---;---;---;---;---;---;---;---;---;---;---;---;---;---;---;---;---;---;---;---;---;---;---;---;---;---;---;---;---;---;---;---;---;---;---;---;---;---;---;---;---;---;---;---;---;---;---
gcc.do_compile;---;---;---;---;---;---;---;---;2037.71;1988.77;1909.41;303.42;---;---;---;---;---;---;---;---;---;---;---;---;---;---;---;---;---;---;---;---;---;---;---;---;---;---;---;---;---;---;---;---;---;---;---;---;---;---;---;---;---;---;---;---;---;---;---;---;---;---;---;---;---;---;---;---;---;---;---;---;---;217.98;---;154.43;591.37;---;538.67;131.67;584.52;582.91;718.13;431.58;690.68;778.38;749.84;414.35;690.15;809.96;646.88;408.57;1064.35;1079.71;814.56;1073.58;941.39;474.42;1098.75;1131.53;1003.20;1075.06;1063.22;828.61;995.80;915.95;942.33;474.04;939.60;1091.88;1125.08;483.48;---;---;---;---;---;153.75;---;108.86;---;---;---;---;---;---;---;---;---;141.35;---;103.99;---;235.89;---;103.49;---;---;---;---;---;---;---;---;346.41;235.46;---;125.84;1023.62;---;---;---;---;---;---;---;---;---;---;---;---;---;---;---;2075.97;2108.96;1970.98;308.84
gcc-cross-x86_64.do_compile;802.38;---;878.10;---;---;---;4326.03;---;---;---;---;---;---;---;---;---;---;---;---;---;---;---;---;---;---;---;---;---;---;---;---;---;---;---;---;---;---;---;---;---;---;---;---;---;---;---;---;---;---;---;---;---;---;---;---;---;---;---;---;---;---;---;---;---;---;---;---;---;---;---;---;---;---;---;---;---;---;---;---;---;---;---;---;---;---;---;---;---;---;---;---;---;---;---;---;---;---;---;---;---;---;---;---;---;---;---;---;---;---;---;---;---;---;---;---;---;---;---;---;---;---;---;---;---;---;---;---;---;---;---;---;---;---;---;---;---;---;---;---;---;---;---;---;---;---;---;---;---;---;---;---;---;---;---;---;---;---;---;---;---;---;---;---;---;---;---;---;---
gcc-cross-x86_64.do_gcc_stash_builddir;---;---;---;---;---;1733.68;---;---;---;---;---;---;---;---;---;---;---;---;---;---;---;---;---;---;---;---;---;---;---;---;---;---;---;---;---;---;---;---;---;---;---;---;---;---;---;---;---;---;---;---;---;---;---;---;---;---;---;---;---;---;---;---;---;---;---;---;---;---;---;---;---;---;---;---;---;---;---;---;---;---;---;---;---;---;---;---;---;---;---;---;---;---;---;---;---;---;---;---;---;---;---;---;---;---;---;---;---;---;---;---;---;---;---;---;---;---;---;---;---;---;---;---;---;---;---;---;---;---;---;---;---;---;---;---;---;---;---;---;---;---;---;---;---;---;---;---;---;---;---;---;---;---;---;---;---;---;---;---;---;---;---;---;---;---;---;---;---;---
gcc-runtime.do_configure;---;---;---;---;---;---;---;---;---;---;---;---;---;---;---;---;---;---;---;---;---;---;---;---;---;---;---;---;---;---;---;296.96;---;313.77;---;---;---;305.95;---;---;---;296.88;---;300.03;---;334.03;---;347.48;---;317.12;---;---;---;---;---;---;---;---;---;---;---;---;---;---;---;---;---;---;---;---;---;---;208.23;---;227.22;---;---;---;---;---;---;---;---;---;---;---;---;---;---;---;---;---;---;---;---;---;---;---;---;---;---;---;---;---;---;---;---;---;---;---;---;---;---;---;---;---;---;---;---;---;---;---;---;---;---;---;---;---;---;---;236.33;---;---;---;---;---;---;---;---;---;---;---;---;---;---;201.87;---;---;---;---;---;---;---;---;---;---;---;---;---;---;---;---;---;---;---;---;---;---
gettext.do_compile;---;---;---;---;---;---;---;---;---;---;---;---;---;---;---;---;---;---;---;---;---;---;---;---;---;---;---;---;---;---;---;---;---;---;---;---;---;---;---;---;---;---;---;---;---;---;---;---;---;---;---;---;---;---;---;---;---;---;---;---;---;---;---;---;---;---;---;---;---;---;---;---;---;---;---;---;---;---;---;---;---;---;---;---;---;---;---;---;---;---;---;---;---;---;---;---;---;---;---;---;---;---;---;---;---;---;---;---;---;---;---;---;---;---;---;---;---;---;---;---;---;---;---;---;---;---;---;---;---;164.62;---;---;---;160.92;---;---;---;---;---;---;---;---;---;---;---;---;---;---;---;---;---;---;---;---;---;---;---;---;---;---;---;---;---;---;---;---;---;---
gettext.do_configure;---;---;---;---;---;---;---;---;---;---;1067.04;---;---;---;---;---;---;---;---;---;---;---;---;---;---;---;---;---;---;---;---;---;---;---;---;---;---;---;---;---;---;---;---;---;---;---;---;---;---;---;---;---;---;---;---;---;---;---;---;---;---;---;---;---;---;---;---;---;---;---;---;---;---;173.94;---;88.76;---;---;---;---;---;---;---;---;---;---;---;---;---;---;---;---;---;---;---;---;---;---;---;---;---;---;---;---;---;---;---;---;---;---;---;---;---;---;---;---;---;---;---;85.46;---;---;---;---;---;---;---;---;---;---;---;83.51;---;---;---;81.22;---;---;---;---;---;---;---;---;---;---;---;---;---;---;---;---;---;---;---;---;---;---;---;---;---;---;---;---;---;---;1174.52;---
gettext-native.do_compile;---;---;---;---;---;---;---;---;---;---;---;---;---;---;---;---;---;---;---;---;---;---;---;---;---;---;---;---;---;---;---;---;---;---;---;---;---;---;---;---;---;---;---;---;---;---;---;---;---;---;---;---;---;---;---;---;---;---;---;---;---;---;---;---;---;---;---;---;---;---;---;---;---;---;---;---;---;---;---;---;---;---;---;---;---;---;---;---;---;---;---;---;---;---;---;---;---;---;---;---;---;---;---;---;---;---;---;---;---;---;---;---;---;---;---;---;199.56;---;---;---;---;---;---;---;---;---;---;---;---;---;---;---;---;---;---;---;---;---;---;---;---;---;---;---;---;---;---;---;---;---;---;---;---;---;---;---;---;---;---;---;---;---;---;---;---;---;---;---
gettext-native.do_configure;---;---;---;---;1887.40;---;3913.74;831.41;---;---;---;---;---;---;100.38;---;---;---;403.54;139.83;453.52;---;444.74;589.97;---;532.45;---;---;---;---;131.41;---;---;243.15;138.87;---;---;239.30;148.30;---;---;244.87;142.45;---;---;271.37;120.65;---;---;---;119.34;197.73;---;180.39;---;---;---;---;---;---;---;---;---;---;---;---;---;---;---;---;---;---;---;---;---;86.15;---;---;---;---;---;---;---;---;---;---;---;---;---;---;---;---;---;---;---;---;---;---;---;---;---;---;---;---;---;---;---;---;---;---;---;---;---;---;---;---;---;---;---;80.12;---;---;---;73.73;---;---;---;85.63;---;---;---;---;---;---;---;---;---;---;---;---;---;---;---;---;---;---;---;---;---;---;---;---;---;---;---;---;---;---;---;---;456.74;---;412.20;180.68;---;---;---;---
gettext-native.do_install;---;---;---;---;---;---;---;---;---;---;---;---;---;---;---;---;---;---;---;---;---;---;---;---;---;---;---;---;---;---;---;---;---;---;---;---;---;---;---;---;---;---;---;---;---;---;---;---;---;---;---;---;---;---;---;---;---;---;---;---;---;---;---;---;---;---;---;---;---;---;---;---;---;---;---;---;---;---;---;---;---;---;---;---;---;---;---;---;---;---;---;---;---;---;---;---;---;---;---;---;---;---;---;---;---;---;---;---;---;---;---;---;---;---;---;---;---;---;---;---;---;---;---;---;209.67;---;---;---;---;---;---;---;---;---;---;---;---;---;---;---;---;---;---;---;---;---;---;---;---;---;---;---;---;---;---;---;---;---;---;---;---;---;---;---;---;---;---;---
glibc.do_compile;---;---;---;---;---;2209.63;---;---;---;---;---;---;---;---;---;---;---;---;---;---;---;---;---;---;---;---;---;---;---;---;---;---;---;---;---;---;---;---;---;---;---;---;---;---;---;---;---;---;---;---;---;---;---;---;---;---;---;---;---;418.15;---;395.54;---;---;---;---;---;---;---;---;---;---;---;---;---;---;---;---;---;---;364.78;208.41;281.49;---;---;---;---;---;---;---;---;---;---;---;---;---;---;---;---;---;---;---;---;---;---;---;---;---;---;---;---;---;---;---;---;---;276.21;---;219.44;---;---;---;---;---;294.31;---;310.34;---;227.10;---;---;---;253.14;---;---;---;261.31;---;324.62;---;315.12;---;---;---;---;---;302.27;---;---;---;---;---;---;---;---;---;---;---;---;---;---;---;---;---;---;---;---;---
glibc.do_install;---;---;---;---;---;---;---;---;---;---;---;---;---;---;---;---;---;---;---;---;---;---;---;---;---;---;---;---;---;---;---;---;---;---;---;---;---;---;---;---;---;---;---;---;---;---;---;---;---;---;---;---;---;---;---;---;---;---;---;---;---;---;---;---;---;---;---;---;---;---;---;---;167.37;---;---;---;---;---;---;---;---;---;---;---;---;---;---;---;---;---;---;---;---;---;---;---;---;---;---;---;---;---;---;---;---;---;---;---;---;---;---;---;---;---;---;---;253.23;---;250.87;---;---;---;---;---;---;---;---;---;206.62;---;---;---;---;---;---;---;---;---;---;---;---;---;---;---;---;---;---;---;---;---;---;---;---;---;---;---;---;---;---;---;---;---;---;---;---;---;---;---
glibc-locale.do_package;---;668.75;---;386.37;2123.89;---;---;---;---;---;1186.60;---;235.75;116.20;226.89;104.80;496.79;---;490.39;---;492.63;---;487.38;---;---;---;---;410.92;---;---;---;364.41;---;379.22;---;375.89;---;382.53;115.83;354.87;---;354.30;115.66;400.40;---;428.95;---;427.14;---;420.33;115.54;316.95;218.50;312.62;106.09;843.48;---;827.89;---;466.39;---;462.28;---;476.16;---;446.31;---;352.11;455.07;279.35;455.68;175.78;348.97;148.30;356.14;128.11;463.23;240.62;---;116.91;654.37;320.77;523.89;148.04;696.80;250.26;645.84;147.90;660.06;221.06;534.61;149.03;192.31;236.65;584.39;230.65;478.18;124.04;---;---;232.49;243.29;244.27;647.83;237.37;498.95;509.00;126.39;734.30;276.88;370.97;154.33;295.85;162.73;297.89;117.25;---;171.58;211.83;94.95;353.76;188.21;340.70;83.32;226.51;213.00;302.21;92.50;215.69;---;297.97;90.70;242.92;---;282.18;92.74;215.77;---;296.54;89.48;294.99;200.38;361.21;92.89;278.91;199.99;271.63;91.20;199.70;301.78;308.95;120.05;502.05;---;523.66;118.89;321.06;141.91;338.88;120.07;436.61;---;443.82;173.15;---;---;1218.86;---
glibc-locale.do_package_write_rpm;---;---;---;---;---;---;---;---;---;---;---;---;---;---;---;---;---;---;---;---;---;---;---;---;---;---;---;---;---;---;---;---;---;---;---;---;---;---;---;---;---;---;---;---;---;---;---;---;---;---;---;---;---;---;---;---;---;---;---;457.44;---;437.80;---;---;---;---;---;---;---;---;---;---;---;---;---;---;477.41;---;---;154.54;416.96;---;---;146.73;599.14;---;---;195.51;578.90;---;---;190.97;---;---;530.77;---;---;176.57;---;---;---;---;---;554.41;---;263.38;---;180.38;568.34;---;---;191.02;---;---;---;---;---;---;---;---;---;---;---;---;---;---;---;---;---;---;---;---;---;---;---;---;288.13;---;---;---;287.76;---;---;---;537.20;---;---;157.24;---;---;---;---;---;---;---;---;---;---;---;---;---;---;---;---;---;---;---;---
gmp.do_configure;---;---;---;---;---;---;---;---;---;---;---;---;---;---;---;---;---;---;---;---;---;---;---;---;---;---;---;---;---;---;---;---;---;---;---;---;---;---;---;---;---;---;---;---;---;---;---;---;---;---;---;---;---;---;---;---;---;---;---;---;---;---;---;---;---;---;---;---;---;---;---;---;---;---;---;---;---;---;---;---;---;---;---;---;---;---;---;---;---;---;---;---;---;---;---;---;---;---;---;---;---;---;---;---;---;---;---;---;---;---;---;---;---;---;---;---;---;---;---;---;211.48;---;---;---;---;---;---;---;---;---;---;---;---;---;---;---;---;---;---;---;---;---;---;---;---;---;---;---;---;---;---;---;---;---;---;---;---;---;---;---;---;---;---;---;---;---;---;---
gn-native.do_rm_work;---;---;---;---;---;---;---;964.14;---;---;---;---;---;---;---;---;---;---;---;---;---;---;---;---;---;---;---;---;---;---;---;---;---;---;---;---;---;---;---;---;---;---;---;---;---;---;---;---;---;---;---;---;---;---;---;---;---;---;---;---;---;---;---;---;---;---;---;---;---;---;---;---;---;---;---;---;---;---;---;---;---;---;---;---;---;---;---;---;---;---;---;---;---;---;---;---;---;---;---;---;---;---;---;---;---;---;---;---;---;---;---;---;---;---;---;---;---;---;---;---;---;---;---;---;---;---;---;---;---;---;---;---;---;---;---;---;---;---;---;---;---;---;---;---;---;---;---;---;---;---;---;---;---;---;---;---;---;---;---;---;---;---;---;---;---;---;---;---
gn-native.do_unpack;---;---;---;---;1738.02;---;2498.89;951.15;---;---;---;---;---;---;---;---;---;---;---;137.25;---;---;---;---;---;---;---;---;---;---;116.40;---;---;---;127.39;---;---;---;---;---;---;---;114.98;---;---;---;---;---;391.96;---;164.57;183.07;---;264.61;---;---;---;---;---;---;---;---;---;---;---;---;---;---;---;---;---;---;155.50;---;---;---;---;---;---;---;---;---;393.56;---;---;---;347.75;---;---;---;376.75;---;---;---;---;248.23;274.73;---;247.89;252.97;---;---;---;---;---;295.43;317.40;---;---;---;361.33;---;---;---;---;---;---;---;---;---;---;---;---;94.81;---;---;275.69;---;---;---;---;---;---;---;---;---;---;---;344.25;---;---;---;301.45;---;---;---;252.70;---;229.19;---;---;---;---;---;---;---;---;---;---;---;---;---;---;---;---;---;---;---
gnome-themes-extra.do_install;---;---;---;---;---;---;---;---;---;---;---;---;---;---;---;---;---;---;---;---;---;---;---;---;---;---;---;---;---;---;---;---;---;---;---;---;---;---;---;---;---;---;---;---;---;---;---;---;---;---;---;---;---;---;---;---;---;---;---;589.78;739.58;613.01;---;---;---;---;---;---;---;---;---;---;---;---;---;---;513.73;459.19;314.13;---;507.51;---;614.56;---;544.49;---;553.19;---;512.29;207.08;470.66;---;189.03;---;510.20;246.05;635.67;---;255.75;338.14;---;---;---;514.36;---;606.63;592.88;---;529.05;---;543.11;---;---;---;---;---;---;---;---;---;---;---;---;---;267.91;648.01;373.40;---;---;---;---;---;---;---;---;---;351.33;578.70;512.57;---;344.35;785.53;408.57;---;603.33;505.82;589.46;---;262.94;---;---;---;---;---;---;---;---;---;---;---;---;---;---;---;---;---;---;---
gnome-themes-standard.do_install;---;---;---;---;---;---;3355.25;834.33;952.88;903.68;---;---;159.01;156.49;178.19;---;788.80;1049.33;896.44;149.15;788.11;815.00;844.66;836.39;993.97;919.76;---;---;2896.06;---;144.06;778.30;833.78;820.07;160.00;826.96;610.81;771.59;149.64;816.59;655.45;769.89;145.77;905.90;459.35;867.31;163.48;876.95;933.77;923.57;140.70;187.61;2868.50;186.79;---;1143.48;951.59;907.49;232.40;---;---;---;---;574.04;493.87;697.55;---;---;---;---;---;---;462.43;581.32;550.42;---;---;---;---;---;---;---;---;---;---;---;---;---;---;---;---;---;---;---;---;---;---;---;---;---;---;---;---;---;---;---;---;---;---;---;---;---;---;---;---;---;605.67;807.44;629.82;---;652.99;693.90;626.75;---;---;---;---;---;484.76;693.59;464.53;---;503.95;639.14;582.88;---;---;---;---;---;---;---;---;---;---;---;---;---;---;---;---;---;231.57;---;257.71;---;166.38;167.20;192.93;---;961.58;1021.19;972.77;177.04;1014.83;1045.20;---;---
gnutls.do_configure;---;---;---;---;---;---;---;---;---;---;---;---;---;---;---;---;---;---;---;---;---;---;---;---;---;---;---;---;---;---;---;---;---;---;---;---;---;---;---;---;---;---;---;---;---;---;---;---;---;---;---;---;---;---;---;---;---;---;---;---;---;---;---;---;---;---;---;---;---;---;---;---;---;---;---;---;---;---;---;---;---;---;---;---;---;---;---;---;---;---;---;---;---;---;---;---;---;---;---;---;---;---;---;---;---;---;---;---;---;---;---;---;---;---;---;---;---;---;---;---;---;---;---;---;---;---;---;---;---;---;---;---;---;---;---;---;---;---;---;---;---;---;---;---;---;---;---;---;---;---;---;---;---;---;---;---;---;---;---;---;433.63;---;---;---;---;---;---;---
gnutls-native.do_configure;---;---;---;---;---;---;---;---;---;---;---;---;---;---;---;---;---;---;---;---;---;---;---;---;---;---;---;---;---;---;---;---;---;---;---;---;---;---;---;---;---;---;---;---;---;---;---;---;---;---;---;---;---;---;---;---;---;---;---;---;---;---;---;---;---;---;---;---;---;---;---;---;199.21;---;206.38;---;---;---;291.96;---;---;---;---;---;---;---;---;---;---;---;---;---;---;---;---;---;---;---;---;---;---;---;---;---;---;---;---;---;---;---;---;---;---;---;---;---;---;---;---;---;---;---;---;---;289.88;---;351.40;---;---;---;---;---;247.87;---;301.09;---;251.84;142.22;325.68;---;273.81;---;289.94;---;---;---;268.47;---;---;---;---;---;---;---;---;---;---;---;---;---;---;---;---;---;---;---;---;---
gstreamer1.0-plugins-bad.do_configure;---;---;---;---;---;---;---;---;---;---;---;---;---;---;---;---;---;---;---;---;---;---;---;---;---;---;---;---;---;---;---;---;---;---;---;---;---;---;---;---;---;---;---;---;---;---;---;---;---;---;---;---;---;---;---;---;---;---;---;---;---;---;---;---;---;---;---;---;---;---;---;---;---;---;---;---;---;---;---;---;---;---;---;---;---;---;---;---;---;---;---;---;---;---;---;---;---;---;---;---;---;---;---;---;---;---;---;---;---;---;---;---;---;---;---;---;---;---;---;---;---;---;155.98;---;---;---;---;---;---;---;---;---;---;---;---;---;---;---;---;---;---;---;---;---;---;---;---;---;---;---;---;---;---;---;---;---;---;---;---;---;---;---;---;---;---;---;---;---
gstreamer1.0-plugins-good.do_configure;---;---;---;---;---;---;---;---;---;---;---;---;---;---;---;---;---;---;---;---;---;---;---;---;---;---;---;---;2000.35;---;---;---;---;---;124.84;---;---;---;---;---;---;---;---;---;---;---;136.80;---;253.94;---;---;---;---;---;---;---;---;---;---;---;---;---;---;---;---;---;---;---;---;---;---;---;---;---;---;---;---;---;---;---;---;---;---;---;---;---;---;---;---;---;---;---;---;---;---;---;---;---;---;---;---;---;---;---;---;---;---;---;---;---;---;---;---;---;---;---;---;---;---;---;---;173.64;---;103.46;---;---;---;---;---;---;---;---;---;---;---;---;---;---;---;---;---;---;---;---;---;---;---;---;---;---;---;---;---;---;---;---;---;---;---;---;---;---;---;---;---;---;---;---
gtk+3.do_compile;---;---;---;---;---;---;2799.88;---;---;---;---;---;---;---;---;---;---;---;---;---;---;---;---;---;---;---;---;---;---;---;---;---;---;---;---;---;---;---;---;---;---;---;---;---;---;---;---;---;---;---;---;---;---;---;---;---;---;---;---;---;---;---;---;---;---;---;---;---;---;---;---;---;---;---;---;---;---;---;---;---;---;---;---;---;---;---;---;---;---;---;---;---;---;---;---;---;---;---;---;---;---;---;---;---;---;---;---;---;---;---;---;---;---;---;---;---;---;---;---;---;---;---;---;---;---;---;---;---;---;---;---;---;---;---;---;---;---;---;---;---;---;---;---;---;---;---;---;---;---;---;---;---;---;---;---;---;---;---;---;---;---;---;---;---;---;---;---;---
gtk+3-native.do_compile;---;---;---;---;1878.22;---;---;---;---;---;---;---;---;---;---;---;---;---;---;---;---;---;---;---;---;---;---;---;---;---;---;---;---;---;---;---;---;---;---;---;---;---;---;---;---;---;---;---;---;---;---;---;---;---;---;---;---;---;---;---;---;---;---;---;---;---;---;---;---;---;---;---;---;---;---;---;---;---;---;---;---;---;---;---;---;---;---;---;---;258.94;---;---;188.64;230.12;---;---;---;---;---;---;239.35;243.52;234.07;---;---;---;---;---;---;---;---;---;---;---;---;---;---;---;---;---;---;---;---;---;---;---;---;---;---;---;---;---;---;---;---;---;---;---;---;---;---;---;---;---;---;---;---;---;---;---;---;---;---;---;---;---;---;---;---;---;---;---;---;---;---;---;---;---
icu.do_compile;---;---;---;---;---;---;---;---;---;---;---;---;---;---;---;---;---;---;---;163.18;---;---;---;---;---;---;---;---;---;---;---;---;---;---;---;---;---;---;---;---;---;---;---;---;---;---;124.98;---;---;---;---;---;---;---;---;---;---;---;208.74;---;---;---;---;---;---;---;---;267.20;---;---;---;---;---;---;---;---;---;---;---;---;---;---;---;---;---;---;---;---;---;---;---;---;---;---;---;---;---;---;---;---;---;---;---;---;---;---;---;---;---;---;---;---;---;---;---;---;---;---;---;---;---;---;---;---;---;---;---;---;---;---;---;---;---;---;---;111.84;---;---;---;---;---;---;---;---;---;---;---;---;---;---;---;---;---;---;---;---;---;---;---;---;---;---;---;---;---;---;---;---
l3afpad.do_configure;---;---;---;---;---;---;---;---;---;---;---;---;---;---;---;---;---;---;---;---;---;---;---;---;---;---;---;---;1345.70;---;---;---;---;---;---;---;---;---;---;---;---;---;---;---;---;---;---;---;---;---;---;---;---;---;---;---;---;---;---;---;---;---;---;---;---;---;---;---;---;---;---;---;---;---;---;---;---;---;---;---;---;---;---;---;---;---;---;---;---;---;---;---;---;---;---;---;---;---;---;---;---;---;---;---;---;---;---;---;---;---;---;---;---;---;---;---;---;---;---;---;---;---;---;---;---;---;---;---;---;---;---;---;---;---;---;---;---;---;---;---;---;---;---;---;---;---;---;---;---;---;---;---;---;---;---;---;---;---;---;---;---;---;---;---;---;---;---;---
libarchive-native.do_configure;---;---;---;---;---;---;---;---;---;---;---;---;---;---;---;---;---;---;---;---;---;---;---;---;---;---;---;---;---;---;---;---;---;---;---;---;---;---;---;---;---;---;---;---;---;---;---;---;---;---;---;---;---;---;---;---;---;---;---;---;---;---;---;---;---;---;---;---;---;---;---;---;---;---;---;---;---;---;---;---;---;---;---;---;---;---;---;---;---;---;---;---;---;---;---;---;---;---;---;---;---;---;---;---;---;---;---;---;---;---;---;---;---;---;---;---;---;---;---;---;---;---;---;---;---;---;---;---;---;---;---;---;---;---;---;---;---;157.46;---;96.15;---;---;---;89.64;---;---;---;---;---;---;---;---;---;---;---;---;---;---;---;---;---;---;---;---;---;---;---;---
libidn.do_configure;---;---;---;---;---;---;---;---;---;---;---;---;---;---;---;---;---;---;---;---;---;---;---;---;---;---;---;---;---;---;---;273.77;---;---;---;332.26;---;---;---;354.47;---;---;---;366.63;---;---;---;342.61;---;---;---;---;---;---;---;---;---;---;---;---;---;---;---;---;---;---;---;---;---;---;---;---;---;---;---;---;---;---;---;---;---;---;---;---;---;---;---;---;---;---;---;---;---;---;---;---;---;---;---;---;---;---;---;---;---;---;---;---;---;---;---;---;---;---;---;---;---;---;---;---;281.34;---;---;---;---;---;---;---;---;---;---;---;---;---;---;---;---;---;---;---;---;---;---;---;---;---;---;---;---;---;---;---;---;---;---;---;---;---;---;---;---;---;---;---;---;---;---;---
librsvg.do_compile;---;---;---;---;---;---;---;---;---;---;---;---;---;---;---;---;---;---;---;---;---;---;---;---;---;---;---;---;---;---;---;---;---;---;---;---;---;---;---;---;---;---;---;---;---;---;---;---;---;---;---;---;---;---;---;---;---;---;---;---;---;---;---;---;---;---;---;---;---;---;---;---;---;---;---;---;---;---;---;---;---;---;---;---;---;---;---;---;---;---;---;---;---;---;---;---;---;---;---;---;---;---;---;352.43;221.65;---;---;---;---;---;---;---;---;---;---;---;---;---;---;---;---;---;---;---;---;---;---;---;---;---;---;---;---;---;---;---;---;---;---;---;---;---;---;---;---;---;---;---;---;---;---;---;---;---;---;---;---;---;---;---;---;---;---;---;---;---;---;---
libsdl2-native.do_configure;---;---;---;---;---;---;---;---;---;---;---;---;---;---;---;---;---;---;---;---;---;---;---;---;---;---;---;---;---;---;---;---;---;---;---;---;---;---;---;---;---;---;---;---;---;---;---;---;---;---;---;---;---;---;---;---;---;---;---;---;---;---;---;---;---;---;---;---;---;---;---;---;---;---;---;---;---;---;---;---;---;---;---;---;---;---;---;---;---;---;---;---;---;---;---;---;---;---;---;---;---;---;---;---;---;---;---;---;---;---;---;---;---;---;---;---;---;---;---;---;---;---;---;---;---;---;---;---;---;---;---;---;---;---;---;---;---;---;---;85.17;---;---;---;---;---;---;---;---;---;---;---;---;---;---;---;---;---;---;---;---;---;---;---;---;---;---;---;---
libunistring.do_configure;---;---;---;---;---;---;---;---;---;---;---;---;---;---;---;---;---;---;---;---;---;---;---;---;---;---;---;---;---;---;---;---;---;---;---;269.36;---;---;---;285.04;---;---;---;---;---;---;---;---;---;---;---;---;---;---;---;---;---;---;---;---;---;---;---;---;---;---;---;---;---;---;---;---;---;---;---;---;---;---;---;---;---;---;---;---;---;---;---;---;---;---;---;---;---;---;---;---;---;---;---;---;---;---;---;---;---;---;---;---;---;---;---;---;---;---;---;---;---;---;---;---;230.48;---;---;---;---;---;---;---;---;---;---;---;---;---;---;---;---;---;---;---;---;---;---;---;---;---;---;---;---;---;---;---;---;---;---;---;---;---;---;---;---;---;---;---;---;---;---;---
linux-yocto.do_compile;700.68;639.92;723.67;---;2649.69;---;2496.18;---;---;---;1286.84;334.70;---;---;---;---;---;---;---;---;---;---;---;---;---;---;---;---;---;---;---;---;---;---;---;---;---;---;---;---;---;---;---;---;---;---;---;---;---;---;---;---;---;---;---;---;---;---;---;---;---;---;---;---;---;---;---;---;---;---;---;---;---;---;---;---;---;---;---;---;---;---;---;---;---;---;---;---;---;---;---;---;---;---;---;---;---;---;---;---;---;---;---;---;---;---;---;---;---;---;---;---;---;---;---;---;---;---;---;---;---;---;---;---;---;---;---;---;---;---;---;---;---;---;---;---;---;---;---;---;---;---;---;---;---;---;---;---;---;---;---;---;---;---;---;---;---;---;---;---;---;---;---;---;---;---;1445.44;313.84
linux-yocto.do_compile_kernelmodules;---;---;---;---;2127.37;---;---;---;---;---;---;---;---;---;---;---;---;---;---;---;---;---;---;---;---;---;---;---;---;---;---;---;---;---;---;---;---;---;---;---;---;---;---;---;---;---;---;---;---;---;---;---;---;---;---;---;---;---;---;---;---;---;---;---;---;---;---;---;---;---;---;---;---;---;---;---;---;---;---;---;---;---;---;---;---;---;---;---;---;---;---;---;---;---;---;---;---;---;---;---;---;---;---;---;---;---;---;---;---;---;---;---;---;---;---;---;---;---;---;---;---;---;---;---;---;---;---;---;---;---;---;---;---;---;---;---;---;---;---;---;---;---;---;---;---;---;---;---;---;---;---;---;---;---;---;---;---;---;---;---;---;---;---;---;---;---;---;---
linux-yocto.do_kernel_configcheck;---;---;---;---;---;---;---;---;---;---;---;---;---;---;---;---;---;---;---;---;---;---;---;---;---;---;---;---;---;---;---;---;---;---;---;---;---;---;---;---;---;---;---;---;---;---;---;---;---;---;---;---;---;---;---;---;---;---;---;---;---;---;---;---;---;---;---;---;---;---;---;---;---;---;207.80;---;---;---;---;---;---;---;---;---;---;---;---;---;---;---;---;---;---;---;---;---;---;---;---;---;---;---;---;---;---;---;---;---;---;---;---;---;---;---;---;---;312.50;---;193.92;---;---;---;---;---;---;---;---;---;261.66;---;349.19;---;275.75;---;349.95;---;---;---;---;---;---;---;---;---;---;---;---;---;---;---;---;---;---;---;---;---;---;---;---;---;---;---;---;---;---;---;---;---
matchbox-keyboard.do_configure;---;---;---;---;---;---;---;---;---;---;---;---;---;---;---;---;---;---;---;---;---;---;---;---;---;---;---;---;1795.38;---;---;---;---;---;---;---;---;---;---;---;---;---;---;---;---;---;---;---;---;---;---;---;---;---;---;---;---;---;---;---;---;---;---;---;---;---;---;---;---;---;---;---;---;---;---;---;---;---;---;---;---;---;---;---;---;---;---;---;---;---;---;---;---;---;---;---;---;---;---;---;---;---;---;---;---;---;---;---;---;---;---;---;---;---;---;---;---;---;---;---;---;---;---;---;---;---;---;---;---;---;---;---;---;---;---;---;---;---;---;---;---;---;---;---;---;---;---;---;---;---;---;---;---;---;---;---;---;---;---;---;---;---;---;---;---;---;---;---
mesa.do_compile;775.77;---;898.65;---;1742.69;---;---;---;---;---;---;---;---;---;---;---;---;---;---;---;---;---;---;---;---;---;---;---;---;---;---;---;---;---;---;---;---;---;---;---;---;---;---;---;---;---;---;---;---;---;---;---;---;---;---;---;---;---;---;---;---;---;---;---;---;---;---;---;---;---;---;---;---;---;---;---;---;---;---;---;---;---;---;---;---;---;---;---;---;---;---;---;---;---;---;---;---;---;---;---;---;---;---;---;---;---;---;---;---;---;---;---;---;---;---;---;---;---;---;---;---;---;---;---;---;---;---;---;---;---;---;---;---;---;---;---;---;---;---;---;---;---;---;---;---;---;---;92.60;---;---;---;---;---;---;---;---;---;---;---;---;---;---;---;---;---;---;---;---
modutils-initscripts.do_package_qa;---;---;---;---;---;---;---;---;---;---;---;---;---;---;---;---;---;---;---;---;---;---;---;---;---;---;---;---;---;---;---;---;---;---;---;---;---;---;---;---;---;---;---;---;---;---;---;---;---;---;---;---;2625.17;---;---;---;---;---;---;---;---;---;---;---;---;---;---;---;---;---;---;---;---;---;---;---;---;---;---;---;---;---;---;---;---;---;---;---;---;---;---;---;---;---;---;---;---;---;---;---;---;---;---;---;---;---;---;---;---;---;---;---;---;---;---;---;---;---;---;---;---;---;---;---;---;---;---;---;---;---;---;---;---;---;---;---;---;---;---;---;---;---;---;---;---;---;---;---;---;---;---;---;---;---;---;---;---;---;---;---;---;---;---;---;---;---;---;---
nodejs-native.do_compile;1641.18;1226.74;1734.87;535.57;1675.57;1817.07;3137.84;---;2773.56;2703.01;2943.86;726.33;---;---;---;---;---;---;---;195.53;---;---;---;---;---;---;303.03;---;---;---;---;---;---;---;---;---;---;---;---;---;---;---;---;---;---;---;157.41;---;---;---;---;---;---;---;---;---;---;---;586.74;612.55;268.35;577.42;136.70;---;---;---;124.68;420.45;---;---;---;167.06;960.03;1468.56;834.38;353.33;516.04;459.19;478.27;357.13;611.15;399.77;426.71;196.80;871.77;878.28;762.59;434.54;938.40;873.93;832.00;366.06;509.10;842.62;782.00;526.20;781.14;548.47;521.84;522.56;864.84;856.23;826.10;795.59;436.94;739.23;752.65;550.87;925.50;879.51;862.25;457.43;---;---;---;---;228.25;---;224.81;115.11;---;---;---;107.21;308.40;---;372.47;94.43;204.50;---;269.99;77.77;210.94;---;277.48;83.65;256.90;---;362.76;83.55;282.36;176.34;291.01;84.99;400.60;289.80;384.80;379.25;421.37;---;---;---;---;---;---;94.35;---;---;---;---;---;---;---;198.36;2518.53;2733.49;3072.68;739.09
nodejs-native.do_populate_sysroot;---;---;---;---;---;---;---;1010.35;---;---;---;---;---;---;---;---;---;---;---;---;---;---;---;---;---;---;152.12;---;---;---;---;---;---;---;---;---;---;---;---;---;---;---;---;---;---;---;---;---;---;---;---;---;---;---;---;---;---;---;---;---;---;---;---;---;---;---;---;---;---;---;---;---;---;---;---;---;---;---;---;---;---;---;---;---;---;---;---;---;---;---;---;---;---;---;---;---;---;---;---;---;---;---;---;---;---;---;---;---;---;---;---;---;---;---;---;---;---;---;---;---;---;---;---;---;---;---;---;---;---;---;---;---;---;---;---;---;---;---;---;---;---;---;---;---;---;---;---;---;---;---;---;---;---;---;---;---;---;---;---;---;---;---;---;---;---;---;---;---
nss.do_compile;---;---;---;---;---;---;---;---;---;---;---;---;108.41;118.58;103.03;93.30;725.40;465.45;---;153.83;664.42;491.97;---;775.68;---;647.25;179.88;---;---;---;152.40;270.65;294.79;---;185.85;331.98;297.72;---;187.28;345.86;298.07;---;185.56;354.52;---;---;128.96;309.41;---;---;131.38;---;---;---;88.74;---;781.48;---;---;404.11;---;---;---;372.72;244.55;---;---;---;288.01;---;323.20;---;---;---;---;88.71;413.24;403.56;363.32;---;448.24;297.77;---;---;378.20;273.09;---;---;---;241.55;---;---;---;227.36;417.69;---;---;108.76;---;---;227.27;226.50;226.92;422.34;195.94;---;---;109.09;464.61;300.46;495.52;---;152.05;---;---;83.96;---;---;---;87.97;250.71;208.04;---;84.36;---;165.77;---;92.32;---;---;---;87.04;---;---;---;87.32;---;180.19;---;102.28;---;---;---;95.23;303.87;---;---;98.64;198.06;155.41;---;---;224.69;201.43;---;---;127.85;143.54;---;85.05;509.09;---;382.27;227.46;---;---;---;---
nss-native.do_compile;---;---;---;---;---;---;---;---;---;---;---;---;---;---;---;---;---;---;---;---;---;---;---;---;---;---;---;---;---;---;112.74;---;---;---;139.70;---;---;---;140.94;---;---;---;141.14;---;---;---;---;---;---;---;---;---;---;---;---;---;---;---;---;---;---;---;---;---;---;---;---;---;---;---;---;---;---;---;---;---;---;---;---;---;---;347.46;---;---;---;458.16;---;---;---;397.81;---;---;282.97;412.82;---;---;---;---;---;---;400.73;409.83;397.40;---;---;---;---;---;---;396.04;---;---;---;---;---;---;---;---;---;---;---;---;---;---;---;173.92;---;74.33;---;---;---;---;---;---;---;---;---;---;---;---;---;---;---;---;---;---;---;---;---;---;---;---;---;---;---;---;---;---;---;---;---;---;---;174.67;---;---;---;---
perl.do_configure;---;---;---;---;---;---;---;---;---;---;---;---;---;---;---;---;531.55;---;---;---;557.99;---;416.93;---;---;---;---;---;---;---;---;---;---;---;---;---;---;---;---;284.66;---;---;---;---;---;---;---;---;---;---;---;---;---;---;---;---;---;---;---;---;---;---;---;---;---;---;---;---;---;---;---;---;---;---;---;---;---;---;---;---;340.61;---;---;---;---;---;---;---;---;---;300.22;---;---;---;---;---;---;---;---;---;---;---;---;---;---;---;---;---;---;---;---;---;---;---;---;---;---;---;---;---;211.63;---;---;---;---;---;---;---;---;---;---;---;---;---;---;---;---;---;---;---;---;---;---;---;---;---;---;---;---;---;---;---;---;---;---;---;---;---;---;---;475.55;---;---;---;---;---;---;---
perl.do_package;---;---;---;---;---;---;---;---;---;---;---;---;---;---;---;---;---;---;---;---;---;---;---;---;---;---;---;---;---;---;---;---;---;---;---;---;---;---;---;---;---;---;---;---;---;---;---;---;---;---;---;---;---;---;---;---;---;---;---;---;---;---;---;---;---;---;---;---;---;---;---;---;---;---;---;85.02;---;---;---;---;---;---;---;165.05;---;---;---;---;---;---;---;---;---;---;---;---;---;---;---;---;---;---;---;---;---;---;---;---;---;---;---;---;---;---;---;---;---;---;---;---;---;---;---;---;---;---;---;---;---;---;---;---;---;---;---;---;---;---;---;---;---;---;---;---;---;---;---;---;---;---;---;---;---;---;---;---;---;---;---;---;---;---;---;---;---;---;---;---
perl.do_package_write_rpm;---;---;---;---;---;---;---;---;---;---;---;---;---;---;---;---;---;---;---;---;---;---;---;---;---;---;---;---;---;---;---;---;---;---;---;---;---;---;---;---;---;---;---;---;---;---;---;---;---;---;---;---;---;---;---;---;---;---;---;---;---;---;---;---;---;---;---;---;---;---;---;---;---;---;---;---;---;---;---;---;---;---;---;---;357.40;218.82;---;---;369.28;---;---;140.56;---;---;---;---;---;---;---;---;---;---;---;---;---;---;---;---;---;---;---;---;---;---;---;---;---;---;---;---;---;---;---;---;---;---;---;---;---;---;---;---;---;---;---;---;---;---;---;---;---;---;---;---;---;---;---;---;---;---;---;---;---;---;---;---;---;---;---;---;---;---;---;---;---;---;---;---
perl-native.do_populate_sysroot;---;---;---;---;---;---;2866.49;---;---;---;---;---;---;---;---;---;---;---;---;---;---;---;---;---;---;---;---;---;---;---;---;---;---;---;---;---;---;---;---;---;---;---;---;---;---;---;---;---;---;---;---;---;---;---;---;---;---;---;---;---;---;---;---;---;---;---;---;---;---;---;---;---;---;---;---;---;---;---;---;---;---;---;---;---;---;---;---;---;---;---;---;---;---;---;---;---;---;---;---;---;---;---;---;---;---;---;---;---;---;---;---;---;---;---;---;---;---;---;---;---;---;---;---;---;---;---;---;---;---;---;---;---;---;---;---;---;---;---;---;---;---;---;---;---;---;---;---;---;---;---;---;---;---;---;---;---;---;---;---;---;---;---;---;---;---;---;---;---
puzzles.do_configure;---;---;---;---;---;---;---;---;---;---;---;---;---;---;---;---;---;---;---;---;---;---;---;---;---;---;---;---;1143.23;---;---;---;---;---;---;---;---;---;---;---;---;---;---;---;---;---;---;---;---;---;---;---;---;---;---;---;---;---;---;---;---;---;---;---;---;---;---;---;---;---;---;---;---;---;---;---;---;---;---;---;---;---;---;---;---;---;---;---;---;---;---;---;---;---;---;---;---;---;---;---;---;---;---;---;---;---;---;---;---;---;---;---;---;---;---;---;---;---;---;---;---;---;---;---;---;---;---;---;---;---;---;---;---;---;---;---;---;---;---;---;---;---;---;---;---;---;---;---;---;---;---;---;---;---;---;---;---;---;---;---;---;---;---;---;---;---;---;---
python-native.do_compile;---;---;---;---;---;---;---;---;---;---;---;---;---;---;---;---;---;---;---;---;---;---;---;---;---;---;---;---;---;---;---;---;---;---;---;---;---;---;---;---;---;---;---;---;---;---;---;---;---;---;---;---;---;---;---;---;---;---;---;---;---;---;---;---;---;---;---;---;---;---;---;---;---;---;---;---;---;---;---;---;---;---;---;---;---;---;---;---;---;---;---;---;---;---;---;---;---;---;---;---;---;---;---;---;---;---;---;---;---;---;---;---;---;---;---;---;---;---;---;---;---;---;---;---;---;---;---;---;---;---;---;---;---;---;---;---;---;---;---;---;---;---;---;---;---;---;---;---;301.24;---;---;---;---;---;---;---;---;---;---;---;---;---;---;---;---;---;---;---
python-native.do_configure;---;---;---;---;---;1177.19;---;---;---;---;---;---;---;---;---;---;---;---;---;---;---;---;---;---;---;---;---;---;---;---;---;---;---;---;---;---;---;---;---;---;---;---;---;---;---;---;---;---;---;---;---;---;---;---;---;---;---;---;---;---;---;---;---;---;---;---;---;---;---;---;---;---;---;---;---;---;---;---;---;---;---;---;---;---;---;---;---;---;---;---;---;---;---;---;---;---;---;---;---;---;---;---;---;---;---;---;---;---;---;---;---;---;---;---;---;---;---;---;---;---;---;---;---;---;---;---;---;---;---;---;---;---;---;---;---;---;---;---;---;---;---;---;---;---;---;---;---;---;---;---;---;---;---;---;---;---;---;---;---;---;---;---;---;---;---;---;---;---
python-native.do_populate_sysroot;---;---;---;---;---;3246.79;---;1335.53;---;---;---;---;---;---;---;---;---;---;---;---;---;---;---;---;---;---;---;---;---;---;---;---;---;---;---;---;---;---;---;---;---;---;---;---;---;---;---;---;---;---;---;---;---;---;---;---;---;---;---;---;---;---;---;---;---;---;---;---;---;---;---;---;---;---;---;---;---;---;---;---;---;---;---;---;---;---;---;---;---;---;---;---;---;---;---;---;---;---;---;---;---;---;---;---;---;---;---;---;---;---;---;---;---;---;---;---;---;---;---;---;---;---;---;---;---;---;---;---;---;---;---;---;---;---;---;---;---;---;---;---;---;---;---;---;---;---;---;---;---;---;---;---;---;---;---;---;---;---;---;---;---;---;---;---;---;---;---;---
python3.do_package;---;---;---;300.91;---;---;---;---;---;---;---;---;---;---;---;---;---;---;---;---;---;---;---;---;---;---;---;---;---;---;---;---;---;---;---;---;---;---;---;---;---;---;---;---;---;---;---;---;---;---;---;---;---;---;---;---;---;---;---;---;---;---;---;---;---;---;---;---;---;---;---;---;---;---;---;---;---;---;---;---;---;---;---;---;---;---;---;---;---;---;---;---;---;---;---;---;---;---;---;---;---;---;---;---;---;---;---;---;---;---;---;---;---;---;---;---;---;---;---;---;---;---;---;---;---;---;---;---;---;---;---;---;---;---;---;---;---;---;---;---;---;---;---;---;---;---;---;---;---;---;---;---;---;---;---;---;---;---;---;---;---;---;---;---;---;---;---;---
python3-native.do_populate_sysroot;---;---;---;---;---;4908.73;---;2188.94;---;---;---;---;111.05;---;109.71;90.30;---;---;---;---;---;---;---;---;---;---;---;---;---;---;---;---;261.14;---;117.66;---;---;---;116.54;---;---;---;---;---;---;---;---;---;---;---;---;---;---;---;---;---;---;---;---;---;---;---;---;---;---;---;---;---;---;---;---;---;---;---;---;---;---;---;---;---;---;---;---;---;---;---;---;---;---;---;---;---;---;---;---;---;---;---;---;---;---;---;---;---;---;---;---;---;---;---;---;---;---;---;---;---;---;---;---;---;---;---;156.07;---;---;---;---;---;---;---;---;---;---;---;---;---;---;---;---;---;---;---;---;---;---;---;---;---;---;---;---;---;---;---;---;---;---;---;---;---;---;---;---;---;---;---;---;---
qemu-system-native.do_compile;881.84;742.36;920.52;356.05;---;---;---;---;1189.98;1326.25;1422.85;443.37;---;114.15;---;---;---;432.83;---;183.71;---;599.63;---;---;542.16;---;228.66;---;---;---;140.08;---;282.18;---;---;---;265.56;---;---;---;---;---;---;---;327.03;---;---;---;---;---;---;---;---;---;---;899.06;1117.91;867.57;341.24;---;---;---;107.00;---;301.41;---;103.08;341.43;---;294.84;---;130.55;---;283.45;179.27;110.79;---;---;---;99.61;---;---;---;---;---;---;---;---;---;---;---;---;---;215.91;---;---;---;---;---;---;---;---;---;---;181.87;---;---;---;---;186.29;---;---;---;181.97;133.59;102.28;---;241.91;---;---;---;134.08;---;---;---;301.16;---;---;---;231.43;---;---;---;262.00;---;---;---;232.37;---;82.67;---;201.01;---;81.42;---;---;---;86.82;---;---;138.79;103.81;---;219.83;194.30;---;---;164.58;126.57;---;---;479.94;---;152.80;1344.84;1340.06;1565.64;441.23
qemu-system-native.do_configure;---;---;---;---;---;---;---;---;---;---;---;---;---;---;---;---;---;---;---;---;---;---;---;---;---;---;---;---;---;---;---;---;---;---;---;---;---;---;---;---;---;---;---;---;---;---;---;---;---;---;---;---;---;---;---;---;---;---;---;---;---;---;---;---;---;---;---;---;---;---;---;---;---;---;---;---;---;---;---;---;---;---;---;---;---;---;---;---;---;---;---;---;---;---;---;---;---;---;---;---;---;---;---;---;---;---;---;---;---;---;---;---;---;---;---;---;---;---;---;---;---;---;---;---;---;---;---;---;---;---;---;---;---;---;---;---;---;147.76;---;---;---;---;---;---;---;---;---;---;---;---;---;---;---;---;---;---;---;---;---;---;---;---;---;---;---;---;---;---
qtbase.do_compile;3979.02;4073.86;3998.93;1219.93;4723.99;3057.66;9025.56;1482.35;4397.85;4175.69;5238.02;1940.09;420.80;191.51;414.09;179.93;1520.19;752.40;1440.83;665.27;1403.97;722.36;1371.33;1919.67;976.57;1728.68;864.42;1107.62;---;1601.70;472.00;909.19;417.72;875.86;409.84;845.66;422.41;880.05;410.22;841.82;440.80;901.26;390.19;1064.83;485.58;1042.55;440.25;1008.22;506.23;1007.56;435.99;589.63;269.48;563.59;258.68;3987.69;2586.60;3766.96;1345.32;987.98;409.95;876.51;325.94;1063.84;531.95;990.34;425.91;1173.97;1126.82;520.99;1259.72;437.64;713.22;312.62;656.22;291.13;790.87;283.16;521.51;246.29;836.21;270.43;878.35;242.83;770.49;293.61;929.43;246.08;742.08;280.38;844.90;238.28;276.33;276.56;902.84;494.96;942.43;231.01;527.53;531.23;276.68;285.58;280.38;818.01;517.59;960.28;943.42;234.32;764.90;285.57;594.05;237.10;720.32;300.96;708.90;266.21;692.44;297.47;636.52;265.97;643.90;284.24;630.05;277.66;502.05;286.94;529.87;257.56;686.88;304.52;659.91;273.90;700.10;313.40;644.70;269.47;752.60;285.03;622.40;218.42;580.48;248.93;556.87;204.01;704.53;427.81;689.67;235.19;499.60;721.75;723.55;280.38;1014.13;326.38;972.65;307.47;664.43;241.99;670.37;228.25;1249.35;777.07;1250.07;655.72;3522.40;3349.32;5762.27;1882.97
qtbase.do_configure;---;---;---;480.81;---;---;---;---;---;---;1631.12;278.41;205.74;182.14;188.03;171.87;---;---;509.98;276.57;---;339.09;500.91;584.45;388.21;614.24;339.02;395.34;---;---;255.55;335.07;297.37;369.82;274.28;311.11;309.17;360.48;271.50;307.37;314.12;361.12;269.92;338.58;287.45;376.54;246.07;358.71;286.42;354.91;250.86;193.95;188.04;223.52;175.89;833.53;---;1105.08;261.87;---;---;---;149.00;---;---;288.30;137.83;286.88;448.44;---;453.50;208.48;192.32;171.43;231.78;166.07;---;---;638.56;173.24;---;199.70;---;173.76;337.09;---;---;173.87;500.67;220.45;---;175.25;222.63;---;---;227.74;289.09;176.25;227.77;229.65;205.45;207.02;206.77;---;208.82;278.77;---;175.42;405.48;223.98;548.68;175.29;186.05;160.30;195.79;153.15;209.70;174.59;230.43;163.79;---;166.85;215.19;156.97;---;180.34;252.38;161.37;230.45;170.15;---;162.91;232.74;173.98;---;161.37;---;204.60;267.84;161.13;---;189.43;268.79;163.01;276.73;225.28;313.93;171.53;226.85;187.87;197.96;155.20;190.91;172.38;199.00;163.63;176.01;158.05;179.00;153.92;---;---;419.71;346.88;---;---;1517.00;279.86
qtbase.do_package;---;---;---;---;---;---;---;---;---;---;---;---;157.40;---;159.23;97.36;---;---;---;---;---;---;---;---;---;---;---;960.93;---;---;---;---;---;---;---;---;---;---;---;---;---;---;---;---;---;---;---;---;---;---;---;---;---;---;106.19;---;---;---;---;527.90;---;630.12;131.09;---;---;293.52;---;---;---;---;---;121.00;237.42;---;230.10;101.69;---;---;---;---;---;---;---;---;---;---;---;---;---;---;---;---;---;---;---;---;---;---;---;---;---;---;---;---;---;---;---;---;---;---;---;---;---;---;---;87.42;---;---;---;---;---;---;---;---;217.52;---;---;94.23;---;---;---;---;---;---;---;---;218.85;---;---;---;---;---;---;---;---;---;---;---;---;---;---;90.32;---;---;309.97;93.00;138.93;---;137.84;89.94;---;---;---;---;---;---;---;---
qtbase.do_package_write_rpm;---;---;---;---;---;---;---;---;905.79;918.94;---;---;---;---;---;---;---;---;---;---;---;---;---;---;---;---;---;469.17;---;---;---;249.74;---;252.93;---;---;---;262.15;---;---;---;293.99;---;280.31;---;286.15;---;---;---;283.30;---;---;---;---;---;---;---;---;---;---;---;---;---;---;---;---;---;---;---;---;---;---;---;---;---;---;---;---;---;---;---;---;---;---;---;---;---;---;---;---;---;---;---;---;---;---;---;---;---;---;---;---;---;---;---;---;---;---;---;---;---;---;---;---;---;---;---;---;---;---;---;---;168.53;---;---;---;---;---;---;---;---;---;---;---;---;---;---;---;---;---;---;---;---;---;---;---;---;---;---;---;---;---;---;---;---;---;---;---;---;---;---;---;---;---;1003.38;989.26;---;---
qtdeclarative.do_compile;1373.01;1522.46;1376.32;490.73;---;1466.58;---;---;2238.03;2263.02;1845.29;479.06;240.01;114.72;250.27;107.11;907.42;398.87;1002.95;271.23;987.77;385.12;1033.81;1112.05;496.17;1172.37;345.15;1648.20;---;1554.42;207.80;625.35;221.93;625.60;190.71;632.46;231.96;640.79;196.52;626.18;229.62;647.28;195.63;681.80;259.25;765.73;206.39;761.77;---;721.17;197.72;315.29;---;321.31;131.54;1833.29;941.82;1681.40;485.55;776.78;280.18;865.70;139.81;600.34;236.42;624.73;162.01;434.62;568.62;342.34;520.60;182.32;401.01;135.81;390.13;109.64;530.79;---;624.88;124.65;554.45;---;558.94;127.15;657.59;---;572.59;237.72;592.07;---;396.88;215.82;330.35;---;448.08;360.43;436.04;214.82;354.32;351.99;---;---;---;396.90;289.07;433.51;407.93;213.20;540.24;---;547.50;202.74;328.40;156.16;329.45;120.92;385.08;---;380.65;105.73;475.00;145.20;471.51;123.35;523.00;169.18;527.97;117.71;405.57;---;380.21;105.25;385.55;---;379.76;105.07;602.41;149.79;662.50;124.10;615.04;---;612.96;117.64;475.38;228.75;467.80;120.36;273.79;362.20;358.98;122.45;435.35;---;569.72;132.74;298.91;---;317.84;108.40;780.02;394.58;773.08;277.99;2387.29;2444.53;1881.92;482.81
qtdeclarative.do_package;---;---;---;---;---;---;---;---;---;---;---;---;---;---;---;---;---;---;---;---;---;---;---;---;---;---;---;---;---;764.89;---;---;---;---;---;---;---;---;---;---;---;---;---;---;---;---;---;---;---;---;---;---;---;---;---;---;---;---;---;---;---;---;---;---;---;---;---;---;---;---;---;---;---;---;---;---;---;---;---;---;---;---;---;---;---;---;---;---;---;---;---;---;---;---;---;---;---;---;---;---;---;---;---;---;---;---;---;---;---;---;---;---;---;---;---;---;---;---;---;---;---;---;---;---;---;---;---;---;---;---;---;---;---;---;---;---;---;---;---;---;---;---;---;---;---;---;---;---;---;---;---;---;---;---;---;---;---;---;---;---;---;---;---;---;---;---;---;---
qtdeclarative-native.do_compile;---;---;---;---;---;---;---;---;---;---;---;---;---;---;---;---;---;---;---;---;---;---;---;---;---;---;---;---;---;---;---;---;---;---;---;---;---;---;---;---;---;---;---;---;---;---;---;---;---;---;---;---;---;---;---;---;---;---;---;---;---;---;---;---;---;---;---;---;---;---;---;---;---;---;---;---;---;---;---;---;---;---;---;---;---;---;---;---;---;---;---;---;---;---;---;---;---;---;---;---;---;---;---;---;---;267.41;---;---;---;---;---;---;---;---;---;---;---;---;---;---;---;---;---;---;---;---;253.26;---;---;---;---;---;---;---;---;---;---;---;259.41;---;---;---;---;---;---;---;---;---;---;---;---;---;---;---;---;---;---;---;---;---;---;---;---;---;---;---;---;---
qtlocation.do_compile;---;719.11;---;---;---;---;---;---;---;---;---;---;---;---;---;---;---;---;---;---;---;---;---;---;---;---;---;---;---;---;---;---;---;---;---;---;---;---;---;---;---;---;---;---;---;---;---;---;---;---;---;---;---;---;---;---;852.68;787.00;---;---;---;---;---;---;---;---;---;---;---;---;---;---;---;---;---;---;---;---;---;---;---;---;---;---;---;---;---;---;---;---;---;---;---;---;---;---;---;---;---;---;---;---;---;---;---;---;---;---;---;---;---;---;---;---;---;---;---;---;---;---;---;---;---;---;---;---;---;---;---;---;---;---;---;---;---;---;---;---;---;---;---;---;---;---;---;---;---;---;---;---;---;---;---;---;---;---;---;---;---;---;---;---;---;---;---;---;---;---
qtmultimedia.do_compile;890.08;869.44;898.39;---;1825.14;---;---;---;---;---;---;---;---;---;---;---;---;---;---;---;---;---;---;---;---;521.01;154.92;552.52;---;560.74;---;---;---;---;---;---;---;222.86;---;---;---;222.08;---;---;---;270.51;---;280.23;---;250.82;---;---;---;---;---;1008.47;729.71;1051.59;216.21;---;---;---;---;---;---;---;---;299.45;---;---;---;---;---;---;---;---;---;---;---;---;---;---;---;---;---;---;---;---;---;---;---;---;---;---;---;---;---;---;---;---;---;---;---;---;---;---;---;---;---;---;---;---;---;---;---;---;---;---;---;---;---;---;159.06;---;---;---;---;---;---;---;---;---;---;---;---;---;---;---;---;---;---;---;---;---;---;---;---;---;---;151.27;142.44;---;---;---;226.66;---;---;---;---;---;---;---;---;---;---;---;---;---
qtquickcontrols.do_compile;---;---;---;---;---;---;---;---;---;---;---;---;---;---;---;---;---;---;---;---;---;---;---;---;---;---;---;---;---;648.58;---;---;---;---;---;---;---;---;---;---;---;---;---;---;---;---;---;---;---;---;---;---;---;---;---;---;---;---;---;---;---;---;---;---;---;---;---;---;---;---;---;---;---;---;---;---;---;---;---;---;---;---;---;---;---;---;---;---;---;---;---;---;---;---;---;---;---;---;---;---;---;---;---;---;---;---;---;---;---;---;---;---;---;---;---;---;---;---;---;---;---;---;---;---;---;---;---;---;---;---;---;---;---;---;---;---;---;---;---;---;---;---;---;---;---;---;---;---;---;---;---;---;---;---;---;---;---;---;---;---;---;---;---;---;---;---;---;---
qtquickcontrols2.do_compile;930.58;843.87;923.01;---;1833.10;---;---;---;857.83;---;---;288.52;---;---;---;---;516.28;363.69;486.19;---;496.33;378.39;447.83;632.62;475.66;606.38;187.46;629.27;---;1031.10;---;289.90;---;317.64;---;302.79;206.27;307.87;---;302.46;214.95;312.27;---;329.52;289.14;399.96;---;357.77;---;362.27;---;---;---;---;---;1233.82;836.26;1332.53;---;---;---;---;---;363.46;---;316.43;102.07;408.76;---;247.38;288.00;---;---;---;---;---;---;---;---;---;---;---;---;---;---;---;---;---;---;---;---;---;---;---;---;---;---;---;---;---;---;---;---;---;---;---;---;---;---;---;---;---;156.63;---;158.63;---;---;---;---;---;219.04;---;215.56;---;---;---;---;---;---;---;---;---;---;---;---;---;---;---;---;---;---;---;---;---;---;---;---;---;---;185.68;193.38;---;190.65;190.10;261.95;---;126.28;---;128.67;---;406.19;372.09;436.19;---;787.29;818.30;---;301.67
qtsensors.do_compile;---;---;---;---;---;---;---;---;---;---;---;---;---;---;---;---;---;---;---;---;---;---;---;---;---;---;---;---;---;630.88;---;---;---;---;---;---;---;---;---;---;---;---;---;---;---;---;---;---;---;---;---;---;---;---;---;---;---;---;---;---;---;---;---;---;---;---;---;---;---;---;---;---;---;---;---;---;---;---;---;---;---;---;---;---;---;---;---;---;---;---;---;---;---;---;---;---;---;---;---;---;---;---;---;---;---;---;---;---;---;---;---;---;---;---;---;---;---;---;---;---;---;---;---;---;---;---;---;---;---;---;---;---;---;---;---;---;---;---;---;---;---;---;---;---;---;---;---;---;---;---;---;---;---;---;---;---;---;---;---;---;---;---;---;---;---;---;---;---
qtwebengine.do_compile;9537.54;10438.58;9659.04;4054.52;9010.64;11470.06;13331.28;3472.47;16098.58;16542.84;14820.22;9150.44;374.52;735.20;380.14;273.54;4452.07;4740.98;4530.63;1560.87;4663.55;4810.44;4761.11;6356.10;6743.55;6492.25;2252.18;10661.01;27002.26;21555.64;1033.86;2269.82;2391.35;2311.44;834.50;2314.24;2249.42;2306.12;837.91;2300.01;2080.07;2307.80;838.43;2900.42;2928.48;2891.56;1029.51;2770.45;2283.09;2828.24;1009.87;1542.07;1101.76;1446.80;510.49;12969.35;18807.17;13250.81;5030.75;3669.83;4191.44;3764.61;2927.11;3310.78;3488.65;3363.99;1048.49;7457.13;3243.81;3559.41;3181.00;1001.33;1915.71;1543.94;1925.41;1196.37;2768.10;2474.45;2736.69;1187.97;2694.19;2453.60;2760.95;2140.32;2893.09;2544.87;2875.43;2241.16;2912.79;2482.84;3054.66;2026.15;2376.17;2358.82;2785.96;2413.67;2839.10;1938.97;2427.86;2513.43;2409.23;2394.41;2407.21;2840.61;2384.85;2912.35;2835.30;1941.95;2863.02;2440.29;3014.23;1994.75;1866.87;1989.36;1904.15;574.63;1856.91;1417.93;1858.75;1092.53;1683.04;1229.32;1690.38;600.39;1940.16;1685.18;1941.00;1252.68;1834.00;1557.12;1846.99;1045.29;1833.07;1396.53;1850.33;1016.69;2089.03;2195.75;2095.95;1704.35;2139.85;2243.04;2186.64;1560.40;2503.30;2292.91;2424.38;1118.15;2369.75;2710.93;2570.37;610.23;2280.27;2573.27;2131.79;563.98;1147.15;1356.88;1152.72;413.71;4709.81;4980.92;4746.36;1540.31;16997.11;16838.88;15010.03;9368.65
qtwebengine.do_package;---;---;---;---;---;---;---;---;---;---;---;---;---;---;---;---;---;---;---;---;---;---;---;---;---;---;---;---;---;---;---;---;---;---;---;---;---;---;---;---;---;---;---;---;---;---;---;---;---;---;---;---;---;214.01;---;---;---;---;---;---;---;---;120.67;---;---;---;---;---;---;---;---;---;184.34;155.09;177.07;151.28;---;215.55;---;114.69;---;212.30;---;211.95;---;---;---;210.31;---;---;---;204.75;200.51;242.38;---;---;---;126.12;---;---;206.11;201.65;206.70;---;---;---;---;125.42;---;196.17;---;206.76;---;---;---;---;---;---;---;75.74;---;---;---;---;---;---;---;82.25;---;---;---;75.81;---;---;---;---;---;---;---;84.71;---;---;---;168.65;---;---;---;---;---;---;---;---;---;---;---;---;---;---;---;---;---;---;---;---;---;---;---;---
qtwebengine.do_package_write_rpm;---;---;---;---;---;---;---;---;---;---;---;---;---;---;---;---;---;---;---;---;---;---;---;---;---;---;---;---;---;---;---;---;---;---;---;---;---;---;---;---;---;---;---;---;---;---;---;---;261.33;---;---;---;---;---;---;---;---;---;---;---;---;---;---;---;---;---;---;---;---;---;---;---;---;---;---;---;---;---;---;---;---;---;---;121.07;---;---;---;148.34;---;---;---;146.03;---;---;---;---;---;145.81;---;---;---;---;---;---;---;---;---;143.74;---;---;---;136.07;---;---;---;---;---;---;---;---;---;---;---;---;---;---;---;---;---;---;---;79.89;---;---;---;80.24;---;---;---;82.41;---;---;---;93.95;---;---;---;---;---;---;---;---;---;---;---;---;---;---;---;---;---;---;---;---;---;---;---;---
qtwebengine.do_unpack;---;---;---;---;---;---;---;---;---;---;---;---;---;---;---;---;---;---;---;---;---;---;---;---;---;---;---;---;---;---;---;---;---;---;---;---;---;---;---;---;---;---;---;---;---;---;---;---;---;---;---;---;2700.19;---;---;---;---;---;---;---;---;---;---;---;---;---;---;---;---;---;---;---;---;---;---;---;---;---;---;---;---;---;---;---;---;---;---;---;---;---;---;---;---;---;---;---;---;---;---;---;---;---;---;---;---;---;---;---;---;---;---;---;---;---;---;---;---;---;---;---;---;---;---;---;---;---;---;---;---;---;---;---;---;---;---;---;---;---;---;---;---;---;---;---;---;---;---;---;---;---;---;---;---;---;---;---;---;---;---;---;---;---;---;---;---;---;---;---
qtwebkit.do_compile;7345.46;8259.69;7460.15;2807.67;6673.05;8329.52;9286.66;4387.62;11889.42;12089.03;11082.84;5838.72;489.11;771.06;496.79;347.74;3570.02;3846.55;3604.71;1400.62;3563.07;3834.57;3572.94;4599.30;5167.27;4594.28;2324.39;10389.73;32533.40;21475.93;1029.75;2120.87;2158.31;2085.63;749.77;2110.80;2049.64;2087.06;794.52;2086.99;1912.04;2055.17;779.56;2521.53;2594.04;2455.17;999.29;2453.43;1770.33;2516.46;935.08;1198.98;3664.86;1271.50;444.76;9032.41;12863.69;9605.32;3514.89;2228.48;2806.51;2300.21;1435.58;2582.70;2882.89;2670.15;819.17;6760.59;2340.51;2828.96;2308.34;708.57;1701.05;1406.74;1693.87;837.88;1665.45;975.10;1661.57;426.62;1629.21;966.77;1680.64;565.68;1769.34;1120.25;1745.09;598.94;1753.08;930.65;1889.16;562.22;906.06;945.29;1689.50;867.59;1770.11;557.77;877.63;934.00;931.16;907.21;921.24;1809.56;852.28;1995.11;1727.36;554.96;1762.91;947.70;1899.65;558.76;1469.84;1647.76;1475.86;448.24;1678.73;1238.95;1681.47;814.73;1504.60;940.30;1514.40;501.13;1543.27;1302.04;1566.47;819.99;1676.55;1707.41;1694.00;784.53;1658.43;1271.10;1679.90;790.03;1329.88;954.01;1318.36;727.51;1461.37;1448.25;1489.62;779.26;1496.18;904.40;1435.72;415.54;1633.50;2827.39;2809.77;454.47;2351.15;2673.51;2250.31;502.40;1127.73;1350.50;1125.99;387.31;3723.67;3980.73;3815.54;1669.36;12546.68;12535.71;11215.58;6191.76
qtwebkit.do_package;---;---;---;353.50;---;---;---;2058.93;---;---;---;---;177.41;181.38;177.53;175.86;---;---;---;---;---;---;---;---;---;---;---;---;---;---;---;---;---;---;---;---;---;---;---;---;---;---;---;---;---;---;---;---;274.52;---;---;303.95;403.44;366.03;219.71;---;---;---;---;---;514.83;411.01;132.52;489.77;379.93;453.05;131.09;---;377.68;373.30;362.87;167.63;---;265.75;---;---;---;488.89;305.24;---;---;---;312.82;---;---;---;327.04;---;---;---;---;---;---;---;---;---;---;---;---;---;---;---;---;---;---;---;---;---;---;---;---;---;214.34;219.46;215.18;147.50;---;192.24;---;---;---;---;---;---;---;212.79;---;---;---;196.67;---;---;---;248.01;---;---;---;---;---;---;---;208.68;---;---;---;378.59;---;---;198.88;146.64;148.56;147.79;---;314.84;---;158.81;186.64;282.38;187.30;152.86;---;---;---;---;---;---;---;---
qtwebkit.do_package_write_rpm;---;---;---;344.49;---;---;---;---;1048.48;1118.56;---;261.89;---;---;---;84.80;---;395.04;375.75;---;---;374.28;446.79;---;492.74;---;---;---;---;---;---;---;---;---;---;---;207.25;---;---;---;198.57;---;---;---;---;---;---;---;299.40;---;---;---;193.24;---;153.05;911.71;1067.89;---;212.48;---;416.68;---;---;---;204.28;---;110.42;---;312.79;246.75;329.20;---;---;289.28;---;---;---;223.74;---;---;---;---;---;---;---;249.97;---;---;---;---;---;---;---;---;---;---;---;---;219.88;340.55;---;---;---;---;---;---;299.65;---;---;---;---;---;158.67;156.78;153.07;---;---;207.53;---;---;---;212.56;---;---;---;---;---;---;---;224.43;---;---;---;276.28;---;---;---;239.24;---;---;---;261.27;---;---;---;250.87;---;---;224.66;---;---;91.32;---;195.21;---;149.11;---;158.84;---;127.45;---;404.00;---;---;1140.20;1153.39;---;276.46
qtwebsockets.do_compile;---;---;---;---;---;---;---;---;---;---;---;---;---;---;---;---;---;---;---;---;---;---;---;---;---;---;---;---;---;609.67;---;---;---;---;---;---;---;---;---;---;---;---;---;---;---;---;---;---;---;---;---;---;---;---;---;---;---;---;---;---;---;---;---;---;---;---;---;---;---;---;---;---;---;---;---;---;---;---;---;---;---;---;---;---;---;---;---;---;---;---;---;---;---;---;---;---;---;---;---;---;---;---;---;---;---;---;---;---;---;---;---;---;---;---;---;---;---;---;---;---;---;---;---;---;---;---;---;---;---;---;---;---;---;---;---;---;---;---;---;---;---;---;---;---;---;---;---;---;---;---;---;---;---;---;---;---;---;---;---;---;---;---;---;---;---;---;---;---
qtxmlpatterns.do_compile;679.31;628.66;684.38;---;---;---;---;---;---;781.45;---;---;---;---;---;---;485.32;---;444.38;---;464.00;---;---;560.62;---;568.00;---;555.40;---;1011.71;---;270.58;---;315.91;---;276.19;---;292.63;---;---;---;290.34;---;306.57;---;374.37;---;345.73;---;335.29;---;---;---;---;---;998.54;---;998.43;190.52;---;---;---;---;329.09;---;---;---;288.26;---;---;---;---;---;---;---;---;---;---;---;---;---;---;---;---;---;---;---;---;---;---;---;---;---;---;---;---;---;---;---;---;---;---;---;---;---;---;---;---;---;---;---;---;---;---;---;---;---;---;---;---;207.84;---;204.08;---;---;---;---;---;---;---;---;---;---;---;---;---;---;---;---;---;---;---;---;---;---;---;---;---;---;162.62;159.51;---;---;---;187.85;---;---;---;---;---;---;---;403.92;---;---;---;---;---
ruby-native.do_compile;---;---;---;---;---;---;---;1314.61;---;---;---;---;---;---;---;---;---;---;---;---;---;---;---;---;---;---;---;---;---;---;---;---;---;---;---;---;---;---;---;---;---;---;---;---;---;---;---;---;---;---;---;---;---;---;---;---;---;---;---;---;---;---;---;---;---;---;---;---;---;---;---;---;---;---;---;---;---;---;---;---;---;---;---;---;---;---;---;---;---;---;---;---;---;---;---;---;---;---;---;---;---;---;---;---;---;---;---;---;---;---;---;---;---;---;---;---;---;---;---;---;---;---;---;---;---;---;---;---;---;---;---;---;---;---;---;---;---;---;---;---;---;---;---;---;---;---;---;---;---;---;---;---;---;---;---;---;---;---;---;---;---;---;---;---;---;---;---;---
ruby-native.do_configure;---;---;---;---;---;1459.94;---;---;---;---;---;---;---;---;---;---;---;---;---;---;---;---;---;---;---;---;---;---;---;---;---;---;---;---;---;---;---;---;---;---;---;---;---;---;---;---;---;---;---;---;---;---;---;---;---;---;---;---;---;---;---;---;---;---;---;---;---;---;---;---;---;---;---;---;---;---;---;---;---;---;---;---;---;---;---;---;---;---;---;---;---;---;---;---;---;---;---;---;---;---;---;---;---;---;---;---;---;---;---;---;---;---;---;---;---;---;---;---;---;---;---;---;---;---;---;---;---;---;---;---;---;---;---;---;---;---;---;---;---;---;---;---;---;---;---;---;---;---;---;---;---;---;---;---;---;---;---;---;---;---;---;---;---;---;---;---;---;---
rust-llvm-native.do_compile;4085.82;2524.64;4112.72;627.32;---;1733.11;---;---;2213.84;2177.64;4230.71;909.87;---;---;---;---;---;396.28;---;294.40;---;355.91;---;522.10;609.02;566.17;456.38;---;---;706.19;218.25;---;214.16;---;179.08;---;216.99;---;182.81;---;215.00;---;182.53;---;---;---;214.48;---;316.73;245.82;214.83;---;197.97;---;111.90;2233.43;1726.90;1785.48;653.89;807.60;371.46;788.30;232.57;---;260.98;---;192.58;1381.35;386.23;326.40;309.21;213.47;---;---;---;---;477.91;284.64;424.81;176.85;567.68;252.76;348.23;176.83;438.35;245.78;440.08;244.83;434.29;234.95;455.22;230.45;239.88;241.62;430.29;227.96;448.42;233.96;231.58;237.56;242.62;245.15;243.98;482.07;247.03;411.22;408.64;233.80;478.85;261.03;475.92;238.42;---;---;---;106.51;---;---;---;121.45;---;147.01;---;118.40;333.71;196.52;392.03;140.37;---;---;250.03;105.91;---;168.62;262.81;107.20;273.38;162.66;399.16;132.12;318.14;---;316.38;133.01;306.76;---;329.18;147.30;---;---;---;108.97;---;---;---;110.11;---;---;---;82.91;---;410.26;---;305.15;2041.15;1853.03;4322.58;925.20
rust-native.do_compile;6394.22;7261.47;6512.11;4175.85;8110.78;8135.51;16800.73;3952.29;10853.26;10749.60;9715.06;2115.20;2203.23;2151.59;2193.17;1433.10;9382.36;8236.69;8886.31;2197.11;9155.39;8443.66;8821.07;12028.87;11009.12;11340.96;2660.58;13589.67;34873.86;27551.42;2042.46;6351.12;5696.09;6317.46;2007.12;6390.62;5561.55;6360.64;2022.55;6462.08;5514.28;6321.39;2026.51;7672.70;5228.51;7562.24;2016.49;7650.51;4417.03;7444.33;2024.23;3226.29;5649.84;3022.65;1470.53;13232.38;13481.42;12757.36;2333.93;1730.76;2185.14;1723.05;671.74;5246.75;2592.32;4850.86;1132.45;3807.77;5879.58;5480.00;5543.48;1758.98;---;---;---;---;1414.37;1284.64;1093.10;509.70;1499.89;648.69;1204.85;505.65;1722.52;638.10;1365.47;482.03;1687.05;635.54;1324.36;471.25;563.51;576.56;1558.84;528.28;1274.80;430.37;528.45;532.41;592.42;593.58;571.20;1470.42;719.07;1274.18;1290.35;429.62;1687.08;607.55;1197.02;458.92;2717.58;2737.91;2660.68;1279.65;2247.05;2889.64;2327.02;949.12;4339.15;3189.27;4314.93;1310.64;1150.53;1719.12;1125.95;635.61;2601.59;1320.41;2676.79;941.13;2597.99;1292.93;2612.92;936.26;1215.97;841.85;1112.17;613.95;1192.97;1847.04;1157.57;622.02;1229.06;638.74;1055.41;500.17;562.14;3017.92;2858.43;1286.91;4687.58;4441.35;4806.00;1399.95;3017.57;2860.10;2987.65;1290.65;6466.71;3981.04;6126.84;2593.41;10734.80;9983.43;9975.80;2086.84
rust-native.do_install;---;---;---;---;---;---;---;---;---;---;---;---;---;---;---;---;---;---;---;---;---;---;---;---;---;---;---;---;---;---;---;---;---;---;---;---;---;---;---;---;---;---;---;---;---;---;---;---;---;---;---;---;---;---;---;---;---;---;---;---;274.59;---;---;---;---;---;---;---;---;---;---;---;---;---;---;---;---;---;---;---;---;---;---;---;---;---;---;---;---;---;---;---;---;---;---;---;---;---;---;---;---;---;---;---;---;---;---;---;---;---;---;---;---;---;---;---;---;---;---;---;---;---;---;---;---;---;---;---;---;---;---;---;---;---;---;---;---;---;---;---;---;---;---;---;---;---;---;---;---;---;---;---;---;---;---;---;---;---;---;---;---;---;---;---;---;---;---;---
rust-native.do_rm_work;---;---;---;---;---;---;---;---;---;---;---;---;---;---;---;---;---;---;---;---;---;---;---;---;---;---;---;398.28;---;---;---;---;---;---;---;---;---;---;---;---;---;---;---;---;---;---;---;---;---;---;---;---;---;---;---;---;---;---;---;---;---;---;---;---;---;---;---;---;---;---;---;---;---;---;---;---;---;---;---;---;---;---;---;---;---;---;---;---;---;---;---;---;---;---;---;---;---;---;---;---;---;---;---;---;---;---;---;---;---;---;---;---;---;---;---;---;---;---;---;---;---;---;---;---;---;---;---;---;---;---;---;---;---;---;---;---;---;---;---;---;---;---;---;---;---;---;---;---;---;---;---;---;---;---;---;---;---;---;---;---;---;---;---;---;---;---;---;---
sato-screenshot.do_configure;---;---;---;---;---;---;---;---;---;---;---;---;---;---;---;---;---;---;---;---;---;---;---;---;---;---;---;---;1434.42;---;---;---;---;---;---;---;---;---;---;---;---;---;---;---;---;---;---;---;---;---;---;---;---;---;---;---;---;---;---;---;---;---;---;---;---;---;---;---;---;---;---;---;---;---;---;---;---;---;---;---;---;---;---;---;---;---;---;---;---;---;---;---;---;---;---;---;---;---;---;---;---;---;---;---;---;---;---;---;---;---;---;---;---;---;---;---;---;---;---;---;---;---;---;---;---;---;---;---;---;---;---;---;---;---;---;---;---;---;---;---;---;---;---;---;---;---;---;---;---;---;---;---;---;---;---;---;---;---;---;---;---;---;---;---;---;---;---;---
settings-daemon.do_package;---;---;---;---;---;---;---;1077.18;---;---;---;---;---;---;---;---;---;---;---;---;---;---;---;---;---;---;---;---;---;---;---;---;---;---;---;---;---;---;---;---;---;---;---;---;---;---;---;---;---;---;---;---;---;---;---;---;---;---;---;---;---;---;---;---;---;---;---;---;---;---;---;---;---;---;---;---;---;---;---;---;---;---;---;---;---;---;---;---;---;---;---;---;---;---;---;---;---;---;---;---;---;---;---;---;---;---;---;---;---;---;---;---;---;---;---;---;---;---;---;---;---;---;---;---;---;---;---;---;---;---;---;---;---;---;---;---;---;---;---;---;---;---;---;---;---;---;---;---;---;---;---;---;---;---;---;---;---;---;---;---;---;---;---;---;---;---;---;---
sudo.do_configure;---;---;---;---;---;---;---;---;---;---;---;---;---;---;---;---;---;---;---;---;---;---;---;---;---;---;---;---;8540.37;---;---;---;---;---;---;---;---;---;---;---;---;---;---;---;---;---;---;---;---;---;114.05;---;---;---;---;---;---;---;---;---;---;---;---;---;---;---;---;---;---;---;---;---;---;---;---;---;---;---;---;---;---;---;---;---;---;---;---;---;---;---;---;---;---;---;---;---;---;---;---;---;---;---;---;---;---;---;---;---;---;---;---;---;---;---;---;---;---;154.99;---;---;---;---;---;---;---;---;---;---;---;---;---;---;---;---;---;---;---;---;---;---;---;---;---;---;---;---;---;---;---;---;---;---;---;---;---;---;---;---;---;---;---;---;---;---;---;---;---;---
webkitgtk.do_compile;6461.34;7630.21;6599.10;2655.73;5210.93;8315.43;7173.30;2488.27;12658.86;12564.62;11218.28;3070.35;705.81;684.55;762.02;353.54;3198.72;3539.05;3225.59;1061.11;3190.37;2905.68;3210.58;4195.80;4343.14;4307.39;1368.75;3699.24;32384.29;21598.74;1015.39;1790.06;1376.32;1828.90;668.98;1821.56;1630.49;1842.60;690.85;1831.90;1454.69;1798.16;683.14;2170.33;1972.12;2230.24;781.13;2234.91;1741.62;2207.04;759.36;1059.15;3522.32;1111.42;452.57;9020.49;15631.57;8700.24;2151.20;2955.20;3098.55;3141.24;822.94;2255.30;1962.90;2313.52;695.93;8968.82;1980.64;2512.17;1925.72;762.26;1573.38;1414.18;1569.18;518.01;2236.14;1367.91;2315.90;644.06;2292.46;1204.86;2345.77;640.31;2736.23;1331.73;2752.49;673.41;3500.41;1733.89;3627.73;889.50;1679.29;1460.55;3379.05;2038.16;3506.94;876.58;2077.08;2141.69;1597.79;1542.63;1586.32;3430.64;1711.32;2972.92;3459.12;871.72;3455.06;1625.53;3447.40;881.48;1161.13;1372.98;1185.12;454.18;1521.96;1385.02;1514.02;506.39;1261.41;1042.08;1286.25;464.14;1448.71;1335.61;1465.00;485.09;1523.08;1685.25;1562.54;511.45;1506.52;1332.01;1515.84;503.95;1776.86;1047.84;1763.44;496.42;1843.72;1614.86;1801.48;541.56;1919.15;1519.74;1964.09;628.76;948.44;3965.83;4172.06;499.22;1702.53;1413.60;1960.51;494.90;1007.71;823.13;1084.32;376.27;3153.72;3450.83;3160.08;1112.01;12803.10;12761.34;11478.31;3128.34
webkitgtk.do_install;---;---;---;---;---;---;---;---;---;---;---;---;---;---;---;---;---;---;---;---;---;---;---;---;---;---;---;---;---;---;---;---;---;---;---;---;---;---;---;---;---;---;---;---;---;---;---;---;---;---;---;---;---;---;---;---;---;---;---;---;---;---;---;---;---;---;---;---;---;---;---;---;---;---;---;---;---;---;---;---;---;---;---;---;---;---;---;---;---;---;---;---;---;---;---;---;---;---;---;---;---;---;---;---;---;---;---;---;---;---;---;---;---;---;---;---;---;---;---;---;---;---;---;---;---;---;---;---;---;---;---;---;---;---;---;---;---;---;---;---;---;---;---;---;---;---;---;---;---;---;---;---;---;238.50;---;---;---;---;---;---;---;---;---;---;---;---;---;---
webkitgtk.do_package;---;---;---;291.01;---;1719.21;2808.63;---;---;---;---;---;204.67;255.68;235.27;167.85;---;360.51;---;---;---;---;---;---;---;---;---;---;---;724.89;115.24;---;249.40;224.44;---;278.24;---;---;---;276.36;213.73;---;---;---;276.16;---;---;---;---;---;---;299.28;399.87;302.91;188.41;---;---;---;---;664.27;345.02;662.71;129.22;517.70;603.80;517.58;146.41;---;289.20;318.16;302.24;233.74;408.11;310.02;423.36;96.75;581.45;577.25;611.88;117.09;586.12;254.62;595.70;---;577.62;230.93;570.78;122.33;452.63;503.51;438.86;---;494.59;533.19;311.78;304.73;317.12;---;325.12;380.50;536.58;571.35;565.07;398.51;398.62;---;393.42;116.45;435.93;528.37;437.77;128.87;178.02;175.48;177.00;136.35;233.88;219.12;276.29;---;---;---;---;---;---;---;---;---;---;230.17;271.63;85.57;---;270.10;254.65;---;---;171.49;---;---;256.95;226.93;303.41;---;385.43;381.48;410.35;85.67;---;---;---;148.26;261.04;641.19;275.20;150.82;217.95;211.65;216.14;138.92;---;481.79;---;---;---;---;---;---
webkitgtk.do_package_write_rpm;669.68;667.22;655.75;325.94;---;---;---;---;1184.11;1197.36;1557.91;415.84;136.90;144.87;---;91.12;613.68;473.31;607.07;158.34;607.07;605.09;604.98;660.04;667.94;620.80;229.47;---;---;3067.82;---;463.33;440.63;448.56;---;463.47;423.72;521.77;---;458.04;390.82;394.25;---;463.46;493.48;501.54;---;546.92;435.50;477.28;---;215.24;---;227.39;181.25;881.69;823.25;874.01;381.25;404.35;505.19;399.25;105.80;441.02;398.88;449.97;164.25;---;329.70;346.57;323.22;225.18;379.27;301.60;356.37;---;328.89;260.31;---;---;---;287.80;302.33;---;---;347.28;300.33;---;371.52;322.93;374.04;---;---;363.56;331.08;325.39;335.21;---;307.46;303.90;398.23;326.55;403.97;351.41;338.86;---;345.35;---;355.73;316.02;313.57;---;195.28;172.33;196.20;132.97;382.70;277.23;388.44;90.81;275.38;179.12;283.67;---;225.72;179.24;---;---;283.68;242.44;331.47;---;320.49;337.62;308.64;---;257.14;---;---;---;301.08;282.68;289.71;---;355.86;225.18;304.00;---;---;---;---;134.42;238.92;235.84;552.72;178.52;183.72;189.38;178.23;143.39;549.25;490.72;556.27;---;1326.85;1337.98;1603.72;472.63
xf86-video-vmware.do_configure;---;---;---;---;---;---;---;---;---;---;---;---;---;---;---;---;---;---;---;---;---;---;---;---;---;---;---;---;1148.90;---;---;---;---;---;---;---;---;---;---;---;---;---;---;---;---;---;---;---;---;---;---;---;---;---;---;---;---;---;---;---;---;---;---;---;---;---;---;---;---;---;---;---;---;---;---;---;---;---;---;---;---;---;---;---;---;---;---;---;---;---;---;---;---;---;---;---;---;---;---;---;---;---;---;---;---;---;---;---;---;---;---;---;---;---;---;---;---;---;---;---;---;---;---;---;---;---;---;---;---;---;---;---;---;---;---;---;---;---;---;---;---;---;---;---;---;---;---;---;---;---;---;---;---;---;---;---;---;---;---;---;---;---;---;---;---;---;---;---
xinit.do_configure;---;---;---;---;---;---;---;---;---;---;---;---;---;---;---;---;---;---;---;---;---;---;---;---;---;---;---;---;1267.20;---;---;---;---;---;---;---;---;---;---;---;---;---;---;---;---;---;---;---;---;---;---;---;---;---;---;---;---;---;---;---;---;---;---;---;---;---;---;---;---;---;---;---;---;---;---;---;---;---;---;---;---;---;---;---;---;---;---;---;---;---;---;---;---;---;---;---;---;---;---;---;---;---;---;---;---;---;---;---;---;---;---;---;---;---;---;---;---;---;---;---;---;---;---;---;---;---;---;---;---;---;---;---;---;---;---;---;---;---;---;---;---;---;---;---;---;---;---;---;---;---;---;---;---;---;---;---;---;---;---;---;---;---;---;---;---;---;---;---
Total;28512.40;28671.57;28785.83;43445.14;39483.58;45820.74;55628.98;81616.45;43546.77;43686.65;43794.65;44770.98;3440.49;4254.45;3464.95;8987.98;13918.59;14384.16;13832.03;21649.69;14050.20;14533.75;13981.19;19395.22;19699.89;19358.37;26976.76;18117.65;39045.20;31394.36;17746.49;8289.49;9472.01;8262.44;17574.32;8309.38;9240.79;8259.42;17126.62;8375.13;9197.30;8247.79;17399.58;9628.34;9461.14;9523.60;16631.03;9614.88;9392.89;9590.77;17258.88;5039.30;8356.65;4866.98;9928.27;32780.01;34765.37;33274.69;34755.89;13274.38;13588.80;13367.84;16163.97;9440.39;9336.48;9386.24;12134.29;11856.84;9191.80;9628.41;9075.50;14763.06;5587.54;6241.00;5639.64;11755.39;8036.42;8308.08;7882.57;13679.48;7694.91;7834.68;7407.22;13429.23;8104.35;8504.01;7938.04;14298.36;7911.29;8098.70;7878.34;14229.64;7856.57;7973.83;7651.42;7630.59;7568.91;12564.45;7628.27;7727.52;7938.30;7967.65;7959.19;7666.01;7630.52;7506.17;7513.95;12657.94;7990.38;8129.05;7863.82;14247.87;5213.04;5532.28;5221.09;10158.52;5582.86;6116.55;5674.58;10955.35;5771.72;5956.87;5712.78;10167.17;6298.31;6631.07;6276.23;10959.74;5462.89;5816.49;5516.04;10227.96;5499.54;5810.34;5520.21;10350.33;7598.85;7904.41;7560.76;12035.01;7583.71;8110.53;7564.82;12113.30;7289.55;7296.67;7045.24;11847.39;6819.53;6018.16;5984.95;10332.07;6327.63;6728.20;6305.72;10770.52;4246.99;4891.71;4233.43;9315.26;13857.18;14658.61;13735.17;25784.73;44386.72;44430.72;44653.08;46339.12