nanbield-2023-08-no-ff-with-reg-cpu-pressure-100K-8-bb;142563.5;0.0;0.0;7
nanbield-2023-08-no-ff-with-reg-cpu-pressure-100K-8-bb;85618.8;0.0;0.0;6
nanbield-2023-08-no-ff-with-reg-cpu-pressure-100K-8-bb;121766.9;0.0;0.0;7
nanbield-2023-08-no-ff-with-reg-cpu-pressure-100K-8-bb;85212.6;0.0;0.0;5
nanbield-2023-08-no-ff-with-reg-cpu-pressure-100K-8-bb;123776.2;0.0;0.0;7
nanbield-2023-08-no-ff-with-reg-cpu-pressure-100K-8-bb;98063.9;0.0;0.0;5
nanbield-2023-08-no-ff-with-reg-cpu-pressure-100K-8-bb;129421.4;2.2;0.0;7
nanbield-2023-08-no-ff-with-reg-cpu-pressure-100K-8-bb;86205.3;0.0;0.0;6
nanbield-2023-08-no-ff-with-reg-cpu-pressure-100K-8-bb;101821.2;0.0;0.0;7
nanbield-2023-08-no-ff-with-reg-cpu-pressure-100K-8-bb;97460.9;0.0;0.0;5
nanbield-2023-08-no-ff-with-reg-cpu-pressure-100K-8-bb;101341.0;0.0;0.0;6
nanbield-2023-08-no-ff-with-reg-cpu-pressure-100K-8-bb;99906.8;0.0;0.0;5
nanbield-2023-08-no-ff-with-reg-cpu-pressure-100K-8-bb;100076.6;0.0;0.0;6
nanbield-2023-08-no-ff-with-reg-cpu-pressure-100K-8-bb;99950.7;0.0;0.0;6
nanbield-2023-08-no-ff-with-reg-cpu-pressure-100K-8-bb;101265.7;0.0;0.0;7
nanbield-2023-08-no-ff-with-reg-cpu-pressure-100K-8-bb;98854.9;0.0;0.0;6
nanbield-2023-08-no-ff-with-reg-cpu-pressure-100K-8-bb;103717.1;0.0;0.0;7
nanbield-2023-08-no-ff-with-reg-cpu-pressure-100K-8-bb;83431.5;0.0;0.0;5
nanbield-2023-08-no-ff-with-reg-cpu-pressure-100K-8-bb;108647.9;0.0;0.0;7
nanbield-2023-08-no-ff-with-reg-cpu-pressure-100K-8-bb;90687.9;0.0;0.0;5
nanbield-2023-08-no-ff-with-reg-cpu-pressure-100K-8-bb;141003.3;0.0;0.0;7
nanbield-2023-08-no-ff-with-reg-cpu-pressure-100K-8-bb;67221.9;0.0;0.0;5
nanbield-2023-08-no-ff-with-reg-cpu-pressure-100K-8-bb;176028.1;0.0;0.0;7
nanbield-2023-08-no-ff-with-reg-cpu-pressure-100K-8-bb;87127.1;0.0;0.0;6
nanbield-2023-08-no-ff-with-reg-cpu-pressure-100K-8-bb;145472.8;0.0;0.0;7
nanbield-2023-08-no-ff-with-reg-cpu-pressure-100K-8-bb;98584.4;0.0;0.0;6
nanbield-2023-08-no-ff-with-reg-cpu-pressure-100K-8-bb;108831.5;0.0;0.0;7
nanbield-2023-08-no-ff-with-reg-cpu-pressure-100K-8-bb;96433.4;0.0;0.0;6
nanbield-2023-08-no-ff-with-reg-cpu-pressure-100K-8-bb;128589.4;0.0;0.0;7
nanbield-2023-08-no-ff-with-reg-cpu-pressure-100K-8-bb;92284.8;0.0;0.0;6
nanbield-2023-08-no-ff-with-reg-cpu-pressure-100K-8-bb;134662.9;1341.2;0.0;7
nanbield-2023-08-no-ff-with-reg-cpu-pressure-100K-8-bb;88499.4;0.0;0.0;6
nanbield-2023-08-no-ff-with-reg-cpu-pressure-100K-8-bb;104350.2;0.0;0.0;7
nanbield-2023-08-no-ff-with-reg-cpu-pressure-100K-8-bb;93157.0;0.0;0.0;6
nanbield-2023-08-no-ff-with-reg-cpu-pressure-100K-8-bb;104013.2;0.0;0.0;7
nanbield-2023-08-no-ff-with-reg-cpu-pressure-100K-8-bb;94790.3;0.0;0.0;6
nanbield-2023-08-no-ff-with-reg-cpu-pressure-100K-8-bb;106286.3;0.0;0.0;7
nanbield-2023-08-no-ff-with-reg-cpu-pressure-100K-8-bb;80453.4;0.0;0.0;5
nanbield-2023-08-no-ff-with-reg-cpu-pressure-100K-8-bb;100412.2;0.0;0.0;7
nanbield-2023-08-no-ff-with-reg-cpu-pressure-100K-8-bb;90697.4;0.0;0.0;6
nanbield-2023-08-no-ff-with-reg-cpu-pressure-100K-8-bb;102738.8;0.0;0.0;7
nanbield-2023-08-no-ff-with-reg-cpu-pressure-100K-8-bb;92526.8;0.0;0.0;6
nanbield-2023-08-no-ff-with-reg-cpu-pressure-100K-8-bb;123815.9;0.0;0.0;7
nanbield-2023-08-no-ff-with-reg-cpu-pressure-100K-8-bb;82620.8;0.0;0.0;5
nanbield-2023-08-no-ff-with-reg-cpu-pressure-100K-8-bb;125609.6;0.0;0.0;7
nanbield-2023-08-no-ff-with-reg-cpu-pressure-100K-8-bb;99673.5;139.3;0.0;6
nanbield-2023-08-no-ff-with-reg-cpu-pressure-100K-8-bb;118095.9;40.3;0.0;7
nanbield-2023-08-no-ff-with-reg-cpu-pressure-100K-8-bb;99351.2;0.0;0.0;6
nanbield-2023-08-no-ff-with-reg-cpu-pressure-100K-8-bb;100534.4;0.0;0.0;7
nanbield-2023-08-no-ff-with-reg-cpu-pressure-100K-8-bb;99913.4;0.0;0.0;5
nanbield-2023-08-no-ff-with-reg-cpu-pressure-100K-8-bb;100228.2;0.0;0.0;6
nanbield-2023-08-no-ff-with-reg-cpu-pressure-100K-8-bb;97473.5;0.0;0.0;5
nanbield-2023-08-no-ff-with-reg-cpu-pressure-100K-8-bb;115595.9;0.0;0.0;7
nanbield-2023-08-no-ff-with-reg-cpu-pressure-100K-8-bb;96304.2;0.0;0.0;6
nanbield-2023-08-no-ff-with-reg-cpu-pressure-100K-8-bb;100539.8;0.0;0.0;7
nanbield-2023-08-no-ff-with-reg-cpu-pressure-100K-8-bb;92989.0;0.0;0.0;6
nanbield-2023-08-no-ff-with-reg-cpu-pressure-100K-8-bb;101740.3;0.0;0.0;7
nanbield-2023-08-no-ff-with-reg-cpu-pressure-100K-8-bb;98369.6;0.0;0.0;6
nanbield-2023-08-no-ff-with-reg-cpu-pressure-100K-8-bb;101129.8;0.0;0.0;7
nanbield-2023-08-no-ff-with-reg-cpu-pressure-100K-8-bb;94871.1;0.0;0.0;5
nanbield-2023-08-no-ff-with-reg-cpu-pressure-100K-8-bb;102598.4;0.0;0.0;7
nanbield-2023-08-no-ff-with-reg-cpu-pressure-100K-8-bb;98666.2;0.0;0.0;5
nanbield-2023-08-no-ff-with-reg-cpu-pressure-100K-8-bb;115898.7;0.0;0.0;7
nanbield-2023-08-no-ff-with-reg-cpu-pressure-100K-8-bb;77709.6;0.0;0.0;5
nanbield-2023-08-no-ff-with-reg-cpu-pressure-100K-8-bb;111041.3;0.0;0.0;6
nanbield-2023-08-no-ff-with-reg-cpu-pressure-100K-8-bb;96871.6;0.0;0.0;5
nanbield-2023-08-no-ff-with-reg-cpu-pressure-100K-8-bb;100485.1;0.0;0.0;6
nanbield-2023-08-no-ff-with-reg-cpu-pressure-100K-8-bb;99564.7;993.8;0.0;6
nanbield-2023-08-no-ff-with-reg-cpu-pressure-100K-8-bb;100238.9;937.8;0.0;7
nanbield-2023-08-no-ff-with-reg-cpu-pressure-100K-8-bb;93036.5;0.0;0.0;6
nanbield-2023-08-no-ff-with-reg-cpu-pressure-100K-8-bb;118801.4;0.0;0.0;7
nanbield-2023-08-no-ff-with-reg-cpu-pressure-100K-8-bb;88908.7;0.0;0.0;6
nanbield-2023-08-no-ff-with-reg-cpu-pressure-100K-8-bb;109837.7;0.0;0.0;7
nanbield-2023-08-no-ff-with-reg-cpu-pressure-100K-8-bb;99161.3;0.0;0.0;5
nanbield-2023-08-no-ff-with-reg-cpu-pressure-100K-8-bb;100118.1;0.0;0.0;7
nanbield-2023-08-no-ff-with-reg-cpu-pressure-100K-8-bb;99616.5;235.6;0.0;6
nanbield-2023-08-no-ff-with-reg-cpu-pressure-100K-8-bb;121487.1;117.0;0.0;7
nanbield-2023-08-no-ff-with-reg-cpu-pressure-100K-8-bb;99692.0;0.0;0.0;6
nanbield-2023-08-no-ff-with-reg-cpu-pressure-100K-8-bb;100098.3;0.0;0.0;7
nanbield-2023-08-no-ff-with-reg-cpu-pressure-100K-8-bb;99743.5;0.0;0.0;6
nanbield-2023-08-no-ff-with-reg-cpu-pressure-100K-8-bb;109601.5;0.0;0.0;7
nanbield-2023-08-no-ff-with-reg-cpu-pressure-100K-8-bb;99693.8;0.0;0.0;6
nanbield-2023-08-no-ff-with-reg-cpu-pressure-100K-8-bb;111039.1;0.0;0.0;7
nanbield-2023-08-no-ff-with-reg-cpu-pressure-100K-8-bb;78463.7;0.0;0.0;5
nanbield-2023-08-no-ff-with-reg-cpu-pressure-100K-8-bb;101890.0;0.0;0.0;7
nanbield-2023-08-no-ff-with-reg-cpu-pressure-100K-8-bb;99494.7;0.0;0.0;6
nanbield-2023-08-no-ff-with-reg-cpu-pressure-100K-8-bb;102712.0;0.0;0.0;7
nanbield-2023-08-no-ff-with-reg-cpu-pressure-100K-8-bb;95808.7;0.0;0.0;6
nanbield-2023-08-no-ff-with-reg-cpu-pressure-100K-8-bb;109635.3;0.0;0.0;7
nanbield-2023-08-no-ff-with-reg-cpu-pressure-100K-8-bb;98593.0;0.0;0.0;6
nanbield-2023-08-no-ff-with-reg-cpu-pressure-100K-8-bb;115020.6;0.0;0.0;7
nanbield-2023-08-no-ff-with-reg-cpu-pressure-100K-8-bb;99605.0;28.7;0.0;6
nanbield-2023-08-no-ff-with-reg-cpu-pressure-100K-8-bb;100669.9;27.5;0.0;7
nanbield-2023-08-no-ff-with-reg-cpu-pressure-100K-8-bb;85850.6;0.0;0.0;6
nanbield-2023-08-no-ff-with-reg-cpu-pressure-100K-8-bb;122108.8;0.9;0.0;7
nanbield-2023-08-no-ff-with-reg-cpu-pressure-100K-8-bb;98647.0;20.2;0.0;5
nanbield-2023-08-no-ff-with-reg-cpu-pressure-100K-8-bb;111032.6;0.0;0.0;6
nanbield-2023-08-no-ff-with-reg-cpu-pressure-100K-8-bb;99543.9;0.0;0.0;6
nanbield-2023-08-no-ff-with-reg-cpu-pressure-100K-8-bb;101579.4;0.0;0.0;7
nanbield-2023-08-no-ff-with-reg-cpu-pressure-100K-8-bb;99369.9;0.0;0.0;5
nanbield-2023-08-no-ff-with-reg-cpu-pressure-100K-8-bb;100892.8;0.0;0.0;7
nanbield-2023-08-no-ff-with-reg-cpu-pressure-100K-8-bb;99994.1;0.0;0.0;6
nanbield-2023-08-no-ff-with-reg-cpu-pressure-100K-8-bb;102109.3;0.0;0.0;7
nanbield-2023-08-no-ff-with-reg-cpu-pressure-100K-8-bb;99899.1;0.0;0.0;6
nanbield-2023-08-no-ff-with-reg-cpu-pressure-100K-8-bb;100713.0;0.0;0.0;7
nanbield-2023-08-no-ff-with-reg-cpu-pressure-100K-8-bb;77666.3;0.0;0.0;5
nanbield-2023-08-no-ff-with-reg-cpu-pressure-100K-8-bb;124253.3;0.0;0.0;7
nanbield-2023-08-no-ff-with-reg-cpu-pressure-100K-8-bb;93432.5;0.0;0.0;6
nanbield-2023-08-no-ff-with-reg-cpu-pressure-100K-8-bb;118051.4;0.0;0.0;7
nanbield-2023-08-no-ff-with-reg-cpu-pressure-100K-8-bb;99870.7;0.0;0.0;6
nanbield-2023-08-no-ff-with-reg-cpu-pressure-100K-8-bb;100757.4;0.0;0.0;7
nanbield-2023-08-no-ff-with-reg-cpu-pressure-100K-8-bb;95694.6;0.0;0.0;6
nanbield-2023-08-no-ff-with-reg-cpu-pressure-100K-8-bb;100864.2;0.0;0.0;7
nanbield-2023-08-no-ff-with-reg-cpu-pressure-100K-8-bb;86368.7;0.0;0.0;6
nanbield-2023-08-no-ff-with-reg-cpu-pressure-100K-8-bb;124605.6;0.0;0.0;7
nanbield-2023-08-no-ff-with-reg-cpu-pressure-100K-8-bb;99220.6;0.0;0.0;5
nanbield-2023-08-no-ff-with-reg-cpu-pressure-100K-8-bb;114418.2;0.0;0.0;7
nanbield-2023-08-no-ff-with-reg-cpu-pressure-100K-8-bb;98571.8;231.1;0.0;5
nanbield-2023-08-no-ff-with-reg-cpu-pressure-100K-8-bb;107592.4;99.0;0.0;7
nanbield-2023-08-no-ff-with-reg-cpu-pressure-100K-8-bb;97040.5;0.0;0.0;6
nanbield-2023-08-no-ff-with-reg-cpu-pressure-100K-8-bb;114467.2;0.0;0.0;7
nanbield-2023-08-no-ff-with-reg-cpu-pressure-100K-8-bb;99998.2;0.0;0.0;6
nanbield-2023-08-no-ff-with-reg-cpu-pressure-100K-8-bb;106151.0;0.0;0.0;7
nanbield-2023-08-no-ff-with-reg-cpu-pressure-100K-8-bb;95039.5;0.0;0.0;6
nanbield-2023-08-no-ff-with-reg-cpu-pressure-100K-8-bb;104187.9;0.0;0.0;7
nanbield-2023-08-no-ff-with-reg-cpu-pressure-100K-8-bb;92074.3;0.0;0.0;6
nanbield-2023-08-no-ff-with-reg-cpu-pressure-100K-8-bb;135963.8;0.0;0.0;7
nanbield-2023-08-no-ff-with-reg-cpu-pressure-100K-8-bb;99095.8;0.0;0.0;6
nanbield-2023-08-no-ff-with-reg-cpu-pressure-100K-8-bb;113999.7;0.0;0.0;7
nanbield-2023-08-no-ff-with-reg-cpu-pressure-100K-8-bb;97908.5;0.0;0.0;6
nanbield-2023-08-no-ff-with-reg-cpu-pressure-100K-8-bb;100193.1;0.0;0.0;7
nanbield-2023-08-no-ff-with-reg-cpu-pressure-100K-8-bb;89255.3;0.0;0.0;6
nanbield-2023-08-no-ff-with-reg-cpu-pressure-100K-8-bb;123032.8;473.2;0.0;7
nanbield-2023-08-no-ff-with-reg-cpu-pressure-100K-8-bb;96043.5;0.0;0.0;5
nanbield-2023-08-no-ff-with-reg-cpu-pressure-100K-8-bb;131858.8;0.0;0.0;7
nanbield-2023-08-no-ff-with-reg-cpu-pressure-100K-8-bb;99701.4;0.0;0.0;7
nanbield-2023-08-no-ff-with-reg-cpu-pressure-100K-8-bb;125606.2;14.9;0.0;7
nanbield-2023-08-no-ff-with-reg-cpu-pressure-100K-8-bb;99982.3;0.0;0.0;6
nanbield-2023-08-no-ff-with-reg-cpu-pressure-100K-8-bb;101378.6;0.0;0.0;7
nanbield-2023-08-no-ff-with-reg-cpu-pressure-100K-8-bb;96464.6;0.0;0.0;6
nanbield-2023-08-no-ff-with-reg-cpu-pressure-100K-8-bb;120570.8;0.0;0.0;7
nanbield-2023-08-no-ff-with-reg-cpu-pressure-100K-8-bb;99079.1;0.0;0.0;6
nanbield-2023-08-no-ff-with-reg-cpu-pressure-100K-8-bb;107185.9;0.0;0.0;7
nanbield-2023-08-no-ff-with-reg-cpu-pressure-100K-8-bb;96805.0;0.0;0.0;6
nanbield-2023-08-no-ff-with-reg-cpu-pressure-100K-8-bb;102422.8;0.0;0.0;7
nanbield-2023-08-no-ff-with-reg-cpu-pressure-100K-8-bb;71932.1;0.0;0.0;5
nanbield-2023-08-no-ff-with-reg-cpu-pressure-100K-8-bb;122612.0;0.0;0.0;7
nanbield-2023-08-no-ff-with-reg-cpu-pressure-100K-8-bb;98464.1;0.0;0.0;6
nanbield-2023-08-no-ff-with-reg-cpu-pressure-100K-8-bb;111980.3;0.0;0.0;7
nanbield-2023-08-no-ff-with-reg-cpu-pressure-100K-8-bb;92305.1;0.0;0.0;7
nanbield-2023-08-no-ff-with-reg-cpu-pressure-100K-8-bb;119307.8;52.3;0.0;7
nanbield-2023-08-no-ff-with-reg-cpu-pressure-100K-8-bb;96703.4;0.0;0.0;6
nanbield-2023-08-no-ff-with-reg-cpu-pressure-100K-8-bb;100351.3;0.0;0.0;7
nanbield-2023-08-no-ff-with-reg-cpu-pressure-100K-8-bb;98671.3;0.0;0.0;5
nanbield-2023-08-no-ff-with-reg-cpu-pressure-100K-8-bb;103254.7;0.0;0.0;7
nanbield-2023-08-no-ff-with-reg-cpu-pressure-100K-8-bb;92594.7;0.0;0.0;6
nanbield-2023-08-no-ff-with-reg-cpu-pressure-100K-8-bb;100666.1;0.0;0.0;7
nanbield-2023-08-no-ff-with-reg-cpu-pressure-100K-8-bb;99083.1;0.0;0.0;6
nanbield-2023-08-no-ff-with-reg-cpu-pressure-100K-8-bb;103745.5;0.0;0.0;7
nanbield-2023-08-no-ff-with-reg-cpu-pressure-100K-8-bb;93288.2;0.0;0.0;6
nanbield-2023-08-no-ff-with-reg-cpu-pressure-100K-8-bb;123972.6;0.0;0.0;7
nanbield-2023-08-no-ff-with-reg-cpu-pressure-100K-8-bb;97961.9;0.0;0.0;5
nanbield-2023-08-no-ff-with-reg-cpu-pressure-100K-8-bb;118390.3;1.0;0.0;7
nanbield-2023-08-no-ff-with-reg-cpu-pressure-100K-8-bb;98617.8;0.0;0.0;6
nanbield-2023-08-no-ff-with-reg-cpu-pressure-100K-8-bb;108585.5;0.0;0.0;7
nanbield-2023-08-no-ff-with-reg-cpu-pressure-100K-8-bb;99238.2;19.1;0.0;6
nanbield-2023-08-no-ff-with-reg-cpu-pressure-100K-8-bb;102091.9;15.0;0.0;7
nanbield-2023-08-no-ff-with-reg-cpu-pressure-100K-8-bb;98385.8;0.0;0.0;6
nanbield-2023-08-no-ff-with-reg-cpu-pressure-100K-8-bb;102968.8;0.0;0.0;7
nanbield-2023-08-no-ff-with-reg-cpu-pressure-100K-8-bb;99521.2;0.0;0.0;6
nanbield-2023-08-no-ff-with-reg-cpu-pressure-100K-8-bb;104277.6;0.0;0.0;7
nanbield-2023-08-no-ff-with-reg-cpu-pressure-100K-8-bb;98584.0;0.0;0.0;6
nanbield-2023-08-no-ff-with-reg-cpu-pressure-100K-8-bb;125103.8;0.0;0.0;7
nanbield-2023-08-no-ff-with-reg-cpu-pressure-100K-8-bb;87762.8;0.0;0.0;6
nanbield-2023-08-no-ff-with-reg-cpu-pressure-100K-8-bb;119673.6;0.0;0.0;7
nanbield-2023-08-no-ff-with-reg-cpu-pressure-100K-8-bb;86413.9;0.0;0.0;6
nanbield-2023-08-no-ff-with-reg-cpu-pressure-100K-8-bb;121508.5;0.0;0.0;7
nanbield-2023-08-no-ff-with-reg-cpu-pressure-100K-8-bb;86357.8;0.0;0.0;6
nanbield-2023-08-no-ff-with-reg-cpu-pressure-100K-8-bb;118530.3;0.0;0.0;7
nanbield-2023-08-no-ff-with-reg-cpu-pressure-100K-8-bb;97343.5;0.0;0.0;6
nanbield-2023-08-no-ff-with-reg-cpu-pressure-100K-8-bb;100139.5;0.0;0.0;7
nanbield-2023-08-no-ff-with-reg-cpu-pressure-100K-8-bb;98286.6;0.0;0.0;6
nanbield-2023-08-no-ff-with-reg-cpu-pressure-100K-8-bb;115567.0;0.0;0.0;7
nanbield-2023-08-no-ff-with-reg-cpu-pressure-100K-8-bb;94692.3;0.0;0.0;7
nanbield-2023-08-no-ff-with-reg-cpu-pressure-100K-8-bb;108560.0;0.9;0.0;7
nanbield-2023-08-no-ff-with-reg-cpu-pressure-100K-8-bb;95423.9;0.0;0.0;7
nanbield-2023-08-no-ff-with-reg-cpu-pressure-100K-8-bb;111645.8;0.0;0.0;7
nanbield-2023-08-no-ff-with-reg-cpu-pressure-100K-8-bb;98403.8;0.0;0.0;6
nanbield-2023-08-no-ff-with-reg-cpu-pressure-100K-8-bb;100281.3;0.0;0.0;7
nanbield-2023-08-no-ff-with-reg-cpu-pressure-100K-8-bb;98338.2;0.0;0.0;6
nanbield-2023-08-no-ff-with-reg-cpu-pressure-100K-8-bb;102256.2;0.0;0.0;7
nanbield-2023-08-no-ff-with-reg-cpu-pressure-100K-8-bb;99894.5;0.0;0.0;6
nanbield-2023-08-no-ff-with-reg-cpu-pressure-100K-8-bb;105052.3;0.0;0.0;7
nanbield-2023-08-no-ff-with-reg-cpu-pressure-100K-8-bb;99857.8;0.0;0.0;7
nanbield-2023-08-no-ff-with-reg-cpu-pressure-100K-8-bb;101453.7;21.1;0.0;7
nanbield-2023-08-no-ff-with-reg-cpu-pressure-100K-8-bb;99237.6;4.4;0.0;7
nanbield-2023-08-no-ff-with-reg-cpu-pressure-100K-8-bb;231777.8;20.7;0.0;7
nanbield-2023-08-no-ff-with-reg-cpu-pressure-100K-8-bb;66239.3;0.0;0.0;4
nanbield-2023-08-no-ff-with-reg-cpu-pressure-100K-8-bb;122550.6;2.0;0.0;7
nanbield-2023-08-no-ff-with-reg-cpu-pressure-100K-8-bb;15132.4;0.0;0.0;7
nanbield-2023-08-no-ff-with-reg-cpu-pressure-100K-8-bb;193256.7;0.0;0.0;7
nanbield-2023-08-no-ff-with-reg-cpu-pressure-100K-8-bb;3213.3;0.0;0.0;7
nanbield-2023-08-no-ff-with-reg-cpu-pressure-100K-8-bb;154911.7;0.0;0.0;7
nanbield-2023-08-no-ff-with-reg-cpu-pressure-100K-8-bb;98386.6;0.0;0.0;7
nanbield-2023-08-no-ff-with-reg-cpu-pressure-100K-8-bb;109551.3;0.0;0.0;7
nanbield-2023-08-no-ff-with-reg-cpu-pressure-100K-8-bb;49193.5;0.0;0.0;7
nanbield-2023-08-no-ff-with-reg-cpu-pressure-100K-8-bb;104837.4;0.0;0.0;7
nanbield-2023-08-no-ff-with-reg-cpu-pressure-100K-8-bb;95592.1;0.0;0.0;7
nanbield-2023-08-no-ff-with-reg-cpu-pressure-100K-8-bb;108371.2;0.0;0.0;7
nanbield-2023-08-no-ff-with-reg-cpu-pressure-100K-8-bb;81255.8;0.0;0.0;7
nanbield-2023-08-no-ff-with-reg-cpu-pressure-100K-8-bb;104582.7;9.6;0.0;7
nanbield-2023-08-no-ff-with-reg-cpu-pressure-100K-8-bb;94346.3;42.8;0.0;7
nanbield-2023-08-no-ff-with-reg-cpu-pressure-100K-8-bb;153247.8;37.9;0.0;7
nanbield-2023-08-no-ff-with-reg-cpu-pressure-100K-8-bb;96885.5;27.2;0.0;3
nanbield-2023-08-no-ff-with-reg-cpu-pressure-100K-8-bb;103982.7;24.5;0.0;5
nanbield-2023-08-no-ff-with-reg-cpu-pressure-100K-8-bb;97044.1;20.1;0.0;5
nanbield-2023-08-no-ff-with-reg-cpu-pressure-100K-8-bb;103203.7;0.0;0.0;7
nanbield-2023-08-no-ff-with-reg-cpu-pressure-100K-8-bb;95011.0;0.0;0.0;7
nanbield-2023-08-no-ff-with-reg-cpu-pressure-100K-8-bb;104493.8;0.0;0.0;7
nanbield-2023-08-no-ff-with-reg-cpu-pressure-100K-8-bb;99689.5;0.0;0.0;7
nanbield-2023-08-no-ff-with-reg-cpu-pressure-100K-8-bb;144097.1;0.0;0.0;7
nanbield-2023-08-no-ff-with-reg-cpu-pressure-100K-8-bb;99953.8;4.8;0.0;7
nanbield-2023-08-no-ff-with-reg-cpu-pressure-100K-8-bb;104950.9;0.0;0.0;7
nanbield-2023-08-no-ff-with-reg-cpu-pressure-100K-8-bb;18960.9;0.0;0.0;7
nanbield-2023-08-no-ff-with-reg-cpu-pressure-100K-8-bb;194116.8;0.0;0.0;7
nanbield-2023-08-no-ff-with-reg-cpu-pressure-100K-8-bb;92919.2;3165.4;0.0;7
nanbield-2023-08-no-ff-with-reg-cpu-pressure-100K-8-bb;152324.3;0.0;0.0;7
nanbield-2023-08-no-ff-with-reg-cpu-pressure-100K-8-bb;99618.4;0.0;0.0;7
nanbield-2023-08-no-ff-with-reg-cpu-pressure-100K-8-bb;121745.0;0.5;0.0;7
nanbield-2023-08-no-ff-with-reg-cpu-pressure-100K-8-bb;94680.1;1.9;0.0;6
nanbield-2023-08-no-ff-with-reg-cpu-pressure-100K-8-bb;113656.2;0.8;0.0;7
nanbield-2023-08-no-ff-with-reg-cpu-pressure-100K-8-bb;96958.6;0.0;0.0;6
nanbield-2023-08-no-ff-with-reg-cpu-pressure-100K-8-bb;168507.8;0.0;0.0;7
nanbield-2023-08-no-ff-with-reg-cpu-pressure-100K-8-bb;7322.0;0.0;0.0;6
nanbield-2023-08-no-ff-with-reg-cpu-pressure-100K-8-bb;144677.7;0.0;0.0;7
nanbield-2023-08-no-ff-with-reg-cpu-pressure-100K-8-bb;91781.0;1185.0;0.0;5
nanbield-2023-08-no-ff-with-reg-cpu-pressure-100K-8-bb;118969.8;3.8;0.0;7
nanbield-2023-08-no-ff-with-reg-cpu-pressure-100K-8-bb;38301.9;0.0;0.0;5
nanbield-2023-08-no-ff-with-reg-cpu-pressure-100K-8-bb;108839.1;0.0;0.0;7
nanbield-2023-08-no-ff-with-reg-cpu-pressure-100K-8-bb;63450.6;0.0;0.0;7
nanbield-2023-08-no-ff-with-reg-cpu-pressure-100K-8-bb;146773.5;0.0;0.0;7
nanbield-2023-08-no-ff-with-reg-cpu-pressure-100K-8-bb;95345.8;0.0;0.0;5
nanbield-2023-08-no-ff-with-reg-cpu-pressure-100K-8-bb;203857.5;0.0;0.0;7
nanbield-2023-08-no-ff-with-reg-cpu-pressure-100K-8-bb;18759.4;0.0;0.0;7
nanbield-2023-08-no-ff-with-reg-cpu-pressure-100K-8-bb;142540.6;0.0;0.0;7
nanbield-2023-08-no-ff-with-reg-cpu-pressure-100K-8-bb;13619.3;0.0;0.0;6
nanbield-2023-08-no-ff-with-reg-cpu-pressure-100K-8-bb;271279.7;277.8;0.2;7
nanbield-2023-08-no-ff-with-reg-cpu-pressure-100K-8-bb;1229.4;0.0;0.0;6
nanbield-2023-08-no-ff-with-reg-cpu-pressure-100K-8-bb;164256.5;0.0;0.0;6
nanbield-2023-08-no-ff-with-reg-cpu-pressure-100K-8-bb;92842.3;0.0;0.0;4
nanbield-2023-08-no-ff-with-reg-cpu-pressure-100K-8-bb;104866.7;0.0;0.0;5
nanbield-2023-08-no-ff-with-reg-cpu-pressure-100K-8-bb;80235.5;0.0;0.0;4
nanbield-2023-08-no-ff-with-reg-cpu-pressure-100K-8-bb;147376.4;0.0;0.0;5
nanbield-2023-08-no-ff-with-reg-cpu-pressure-100K-8-bb;96719.1;0.0;0.0;3
nanbield-2023-08-no-ff-with-reg-cpu-pressure-100K-8-bb;103058.7;0.0;0.0;4
nanbield-2023-08-no-ff-with-reg-cpu-pressure-100K-8-bb;99906.1;0.0;0.0;4
nanbield-2023-08-no-ff-with-reg-cpu-pressure-100K-8-bb;101545.9;0.0;0.0;5
nanbield-2023-08-no-ff-with-reg-cpu-pressure-100K-8-bb;99807.8;0.0;0.0;5
nanbield-2023-08-no-ff-with-reg-cpu-pressure-100K-8-bb;100739.6;0.0;0.0;6
nanbield-2023-08-no-ff-with-reg-cpu-pressure-100K-8-bb;96758.5;0.0;0.0;4
nanbield-2023-08-no-ff-with-reg-cpu-pressure-100K-8-bb;105680.4;0.0;0.0;7
nanbield-2023-08-no-ff-with-reg-cpu-pressure-100K-8-bb;84634.5;0.0;0.0;4
nanbield-2023-08-no-ff-with-reg-cpu-pressure-100K-8-bb;126765.9;0.0;0.0;5
nanbield-2023-08-no-ff-with-reg-cpu-pressure-100K-8-bb;94870.5;0.0;0.0;5
nanbield-2023-08-no-ff-with-reg-cpu-pressure-100K-8-bb;110565.6;0.0;0.0;5
nanbield-2023-08-no-ff-with-reg-cpu-pressure-100K-8-bb;87448.3;0.0;0.0;3
nanbield-2023-08-no-ff-with-reg-cpu-pressure-100K-8-bb;102916.7;0.0;0.0;4
nanbield-2023-08-no-ff-with-reg-cpu-pressure-100K-8-bb;97875.9;0.0;0.0;4
nanbield-2023-08-no-ff-with-reg-cpu-pressure-100K-8-bb;104904.0;0.0;0.0;6
nanbield-2023-08-no-ff-with-reg-cpu-pressure-100K-8-bb;99923.2;0.0;0.0;3
nanbield-2023-08-no-ff-with-reg-cpu-pressure-100K-8-bb;103636.0;0.0;0.0;4
nanbield-2023-08-no-ff-with-reg-cpu-pressure-100K-8-bb;68007.3;0.0;0.0;3
nanbield-2023-08-no-ff-with-reg-cpu-pressure-100K-8-bb;117742.7;0.0;0.0;4
nanbield-2023-08-no-ff-with-reg-cpu-pressure-100K-8-bb;81174.0;0.0;0.0;4
nanbield-2023-08-no-ff-with-reg-cpu-pressure-100K-8-bb;134231.3;0.0;0.0;5
nanbield-2023-08-no-ff-with-reg-cpu-pressure-100K-8-bb;99429.6;0.0;0.0;2
nanbield-2023-08-no-ff-with-reg-cpu-pressure-100K-8-bb;108018.0;0.0;0.0;3
nanbield-2023-08-no-ff-with-reg-cpu-pressure-100K-8-bb;99581.8;0.0;0.0;3
nanbield-2023-08-no-ff-with-reg-cpu-pressure-100K-8-bb;106012.8;0.0;0.0;5
nanbield-2023-08-no-ff-with-reg-cpu-pressure-100K-8-bb;85715.7;0.0;0.0;5
nanbield-2023-08-no-ff-with-reg-cpu-pressure-100K-8-bb;127906.2;0.0;0.0;5
nanbield-2023-08-no-ff-with-reg-cpu-pressure-100K-8-bb;75487.1;0.0;0.0;3
nanbield-2023-08-no-ff-with-reg-cpu-pressure-100K-8-bb;110378.1;262.1;0.0;6
nanbield-2023-08-no-ff-with-reg-cpu-pressure-100K-8-bb;75390.3;0.0;0.0;3
nanbield-2023-08-no-ff-with-reg-cpu-pressure-100K-8-bb;101512.7;0.0;0.0;4
nanbield-2023-08-no-ff-with-reg-cpu-pressure-100K-8-bb;99825.5;0.0;0.0;4
nanbield-2023-08-no-ff-with-reg-cpu-pressure-100K-8-bb;122106.9;0.6;0.0;7
nanbield-2023-08-no-ff-with-reg-cpu-pressure-100K-8-bb;99555.0;0.0;0.0;7
nanbield-2023-08-no-ff-with-reg-cpu-pressure-100K-8-bb;132285.5;1.4;0.0;7
nanbield-2023-08-no-ff-with-reg-cpu-pressure-100K-8-bb;98012.2;0.0;0.0;7
nanbield-2023-08-no-ff-with-reg-cpu-pressure-100K-8-bb;147102.5;0.0;0.0;7
nanbield-2023-08-no-ff-with-reg-cpu-pressure-100K-8-bb;99167.2;24.3;0.0;5
nanbield-2023-08-no-ff-with-reg-cpu-pressure-100K-8-bb;251562.8;1.5;0.0;7
nanbield-2023-08-no-ff-with-reg-cpu-pressure-100K-8-bb;6420.6;0.0;0.0;7
nanbield-2023-08-no-ff-with-reg-cpu-pressure-100K-8-bb;132409.7;1.0;0.0;7
nanbield-2023-08-no-ff-with-reg-cpu-pressure-100K-8-bb;15181.9;0.0;0.0;7
nanbield-2023-08-no-ff-with-reg-cpu-pressure-100K-8-bb;222638.2;6.1;0.2;7
nanbield-2023-08-no-ff-with-reg-cpu-pressure-100K-8-bb;3544.5;0.0;0.0;6
nanbield-2023-08-no-ff-with-reg-cpu-pressure-100K-8-bb;458320.8;0.0;0.0;7
nanbield-2023-08-no-ff-with-reg-cpu-pressure-100K-8-bb;97402.2;0.0;0.0;5
nanbield-2023-08-no-ff-with-reg-cpu-pressure-100K-8-bb;110651.9;0.0;0.0;7
nanbield-2023-08-no-ff-with-reg-cpu-pressure-100K-8-bb;96306.4;0.0;0.0;7
nanbield-2023-08-no-ff-with-reg-cpu-pressure-100K-8-bb;150696.3;0.7;0.0;7
nanbield-2023-08-no-ff-with-reg-cpu-pressure-100K-8-bb;99611.2;0.0;0.0;4
nanbield-2023-08-no-ff-with-reg-cpu-pressure-100K-8-bb;109199.2;0.0;0.0;5
nanbield-2023-08-no-ff-with-reg-cpu-pressure-100K-8-bb;96010.6;0.0;0.0;5
nanbield-2023-08-no-ff-with-reg-cpu-pressure-100K-8-bb;163959.7;0.0;0.0;6
nanbield-2023-08-no-ff-with-reg-cpu-pressure-100K-8-bb;99010.3;0.0;0.0;6
nanbield-2023-08-no-ff-with-reg-cpu-pressure-100K-8-bb;109472.9;1.4;0.0;7
nanbield-2023-08-no-ff-with-reg-cpu-pressure-100K-8-bb;98393.8;1.2;0.0;7
nanbield-2023-08-no-ff-with-reg-cpu-pressure-100K-8-bb;738220.3;0.8;0.0;7
nanbield-2023-08-no-ff-with-reg-cpu-pressure-100K-8-bb;96029.7;0.0;0.0;5
nanbield-2023-08-no-ff-with-reg-cpu-pressure-100K-8-bb;135679.8;0.0;0.0;6
nanbield-2023-08-no-ff-with-reg-cpu-pressure-100K-8-bb;99596.1;188.0;0.0;6
nanbield-2023-08-no-ff-with-reg-cpu-pressure-100K-8-bb;102589.4;0.0;0.0;7
nanbield-2023-08-no-ff-with-reg-cpu-pressure-100K-8-bb;98487.6;0.0;0.0;7
nanbield-2023-08-no-ff-with-reg-cpu-pressure-100K-8-bb;154388.3;1.0;0.0;7
nanbield-2023-08-no-ff-with-reg-cpu-pressure-100K-8-bb;44588.9;0.0;0.0;7
nanbield-2023-08-no-ff-with-reg-cpu-pressure-100K-8-bb;105388.6;0.0;0.0;7
nanbield-2023-08-no-ff-with-reg-cpu-pressure-100K-8-bb;73515.8;0.0;0.0;7
nanbield-2023-08-no-ff-with-reg-cpu-pressure-100K-8-bb;141867.2;0.0;0.0;7
nanbield-2023-08-no-ff-with-reg-cpu-pressure-100K-8-bb;82811.5;0.0;0.0;5
nanbield-2023-08-no-ff-with-reg-cpu-pressure-100K-8-bb;116220.7;32.8;0.0;7
nanbield-2023-08-no-ff-with-reg-cpu-pressure-100K-8-bb;92022.5;0.0;0.0;7
nanbield-2023-08-no-ff-with-reg-cpu-pressure-100K-8-bb;108883.2;1.4;0.0;7
nanbield-2023-08-no-ff-with-reg-cpu-pressure-100K-8-bb;88917.3;0.0;0.0;5
nanbield-2023-08-no-ff-with-reg-cpu-pressure-100K-8-bb;106668.1;0.0;0.0;7
nanbield-2023-08-no-ff-with-reg-cpu-pressure-100K-8-bb;95513.5;0.0;0.0;6
nanbield-2023-08-no-ff-with-reg-cpu-pressure-100K-8-bb;122742.5;0.0;0.0;7
nanbield-2023-08-no-ff-with-reg-cpu-pressure-100K-8-bb;98485.7;0.0;0.0;7
nanbield-2023-08-no-ff-with-reg-cpu-pressure-100K-8-bb;116987.3;0.0;0.0;7
nanbield-2023-08-no-ff-with-reg-cpu-pressure-100K-8-bb;75580.5;0.0;0.0;7
nanbield-2023-08-no-ff-with-reg-cpu-pressure-100K-8-bb;222540.3;0.0;0.0;7
nanbield-2023-08-no-ff-with-reg-cpu-pressure-100K-8-bb;93414.4;0.0;0.0;6
nanbield-2023-08-no-ff-with-reg-cpu-pressure-100K-8-bb;150807.8;0.0;0.0;7
nanbield-2023-08-no-ff-with-reg-cpu-pressure-100K-8-bb;5923.1;0.0;0.0;7
nanbield-2023-08-no-ff-with-reg-cpu-pressure-100K-8-bb;153924.8;0.8;0.0;7
nanbield-2023-08-no-ff-with-reg-cpu-pressure-100K-8-bb;99949.8;0.0;0.0;7
nanbield-2023-08-no-ff-with-reg-cpu-pressure-100K-8-bb;115012.5;0.0;0.0;7
nanbield-2023-08-no-ff-with-reg-cpu-pressure-100K-8-bb;82897.5;0.0;0.0;6
nanbield-2023-08-no-ff-with-reg-cpu-pressure-100K-8-bb;139456.6;0.3;0.0;7
nanbield-2023-08-no-ff-with-reg-cpu-pressure-100K-8-bb;26574.7;0.0;0.0;7
nanbield-2023-08-no-ff-with-reg-cpu-pressure-100K-8-bb;204948.9;0.0;0.0;7
nanbield-2023-08-no-ff-with-reg-cpu-pressure-100K-8-bb;26172.7;69.4;0.0;6
nanbield-2023-08-no-ff-with-reg-cpu-pressure-100K-8-bb;121976.2;7.3;0.0;7
nanbield-2023-08-no-ff-with-reg-cpu-pressure-100K-8-bb;46092.9;1351.3;0.0;4
nanbield-2023-08-no-ff-with-reg-cpu-pressure-100K-8-bb;133539.0;0.0;0.0;7
nanbield-2023-08-no-ff-with-reg-cpu-pressure-100K-8-bb;95907.3;0.0;0.0;6
nanbield-2023-08-no-ff-with-reg-cpu-pressure-100K-8-bb;109710.5;0.0;0.0;7
nanbield-2023-08-no-ff-with-reg-cpu-pressure-100K-8-bb;95114.3;0.0;0.0;7
nanbield-2023-08-no-ff-with-reg-cpu-pressure-100K-8-bb;102940.5;1568.1;0.0;7
nanbield-2023-08-no-ff-with-reg-cpu-pressure-100K-8-bb;29371.7;2962.5;0.0;7
nanbield-2023-08-no-ff-with-reg-cpu-pressure-100K-8-bb;106403.3;3.6;0.0;7
nanbield-2023-08-no-ff-with-reg-cpu-pressure-100K-8-bb;99883.7;525.1;0.0;6
nanbield-2023-08-no-ff-with-reg-cpu-pressure-100K-8-bb;101036.1;498.0;0.0;7
nanbield-2023-08-no-ff-with-reg-cpu-pressure-100K-8-bb;99912.4;0.0;0.0;5
nanbield-2023-08-no-ff-with-reg-cpu-pressure-100K-8-bb;129511.8;0.0;0.0;7
nanbield-2023-08-no-ff-with-reg-cpu-pressure-100K-8-bb;64590.8;0.0;0.0;7
nanbield-2023-08-no-ff-with-reg-cpu-pressure-100K-8-bb;116456.5;0.0;0.0;7
nanbield-2023-08-no-ff-with-reg-cpu-pressure-100K-8-bb;99654.4;0.0;0.0;7
nanbield-2023-08-no-ff-with-reg-cpu-pressure-100K-8-bb;283755.6;0.0;0.0;7
nanbield-2023-08-no-ff-with-reg-cpu-pressure-100K-8-bb;89137.9;0.0;0.0;6
nanbield-2023-08-no-ff-with-reg-cpu-pressure-100K-8-bb;108295.8;0.0;0.0;6
nanbield-2023-08-no-ff-with-reg-cpu-pressure-100K-8-bb;19420.7;0.0;0.0;5
nanbield-2023-08-no-ff-with-reg-cpu-pressure-100K-8-bb;430402.7;0.0;0.0;7
nanbield-2023-08-no-ff-with-reg-cpu-pressure-100K-8-bb;99844.3;0.0;0.0;6
nanbield-2023-08-no-ff-with-reg-cpu-pressure-100K-8-bb;109737.6;0.0;0.0;7
nanbield-2023-08-no-ff-with-reg-cpu-pressure-100K-8-bb;1581.6;0.0;0.0;5
nanbield-2023-08-no-ff-with-reg-cpu-pressure-100K-8-bb;127156.0;1.0;0.0;7
nanbield-2023-08-no-ff-with-reg-cpu-pressure-100K-8-bb;94821.5;0.0;0.0;6
nanbield-2023-08-no-ff-with-reg-cpu-pressure-100K-8-bb;151178.9;33.7;0.0;7
nanbield-2023-08-no-ff-with-reg-cpu-pressure-100K-8-bb;8048.8;0.0;0.0;7
nanbield-2023-08-no-ff-with-reg-cpu-pressure-100K-8-bb;100136.0;1.2;0.0;7
nanbield-2023-08-no-ff-with-reg-cpu-pressure-100K-8-bb;2031.5;0.0;0.0;6
nanbield-2023-08-no-ff-with-reg-cpu-pressure-100K-8-bb;180760.3;0.0;0.0;7
nanbield-2023-08-no-ff-with-reg-cpu-pressure-100K-8-bb;56293.2;0.0;0.0;6
nanbield-2023-08-no-ff-with-reg-cpu-pressure-100K-8-bb;100406.8;1.0;0.0;7
nanbield-2023-08-no-ff-with-reg-cpu-pressure-100K-8-bb;91562.3;0.0;0.0;7
nanbield-2023-08-no-ff-with-reg-cpu-pressure-100K-8-bb;130102.2;1.8;0.0;7
nanbield-2023-08-no-ff-with-reg-cpu-pressure-100K-8-bb;79820.4;0.0;0.0;5
nanbield-2023-08-no-ff-with-reg-cpu-pressure-100K-8-bb;104195.6;0.0;0.0;7
nanbield-2023-08-no-ff-with-reg-cpu-pressure-100K-8-bb;96371.1;0.0;0.0;4
nanbield-2023-08-no-ff-with-reg-cpu-pressure-100K-8-bb;122004.5;0.0;0.0;5
nanbield-2023-08-no-ff-with-reg-cpu-pressure-100K-8-bb;66167.4;0.0;0.0;5
nanbield-2023-08-no-ff-with-reg-cpu-pressure-100K-8-bb;156226.7;0.0;0.0;6
nanbield-2023-08-no-ff-with-reg-cpu-pressure-100K-8-bb;96188.0;0.0;0.0;5
nanbield-2023-08-no-ff-with-reg-cpu-pressure-100K-8-bb;118780.7;0.0;0.0;6
nanbield-2023-08-no-ff-with-reg-cpu-pressure-100K-8-bb;99428.9;1.4;0.0;5
nanbield-2023-08-no-ff-with-reg-cpu-pressure-100K-8-bb;104900.3;2.6;0.0;7
nanbield-2023-08-no-ff-with-reg-cpu-pressure-100K-8-bb;20141.4;0.0;0.0;4
nanbield-2023-08-no-ff-with-reg-cpu-pressure-100K-8-bb;250290.5;0.0;0.0;7
nanbield-2023-08-no-ff-with-reg-cpu-pressure-100K-8-bb;97438.0;0.0;0.0;4
nanbield-2023-08-no-ff-with-reg-cpu-pressure-100K-8-bb;104012.4;0.0;0.0;6
nanbield-2023-08-no-ff-with-reg-cpu-pressure-100K-8-bb;99965.8;0.0;0.0;6
nanbield-2023-08-no-ff-with-reg-cpu-pressure-100K-8-bb;112371.5;0.0;0.0;7
nanbield-2023-08-no-ff-with-reg-cpu-pressure-100K-8-bb;46523.0;0.0;0.0;3
nanbield-2023-08-no-ff-with-reg-cpu-pressure-100K-8-bb;126729.7;0.0;0.0;7
nanbield-2023-08-no-ff-with-reg-cpu-pressure-100K-8-bb;86569.1;0.0;0.0;5
nanbield-2023-08-no-ff-with-reg-cpu-pressure-100K-8-bb;104124.6;0.0;0.0;6
nanbield-2023-08-no-ff-with-reg-cpu-pressure-100K-8-bb;98008.2;0.0;0.0;4
nanbield-2023-08-no-ff-with-reg-cpu-pressure-100K-8-bb;106980.7;0.0;0.0;6
nanbield-2023-08-no-ff-with-reg-cpu-pressure-100K-8-bb;99332.3;0.0;0.0;6
nanbield-2023-08-no-ff-with-reg-cpu-pressure-100K-8-bb;102751.4;0.0;0.0;7
nanbield-2023-08-no-ff-with-reg-cpu-pressure-100K-8-bb;95820.2;0.0;0.0;6
nanbield-2023-08-no-ff-with-reg-cpu-pressure-100K-8-bb;115422.4;0.0;0.0;7
nanbield-2023-08-no-ff-with-reg-cpu-pressure-100K-8-bb;99174.2;0.0;0.0;5
nanbield-2023-08-no-ff-with-reg-cpu-pressure-100K-8-bb;314368.8;0.0;0.0;7
nanbield-2023-08-no-ff-with-reg-cpu-pressure-100K-8-bb;84009.6;0.0;0.0;5
nanbield-2023-08-no-ff-with-reg-cpu-pressure-100K-8-bb;109540.8;0.0;0.0;6
nanbield-2023-08-no-ff-with-reg-cpu-pressure-100K-8-bb;98119.8;0.0;0.0;5
nanbield-2023-08-no-ff-with-reg-cpu-pressure-100K-8-bb;114762.9;0.0;0.0;7
nanbield-2023-08-no-ff-with-reg-cpu-pressure-100K-8-bb;69637.3;0.0;0.0;5
nanbield-2023-08-no-ff-with-reg-cpu-pressure-100K-8-bb;129488.2;0.0;0.0;7
nanbield-2023-08-no-ff-with-reg-cpu-pressure-100K-8-bb;89983.7;0.0;0.0;6
nanbield-2023-08-no-ff-with-reg-cpu-pressure-100K-8-bb;104731.7;0.0;0.0;7
nanbield-2023-08-no-ff-with-reg-cpu-pressure-100K-8-bb;82808.7;0.0;0.0;6
nanbield-2023-08-no-ff-with-reg-cpu-pressure-100K-8-bb;115752.2;0.0;0.0;7
nanbield-2023-08-no-ff-with-reg-cpu-pressure-100K-8-bb;96969.6;0.0;0.0;6
nanbield-2023-08-no-ff-with-reg-cpu-pressure-100K-8-bb;103945.1;0.0;0.0;7
nanbield-2023-08-no-ff-with-reg-cpu-pressure-100K-8-bb;99942.8;0.0;0.0;7
nanbield-2023-08-no-ff-with-reg-cpu-pressure-100K-8-bb;133378.4;0.0;0.0;7
nanbield-2023-08-no-ff-with-reg-cpu-pressure-100K-8-bb;93812.9;0.0;0.0;6
nanbield-2023-08-no-ff-with-reg-cpu-pressure-100K-8-bb;106458.1;0.0;0.0;7
nanbield-2023-08-no-ff-with-reg-cpu-pressure-100K-8-bb;96101.1;0.0;0.0;6
nanbield-2023-08-no-ff-with-reg-cpu-pressure-100K-8-bb;115617.2;0.0;0.0;7
nanbield-2023-08-no-ff-with-reg-cpu-pressure-100K-8-bb;97500.4;0.0;0.0;6
nanbield-2023-08-no-ff-with-reg-cpu-pressure-100K-8-bb;102150.3;0.0;0.0;7
nanbield-2023-08-no-ff-with-reg-cpu-pressure-100K-8-bb;88604.1;0.0;0.0;5
nanbield-2023-08-no-ff-with-reg-cpu-pressure-100K-8-bb;102123.1;0.0;0.0;6
nanbield-2023-08-no-ff-with-reg-cpu-pressure-100K-8-bb;99956.4;0.0;0.0;6
nanbield-2023-08-no-ff-with-reg-cpu-pressure-100K-8-bb;104366.8;0.0;0.0;7
nanbield-2023-08-no-ff-with-reg-cpu-pressure-100K-8-bb;95863.4;0.0;0.0;6
nanbield-2023-08-no-ff-with-reg-cpu-pressure-100K-8-bb;102460.1;0.0;0.0;6
nanbield-2023-08-no-ff-with-reg-cpu-pressure-100K-8-bb;99906.2;0.0;0.0;6
nanbield-2023-08-no-ff-with-reg-cpu-pressure-100K-8-bb;106766.3;0.0;0.0;7
nanbield-2023-08-no-ff-with-reg-cpu-pressure-100K-8-bb;94059.4;0.0;0.0;7
nanbield-2023-08-no-ff-with-reg-cpu-pressure-100K-8-bb;128771.7;0.0;0.0;7
nanbield-2023-08-no-ff-with-reg-cpu-pressure-100K-8-bb;97638.2;0.0;0.0;6
nanbield-2023-08-no-ff-with-reg-cpu-pressure-100K-8-bb;105567.9;0.0;0.0;7
nanbield-2023-08-no-ff-with-reg-cpu-pressure-100K-8-bb;98946.5;0.0;0.0;5
nanbield-2023-08-no-ff-with-reg-cpu-pressure-100K-8-bb;112064.8;0.0;0.0;6
nanbield-2023-08-no-ff-with-reg-cpu-pressure-100K-8-bb;81872.9;0.0;0.0;5
nanbield-2023-08-no-ff-with-reg-cpu-pressure-100K-8-bb;102719.0;0.0;0.0;7
nanbield-2023-08-no-ff-with-reg-cpu-pressure-100K-8-bb;88643.4;0.0;0.0;7
nanbield-2023-08-no-ff-with-reg-cpu-pressure-100K-8-bb;138358.0;0.0;0.0;7
nanbield-2023-08-no-ff-with-reg-cpu-pressure-100K-8-bb;73251.0;0.0;0.0;5
nanbield-2023-08-no-ff-with-reg-cpu-pressure-100K-8-bb;111985.1;0.0;0.0;7
nanbield-2023-08-no-ff-with-reg-cpu-pressure-100K-8-bb;70785.4;0.0;0.0;5
nanbield-2023-08-no-ff-with-reg-cpu-pressure-100K-8-bb;116892.9;0.0;0.0;7
nanbield-2023-08-no-ff-with-reg-cpu-pressure-100K-8-bb;96385.6;0.0;0.0;5
nanbield-2023-08-no-ff-with-reg-cpu-pressure-100K-8-bb;121822.9;0.0;0.0;7
nanbield-2023-08-no-ff-with-reg-cpu-pressure-100K-8-bb;71245.6;0.0;0.0;5
nanbield-2023-08-no-ff-with-reg-cpu-pressure-100K-8-bb;118134.0;83.5;0.0;7
nanbield-2023-08-no-ff-with-reg-cpu-pressure-100K-8-bb;99836.7;0.0;0.0;5
nanbield-2023-08-no-ff-with-reg-cpu-pressure-100K-8-bb;100273.6;0.0;0.0;7
nanbield-2023-08-no-ff-with-reg-cpu-pressure-100K-8-bb;84072.9;0.0;0.0;6
nanbield-2023-08-no-ff-with-reg-cpu-pressure-100K-8-bb;115605.1;54.6;0.0;7
nanbield-2023-08-no-ff-with-reg-cpu-pressure-100K-8-bb;99847.3;0.0;0.0;7
nanbield-2023-08-no-ff-with-reg-cpu-pressure-100K-8-bb;102463.4;0.0;0.0;7
nanbield-2023-08-no-ff-with-reg-cpu-pressure-100K-8-bb;99556.3;0.0;0.0;6
nanbield-2023-08-no-ff-with-reg-cpu-pressure-100K-8-bb;101449.1;0.0;0.0;7
nanbield-2023-08-no-ff-with-reg-cpu-pressure-100K-8-bb;84341.6;0.0;0.0;6
nanbield-2023-08-no-ff-with-reg-cpu-pressure-100K-8-bb;138809.4;0.0;0.0;7
nanbield-2023-08-no-ff-with-reg-cpu-pressure-100K-8-bb;91050.3;0.0;0.0;6
nanbield-2023-08-no-ff-with-reg-cpu-pressure-100K-8-bb;102333.0;0.0;0.0;7
nanbield-2023-08-no-ff-with-reg-cpu-pressure-100K-8-bb;73151.4;63.3;0.0;5
nanbield-2023-08-no-ff-with-reg-cpu-pressure-100K-8-bb;130981.4;27.8;0.0;7
nanbield-2023-08-no-ff-with-reg-cpu-pressure-100K-8-bb;98849.6;1.6;0.0;6
nanbield-2023-08-no-ff-with-reg-cpu-pressure-100K-8-bb;112050.1;58.4;2.8;7
nanbield-2023-08-no-ff-with-reg-cpu-pressure-100K-8-bb;89120.7;0.0;0.0;6
nanbield-2023-08-no-ff-with-reg-cpu-pressure-100K-8-bb;101623.1;0.0;0.0;7
nanbield-2023-08-no-ff-with-reg-cpu-pressure-100K-8-bb;89761.7;0.0;0.0;6
nanbield-2023-08-no-ff-with-reg-cpu-pressure-100K-8-bb;100799.5;0.0;0.0;7
nanbield-2023-08-no-ff-with-reg-cpu-pressure-100K-8-bb;87805.6;0.0;0.0;6
nanbield-2023-08-no-ff-with-reg-cpu-pressure-100K-8-bb;118256.9;0.0;0.0;7
nanbield-2023-08-no-ff-with-reg-cpu-pressure-100K-8-bb;99290.9;0.0;0.0;6
nanbield-2023-08-no-ff-with-reg-cpu-pressure-100K-8-bb;125891.1;35.3;0.0;7
nanbield-2023-08-no-ff-with-reg-cpu-pressure-100K-8-bb;99967.0;0.0;0.0;6
nanbield-2023-08-no-ff-with-reg-cpu-pressure-100K-8-bb;102179.3;0.0;0.0;7
nanbield-2023-08-no-ff-with-reg-cpu-pressure-100K-8-bb;90020.9;0.0;0.0;6
nanbield-2023-08-no-ff-with-reg-cpu-pressure-100K-8-bb;100707.4;0.0;0.0;7
nanbield-2023-08-no-ff-with-reg-cpu-pressure-100K-8-bb;98823.1;0.0;0.0;6
nanbield-2023-08-no-ff-with-reg-cpu-pressure-100K-8-bb;114609.1;0.0;0.0;7
nanbield-2023-08-no-ff-with-reg-cpu-pressure-100K-8-bb;90679.9;0.0;0.0;6
nanbield-2023-08-no-ff-with-reg-cpu-pressure-100K-8-bb;128709.6;0.6;0.0;7
nanbield-2023-08-no-ff-with-reg-cpu-pressure-100K-8-bb;88795.2;0.0;0.0;6
nanbield-2023-08-no-ff-with-reg-cpu-pressure-100K-8-bb;100797.8;0.0;0.0;7
nanbield-2023-08-no-ff-with-reg-cpu-pressure-100K-8-bb;91359.5;0.0;0.0;6
nanbield-2023-08-no-ff-with-reg-cpu-pressure-100K-8-bb;115681.6;0.0;0.0;7
nanbield-2023-08-no-ff-with-reg-cpu-pressure-100K-8-bb;97893.2;0.0;0.0;6
nanbield-2023-08-no-ff-with-reg-cpu-pressure-100K-8-bb;114522.3;0.0;0.0;7
nanbield-2023-08-no-ff-with-reg-cpu-pressure-100K-8-bb;87672.1;0.0;0.0;6
nanbield-2023-08-no-ff-with-reg-cpu-pressure-100K-8-bb;140698.7;0.0;0.0;7
nanbield-2023-08-no-ff-with-reg-cpu-pressure-100K-8-bb;99464.2;0.0;0.0;6
nanbield-2023-08-no-ff-with-reg-cpu-pressure-100K-8-bb;107271.7;0.0;0.0;7
nanbield-2023-08-no-ff-with-reg-cpu-pressure-100K-8-bb;99976.9;0.0;0.0;7
nanbield-2023-08-no-ff-with-reg-cpu-pressure-100K-8-bb;132699.6;0.0;0.0;7
nanbield-2023-08-no-ff-with-reg-cpu-pressure-100K-8-bb;99650.6;0.0;0.0;7
nanbield-2023-08-no-ff-with-reg-cpu-pressure-100K-8-bb;111689.0;0.0;0.0;7
nanbield-2023-08-no-ff-with-reg-cpu-pressure-100K-8-bb;98940.6;0.0;0.0;5
nanbield-2023-08-no-ff-with-reg-cpu-pressure-100K-8-bb;111632.0;0.0;0.0;7
nanbield-2023-08-no-ff-with-reg-cpu-pressure-100K-8-bb;93188.7;0.0;0.0;6
nanbield-2023-08-no-ff-with-reg-cpu-pressure-100K-8-bb;108089.4;0.0;0.0;7
nanbield-2023-08-no-ff-with-reg-cpu-pressure-100K-8-bb;88924.4;0.0;0.0;6
nanbield-2023-08-no-ff-with-reg-cpu-pressure-100K-8-bb;108246.0;0.0;0.0;7
nanbield-2023-08-no-ff-with-reg-cpu-pressure-100K-8-bb;94666.5;0.0;0.0;6
nanbield-2023-08-no-ff-with-reg-cpu-pressure-100K-8-bb;107652.0;0.0;0.0;7
nanbield-2023-08-no-ff-with-reg-cpu-pressure-100K-8-bb;99857.7;0.0;0.0;6
nanbield-2023-08-no-ff-with-reg-cpu-pressure-100K-8-bb;100975.8;0.0;0.0;7
nanbield-2023-08-no-ff-with-reg-cpu-pressure-100K-8-bb;86969.5;0.0;0.0;6
nanbield-2023-08-no-ff-with-reg-cpu-pressure-100K-8-bb;147035.0;0.0;0.0;7
nanbield-2023-08-no-ff-with-reg-cpu-pressure-100K-8-bb;99663.2;0.0;0.0;6
nanbield-2023-08-no-ff-with-reg-cpu-pressure-100K-8-bb;101640.2;0.0;0.0;7
nanbield-2023-08-no-ff-with-reg-cpu-pressure-100K-8-bb;86001.3;0.0;0.0;5
nanbield-2023-08-no-ff-with-reg-cpu-pressure-100K-8-bb;100614.7;0.0;0.0;6
nanbield-2023-08-no-ff-with-reg-cpu-pressure-100K-8-bb;99920.6;0.0;0.0;6
nanbield-2023-08-no-ff-with-reg-cpu-pressure-100K-8-bb;100054.9;0.0;0.0;7
nanbield-2023-08-no-ff-with-reg-cpu-pressure-100K-8-bb;97828.6;0.0;0.0;6
nanbield-2023-08-no-ff-with-reg-cpu-pressure-100K-8-bb;109621.9;0.0;0.0;7
nanbield-2023-08-no-ff-with-reg-cpu-pressure-100K-8-bb;97093.6;0.0;0.0;5
nanbield-2023-08-no-ff-with-reg-cpu-pressure-100K-8-bb;120214.8;0.0;0.0;7
nanbield-2023-08-no-ff-with-reg-cpu-pressure-100K-8-bb;81443.0;0.0;0.0;4
nanbield-2023-08-no-ff-with-reg-cpu-pressure-100K-8-bb;115941.4;124.4;10.0;7
nanbield-2023-08-no-ff-with-reg-cpu-pressure-100K-8-bb;89286.3;0.0;0.0;6
nanbield-2023-08-no-ff-with-reg-cpu-pressure-100K-8-bb;101918.7;0.0;0.0;7
nanbield-2023-08-no-ff-with-reg-cpu-pressure-100K-8-bb;98705.9;0.0;0.0;5
nanbield-2023-08-no-ff-with-reg-cpu-pressure-100K-8-bb;114259.5;0.0;0.0;7
nanbield-2023-08-no-ff-with-reg-cpu-pressure-100K-8-bb;92871.3;0.0;0.0;6
nanbield-2023-08-no-ff-with-reg-cpu-pressure-100K-8-bb;115179.2;0.0;0.0;7
nanbield-2023-08-no-ff-with-reg-cpu-pressure-100K-8-bb;97836.7;0.0;0.0;6
nanbield-2023-08-no-ff-with-reg-cpu-pressure-100K-8-bb;103512.9;0.0;0.0;7
nanbield-2023-08-no-ff-with-reg-cpu-pressure-100K-8-bb;99597.4;0.0;0.0;6
nanbield-2023-08-no-ff-with-reg-cpu-pressure-100K-8-bb;101284.5;0.0;0.0;7
nanbield-2023-08-no-ff-with-reg-cpu-pressure-100K-8-bb;74155.9;0.0;0.0;6
nanbield-2023-08-no-ff-with-reg-cpu-pressure-100K-8-bb;102242.5;0.0;0.0;7
nanbield-2023-08-no-ff-with-reg-cpu-pressure-100K-8-bb;98858.2;0.0;0.0;6
nanbield-2023-08-no-ff-with-reg-cpu-pressure-100K-8-bb;123691.8;71.0;0.0;7
nanbield-2023-08-no-ff-with-reg-cpu-pressure-100K-8-bb;72536.6;0.0;0.0;5
nanbield-2023-08-no-ff-with-reg-cpu-pressure-100K-8-bb;119229.1;81.6;0.0;7
nanbield-2023-08-no-ff-with-reg-cpu-pressure-100K-8-bb;97237.3;0.0;0.0;6
nanbield-2023-08-no-ff-with-reg-cpu-pressure-100K-8-bb;107546.7;0.0;0.0;7
nanbield-2023-08-no-ff-with-reg-cpu-pressure-100K-8-bb;96246.2;0.0;0.0;6
nanbield-2023-08-no-ff-with-reg-cpu-pressure-100K-8-bb;101058.0;0.0;0.0;7
nanbield-2023-08-no-ff-with-reg-cpu-pressure-100K-8-bb;97304.1;0.0;0.0;6
nanbield-2023-08-no-ff-with-reg-cpu-pressure-100K-8-bb;101166.8;0.0;0.0;7
nanbield-2023-08-no-ff-with-reg-cpu-pressure-100K-8-bb;96575.7;0.0;0.0;6
nanbield-2023-08-no-ff-with-reg-cpu-pressure-100K-8-bb;101151.9;0.0;0.0;7
nanbield-2023-08-no-ff-with-reg-cpu-pressure-100K-8-bb;89908.4;0.0;0.0;6
nanbield-2023-08-no-ff-with-reg-cpu-pressure-100K-8-bb;101811.8;0.0;0.0;7
nanbield-2023-08-no-ff-with-reg-cpu-pressure-100K-8-bb;92622.3;0.0;0.0;6
nanbield-2023-08-no-ff-with-reg-cpu-pressure-100K-8-bb;110448.9;0.0;0.0;7
nanbield-2023-08-no-ff-with-reg-cpu-pressure-100K-8-bb;88699.7;0.0;0.0;6
nanbield-2023-08-no-ff-with-reg-cpu-pressure-100K-8-bb;109653.1;0.0;0.0;7
nanbield-2023-08-no-ff-with-reg-cpu-pressure-100K-8-bb;99987.6;0.0;0.0;6
nanbield-2023-08-no-ff-with-reg-cpu-pressure-100K-8-bb;122833.0;0.0;0.0;7
nanbield-2023-08-no-ff-with-reg-cpu-pressure-100K-8-bb;98094.4;0.0;0.0;6
nanbield-2023-08-no-ff-with-reg-cpu-pressure-100K-8-bb;107922.5;0.0;0.0;7
nanbield-2023-08-no-ff-with-reg-cpu-pressure-100K-8-bb;90047.5;0.0;0.0;6
nanbield-2023-08-no-ff-with-reg-cpu-pressure-100K-8-bb;106622.5;0.0;0.0;7
nanbield-2023-08-no-ff-with-reg-cpu-pressure-100K-8-bb;98085.4;0.0;0.0;6
nanbield-2023-08-no-ff-with-reg-cpu-pressure-100K-8-bb;121740.9;63.3;0.0;7
nanbield-2023-08-no-ff-with-reg-cpu-pressure-100K-8-bb;95401.9;0.0;0.0;6
nanbield-2023-08-no-ff-with-reg-cpu-pressure-100K-8-bb;104925.1;0.0;0.0;7
nanbield-2023-08-no-ff-with-reg-cpu-pressure-100K-8-bb;91805.0;0.0;0.0;6
nanbield-2023-08-no-ff-with-reg-cpu-pressure-100K-8-bb;128958.3;0.0;0.0;7
nanbield-2023-08-no-ff-with-reg-cpu-pressure-100K-8-bb;99930.4;0.0;0.0;6
nanbield-2023-08-no-ff-with-reg-cpu-pressure-100K-8-bb;101954.5;0.0;0.0;7
nanbield-2023-08-no-ff-with-reg-cpu-pressure-100K-8-bb;86211.5;0.0;0.0;6
nanbield-2023-08-no-ff-with-reg-cpu-pressure-100K-8-bb;127951.1;97.5;8.1;7
nanbield-2023-08-no-ff-with-reg-cpu-pressure-100K-8-bb;99073.4;0.0;0.0;6
nanbield-2023-08-no-ff-with-reg-cpu-pressure-100K-8-bb;103600.1;0.0;0.0;7
nanbield-2023-08-no-ff-with-reg-cpu-pressure-100K-8-bb;88806.6;0.0;0.0;6
nanbield-2023-08-no-ff-with-reg-cpu-pressure-100K-8-bb;129428.2;0.0;0.0;7
nanbield-2023-08-no-ff-with-reg-cpu-pressure-100K-8-bb;91204.4;0.0;0.0;6
nanbield-2023-08-no-ff-with-reg-cpu-pressure-100K-8-bb;100474.2;0.0;0.0;7
nanbield-2023-08-no-ff-with-reg-cpu-pressure-100K-8-bb;99241.0;0.0;0.0;6
nanbield-2023-08-no-ff-with-reg-cpu-pressure-100K-8-bb;104729.7;0.0;0.0;7
nanbield-2023-08-no-ff-with-reg-cpu-pressure-100K-8-bb;97512.0;0.0;0.0;6
nanbield-2023-08-no-ff-with-reg-cpu-pressure-100K-8-bb;119753.1;0.0;0.0;7
nanbield-2023-08-no-ff-with-reg-cpu-pressure-100K-8-bb;99757.8;27.4;0.0;6
nanbield-2023-08-no-ff-with-reg-cpu-pressure-100K-8-bb;100711.6;25.2;0.0;7
nanbield-2023-08-no-ff-with-reg-cpu-pressure-100K-8-bb;97744.3;0.0;0.0;5
nanbield-2023-08-no-ff-with-reg-cpu-pressure-100K-8-bb;129522.8;0.5;0.0;7
nanbield-2023-08-no-ff-with-reg-cpu-pressure-100K-8-bb;99829.0;31.9;0.0;5
nanbield-2023-08-no-ff-with-reg-cpu-pressure-100K-8-bb;111631.8;0.0;0.0;6
nanbield-2023-08-no-ff-with-reg-cpu-pressure-100K-8-bb;99384.3;0.0;0.0;6
nanbield-2023-08-no-ff-with-reg-cpu-pressure-100K-8-bb;104201.6;0.0;0.0;7
nanbield-2023-08-no-ff-with-reg-cpu-pressure-100K-8-bb;98198.4;0.0;0.0;6
nanbield-2023-08-no-ff-with-reg-cpu-pressure-100K-8-bb;110137.8;0.0;0.0;7
nanbield-2023-08-no-ff-with-reg-cpu-pressure-100K-8-bb;80374.3;0.0;0.0;5
nanbield-2023-08-no-ff-with-reg-cpu-pressure-100K-8-bb;104406.4;0.0;0.0;6
nanbield-2023-08-no-ff-with-reg-cpu-pressure-100K-8-bb;99596.0;0.0;0.0;6
nanbield-2023-08-no-ff-with-reg-cpu-pressure-100K-8-bb;109103.6;0.0;0.0;7
nanbield-2023-08-no-ff-with-reg-cpu-pressure-100K-8-bb;99569.3;0.0;0.0;6
nanbield-2023-08-no-ff-with-reg-cpu-pressure-100K-8-bb;105920.9;0.0;0.0;7
nanbield-2023-08-no-ff-with-reg-cpu-pressure-100K-8-bb;98177.0;0.0;0.0;6
nanbield-2023-08-no-ff-with-reg-cpu-pressure-100K-8-bb;125370.0;112.4;0.0;7
nanbield-2023-08-no-ff-with-reg-cpu-pressure-100K-8-bb;74005.4;0.0;0.0;5
nanbield-2023-08-no-ff-with-reg-cpu-pressure-100K-8-bb;160844.3;0.0;0.0;7
nanbield-2023-08-no-ff-with-reg-cpu-pressure-100K-8-bb;87838.2;0.0;0.0;6
nanbield-2023-08-no-ff-with-reg-cpu-pressure-100K-8-bb;106048.4;0.0;0.0;6
nanbield-2023-08-no-ff-with-reg-cpu-pressure-100K-8-bb;99664.0;0.0;0.0;6
nanbield-2023-08-no-ff-with-reg-cpu-pressure-100K-8-bb;103411.4;0.0;0.0;7
nanbield-2023-08-no-ff-with-reg-cpu-pressure-100K-8-bb;90348.4;0.0;0.0;6
nanbield-2023-08-no-ff-with-reg-cpu-pressure-100K-8-bb;113188.9;0.0;0.0;7
nanbield-2023-08-no-ff-with-reg-cpu-pressure-100K-8-bb;92831.2;0.0;0.0;6
nanbield-2023-08-no-ff-with-reg-cpu-pressure-100K-8-bb;127805.1;99.6;9.7;7
nanbield-2023-08-no-ff-with-reg-cpu-pressure-100K-8-bb;96214.1;0.0;0.0;6
nanbield-2023-08-no-ff-with-reg-cpu-pressure-100K-8-bb;101050.9;0.0;0.0;7
nanbield-2023-08-no-ff-with-reg-cpu-pressure-100K-8-bb;93011.5;0.0;0.0;6
nanbield-2023-08-no-ff-with-reg-cpu-pressure-100K-8-bb;145953.8;0.0;0.0;7
nanbield-2023-08-no-ff-with-reg-cpu-pressure-100K-8-bb;99018.5;0.0;0.0;5
nanbield-2023-08-no-ff-with-reg-cpu-pressure-100K-8-bb;121135.0;0.0;0.0;6
nanbield-2023-08-no-ff-with-reg-cpu-pressure-100K-8-bb;99393.2;0.0;0.0;5
nanbield-2023-08-no-ff-with-reg-cpu-pressure-100K-8-bb;118300.9;0.0;0.0;7
nanbield-2023-08-no-ff-with-reg-cpu-pressure-100K-8-bb;99125.4;0.0;0.0;5
nanbield-2023-08-no-ff-with-reg-cpu-pressure-100K-8-bb;105654.9;0.0;0.0;6
nanbield-2023-08-no-ff-with-reg-cpu-pressure-100K-8-bb;99406.6;0.0;0.0;5
nanbield-2023-08-no-ff-with-reg-cpu-pressure-100K-8-bb;128749.2;0.0;0.0;7
nanbield-2023-08-no-ff-with-reg-cpu-pressure-100K-8-bb;90602.1;0.0;0.0;6
nanbield-2023-08-no-ff-with-reg-cpu-pressure-100K-8-bb;118544.6;0.0;0.0;7
nanbield-2023-08-no-ff-with-reg-cpu-pressure-100K-8-bb;89836.8;0.0;0.0;6
nanbield-2023-08-no-ff-with-reg-cpu-pressure-100K-8-bb;114101.6;0.0;0.0;7
nanbield-2023-08-no-ff-with-reg-cpu-pressure-100K-8-bb;94052.8;0.0;0.0;5
nanbield-2023-08-no-ff-with-reg-cpu-pressure-100K-8-bb;113561.2;0.0;0.0;7
nanbield-2023-08-no-ff-with-reg-cpu-pressure-100K-8-bb;84322.7;0.0;0.0;5
nanbield-2023-08-no-ff-with-reg-cpu-pressure-100K-8-bb;112002.9;0.0;0.0;7
nanbield-2023-08-no-ff-with-reg-cpu-pressure-100K-8-bb;92976.1;0.0;0.0;6
nanbield-2023-08-no-ff-with-reg-cpu-pressure-100K-8-bb;107818.5;0.0;0.0;7
nanbield-2023-08-no-ff-with-reg-cpu-pressure-100K-8-bb;86146.3;0.0;0.0;6
nanbield-2023-08-no-ff-with-reg-cpu-pressure-100K-8-bb;125694.2;101.4;0.0;7
nanbield-2023-08-no-ff-with-reg-cpu-pressure-100K-8-bb;74582.6;0.0;0.0;5
nanbield-2023-08-no-ff-with-reg-cpu-pressure-100K-8-bb;123004.6;32.5;0.0;7
nanbield-2023-08-no-ff-with-reg-cpu-pressure-100K-8-bb;92311.1;0.0;0.0;5
nanbield-2023-08-no-ff-with-reg-cpu-pressure-100K-8-bb;111926.0;0.0;0.0;7
nanbield-2023-08-no-ff-with-reg-cpu-pressure-100K-8-bb;94678.8;0.0;0.0;6
nanbield-2023-08-no-ff-with-reg-cpu-pressure-100K-8-bb;133756.7;0.0;0.0;7
nanbield-2023-08-no-ff-with-reg-cpu-pressure-100K-8-bb;99375.8;0.0;0.0;5
nanbield-2023-08-no-ff-with-reg-cpu-pressure-100K-8-bb;110479.4;42.7;0.0;7
nanbield-2023-08-no-ff-with-reg-cpu-pressure-100K-8-bb;70650.5;0.0;0.0;6
nanbield-2023-08-no-ff-with-reg-cpu-pressure-100K-8-bb;106307.9;55.7;0.0;7
nanbield-2023-08-no-ff-with-reg-cpu-pressure-100K-8-bb;99076.1;119.9;0.0;6
nanbield-2023-08-no-ff-with-reg-cpu-pressure-100K-8-bb;101609.8;109.5;0.0;7
nanbield-2023-08-no-ff-with-reg-cpu-pressure-100K-8-bb;99737.2;0.0;0.0;6
nanbield-2023-08-no-ff-with-reg-cpu-pressure-100K-8-bb;113904.8;9.4;3.5;7
nanbield-2023-08-no-ff-with-reg-cpu-pressure-100K-8-bb;99599.5;0.0;0.0;5
nanbield-2023-08-no-ff-with-reg-cpu-pressure-100K-8-bb;109981.7;0.0;0.0;7
nanbield-2023-08-no-ff-with-reg-cpu-pressure-100K-8-bb;90674.8;0.0;0.0;6
nanbield-2023-08-no-ff-with-reg-cpu-pressure-100K-8-bb;124699.4;0.0;0.0;7
nanbield-2023-08-no-ff-with-reg-cpu-pressure-100K-8-bb;78116.7;0.0;0.0;5
nanbield-2023-08-no-ff-with-reg-cpu-pressure-100K-8-bb;114577.7;20.3;0.0;7
nanbield-2023-08-no-ff-with-reg-cpu-pressure-100K-8-bb;99616.1;0.0;0.0;6
nanbield-2023-08-no-ff-with-reg-cpu-pressure-100K-8-bb;116952.9;0.0;0.0;7
nanbield-2023-08-no-ff-with-reg-cpu-pressure-100K-8-bb;98439.2;0.0;0.0;6
nanbield-2023-08-no-ff-with-reg-cpu-pressure-100K-8-bb;159828.4;0.8;0.0;7
nanbield-2023-08-no-ff-with-reg-cpu-pressure-100K-8-bb;97998.4;0.0;0.0;6
nanbield-2023-08-no-ff-with-reg-cpu-pressure-100K-8-bb;117195.8;0.0;0.0;6
nanbield-2023-08-no-ff-with-reg-cpu-pressure-100K-8-bb;97964.3;0.0;0.0;6
nanbield-2023-08-no-ff-with-reg-cpu-pressure-100K-8-bb;109881.0;0.0;0.0;7
nanbield-2023-08-no-ff-with-reg-cpu-pressure-100K-8-bb;94491.6;0.0;0.0;6
nanbield-2023-08-no-ff-with-reg-cpu-pressure-100K-8-bb;114558.8;0.0;0.0;7
nanbield-2023-08-no-ff-with-reg-cpu-pressure-100K-8-bb;87814.2;0.0;0.0;6
nanbield-2023-08-no-ff-with-reg-cpu-pressure-100K-8-bb;106149.7;0.0;0.0;7
nanbield-2023-08-no-ff-with-reg-cpu-pressure-100K-8-bb;95333.9;0.0;0.0;6
nanbield-2023-08-no-ff-with-reg-cpu-pressure-100K-8-bb;104566.7;0.0;0.0;7
nanbield-2023-08-no-ff-with-reg-cpu-pressure-100K-8-bb;99246.6;0.0;0.0;6
nanbield-2023-08-no-ff-with-reg-cpu-pressure-100K-8-bb;106928.8;0.0;0.0;7
nanbield-2023-08-no-ff-with-reg-cpu-pressure-100K-8-bb;75240.2;0.0;0.0;5
nanbield-2023-08-no-ff-with-reg-cpu-pressure-100K-8-bb;119415.1;0.0;0.0;7
nanbield-2023-08-no-ff-with-reg-cpu-pressure-100K-8-bb;96792.1;0.0;0.0;5
nanbield-2023-08-no-ff-with-reg-cpu-pressure-100K-8-bb;121541.7;0.0;0.0;7
nanbield-2023-08-no-ff-with-reg-cpu-pressure-100K-8-bb;98778.5;0.0;0.0;6
nanbield-2023-08-no-ff-with-reg-cpu-pressure-100K-8-bb;114402.1;0.0;0.0;7
nanbield-2023-08-no-ff-with-reg-cpu-pressure-100K-8-bb;94241.8;0.0;0.0;6
nanbield-2023-08-no-ff-with-reg-cpu-pressure-100K-8-bb;116936.3;0.0;0.0;7
nanbield-2023-08-no-ff-with-reg-cpu-pressure-100K-8-bb;90198.4;0.0;0.0;6
nanbield-2023-08-no-ff-with-reg-cpu-pressure-100K-8-bb;133846.1;2.4;0.0;7
nanbield-2023-08-no-ff-with-reg-cpu-pressure-100K-8-bb;98726.4;0.0;0.0;6
nanbield-2023-08-no-ff-with-reg-cpu-pressure-100K-8-bb;106594.1;0.0;0.0;7
nanbield-2023-08-no-ff-with-reg-cpu-pressure-100K-8-bb;95457.9;57.7;0.0;6
nanbield-2023-08-no-ff-with-reg-cpu-pressure-100K-8-bb;316842.7;0.8;0.0;7
nanbield-2023-08-no-ff-with-reg-cpu-pressure-100K-8-bb;97773.0;0.0;0.0;5
nanbield-2023-08-no-ff-with-reg-cpu-pressure-100K-8-bb;100389.9;0.0;0.0;7
nanbield-2023-08-no-ff-with-reg-cpu-pressure-100K-8-bb;97415.5;0.0;0.0;6
nanbield-2023-08-no-ff-with-reg-cpu-pressure-100K-8-bb;126315.4;93.8;5.8;7
nanbield-2023-08-no-ff-with-reg-cpu-pressure-100K-8-bb;88795.7;0.0;0.0;6
nanbield-2023-08-no-ff-with-reg-cpu-pressure-100K-8-bb;106933.9;0.0;0.0;7
nanbield-2023-08-no-ff-with-reg-cpu-pressure-100K-8-bb;81490.7;0.0;0.0;5
nanbield-2023-08-no-ff-with-reg-cpu-pressure-100K-8-bb;107857.8;0.0;0.0;7
nanbield-2023-08-no-ff-with-reg-cpu-pressure-100K-8-bb;98144.0;0.0;0.0;5
nanbield-2023-08-no-ff-with-reg-cpu-pressure-100K-8-bb;102416.5;0.0;0.0;7
nanbield-2023-08-no-ff-with-reg-cpu-pressure-100K-8-bb;78514.1;0.0;0.0;4
nanbield-2023-08-no-ff-with-reg-cpu-pressure-100K-8-bb;106514.8;0.0;0.0;5
nanbield-2023-08-no-ff-with-reg-cpu-pressure-100K-8-bb;98378.8;0.0;0.0;5
nanbield-2023-08-no-ff-with-reg-cpu-pressure-100K-8-bb;102757.4;0.0;0.0;7
nanbield-2023-08-no-ff-with-reg-cpu-pressure-100K-8-bb;95228.0;0.0;0.0;5
nanbield-2023-08-no-ff-with-reg-cpu-pressure-100K-8-bb;111458.7;0.0;0.0;6
nanbield-2023-08-no-ff-with-reg-cpu-pressure-100K-8-bb;99874.2;0.0;0.0;5
nanbield-2023-08-no-ff-with-reg-cpu-pressure-100K-8-bb;101200.8;0.0;0.0;6
nanbield-2023-08-no-ff-with-reg-cpu-pressure-100K-8-bb;78386.7;0.0;0.0;5
nanbield-2023-08-no-ff-with-reg-cpu-pressure-100K-8-bb;195047.7;0.0;0.0;6
nanbield-2023-08-no-ff-with-reg-cpu-pressure-100K-8-bb;98866.8;0.0;0.0;5
nanbield-2023-08-no-ff-with-reg-cpu-pressure-100K-8-bb;117185.2;0.0;0.0;6
nanbield-2023-08-no-ff-with-reg-cpu-pressure-100K-8-bb;86902.5;0.0;0.0;4
nanbield-2023-08-no-ff-with-reg-cpu-pressure-100K-8-bb;105180.1;0.0;0.0;7
nanbield-2023-08-no-ff-with-reg-cpu-pressure-100K-8-bb;86566.2;0.0;0.0;4
nanbield-2023-08-no-ff-with-reg-cpu-pressure-100K-8-bb;101287.7;0.0;0.0;6
nanbield-2023-08-no-ff-with-reg-cpu-pressure-100K-8-bb;92194.8;0.0;0.0;6
nanbield-2023-08-no-ff-with-reg-cpu-pressure-100K-8-bb;114274.8;0.0;0.0;7
nanbield-2023-08-no-ff-with-reg-cpu-pressure-100K-8-bb;97817.7;0.0;0.0;4
nanbield-2023-08-no-ff-with-reg-cpu-pressure-100K-8-bb;104866.9;0.0;0.0;5
nanbield-2023-08-no-ff-with-reg-cpu-pressure-100K-8-bb;99798.1;0.0;0.0;5
nanbield-2023-08-no-ff-with-reg-cpu-pressure-100K-8-bb;112478.4;0.0;0.0;6
nanbield-2023-08-no-ff-with-reg-cpu-pressure-100K-8-bb;99851.6;0.0;0.0;6
nanbield-2023-08-no-ff-with-reg-cpu-pressure-100K-8-bb;100332.7;0.0;0.0;7
nanbield-2023-08-no-ff-with-reg-cpu-pressure-100K-8-bb;98198.8;0.0;0.0;5
nanbield-2023-08-no-ff-with-reg-cpu-pressure-100K-8-bb;105970.1;0.0;0.0;7
nanbield-2023-08-no-ff-with-reg-cpu-pressure-100K-8-bb;98916.6;0.0;0.0;3
nanbield-2023-08-no-ff-with-reg-cpu-pressure-100K-8-bb;114976.7;0.0;0.0;7
nanbield-2023-08-no-ff-with-reg-cpu-pressure-100K-8-bb;99589.7;1.5;0.0;4
nanbield-2023-08-no-ff-with-reg-cpu-pressure-100K-8-bb;100353.0;1.5;0.0;6
nanbield-2023-08-no-ff-with-reg-cpu-pressure-100K-8-bb;91128.9;0.0;0.0;6
nanbield-2023-08-no-ff-with-reg-cpu-pressure-100K-8-bb;112268.7;0.0;0.0;7
nanbield-2023-08-no-ff-with-reg-cpu-pressure-100K-8-bb;89354.5;0.0;0.0;5
nanbield-2023-08-no-ff-with-reg-cpu-pressure-100K-8-bb;105114.3;0.0;0.0;7
nanbield-2023-08-no-ff-with-reg-cpu-pressure-100K-8-bb;99034.5;74.2;0.0;6
nanbield-2023-08-no-ff-with-reg-cpu-pressure-100K-8-bb;111015.7;84.7;6.2;7
nanbield-2023-08-no-ff-with-reg-cpu-pressure-100K-8-bb;98899.6;0.0;0.0;6
nanbield-2023-08-no-ff-with-reg-cpu-pressure-100K-8-bb;102122.2;0.0;0.0;7
nanbield-2023-08-no-ff-with-reg-cpu-pressure-100K-8-bb;99630.9;0.0;0.0;4
nanbield-2023-08-no-ff-with-reg-cpu-pressure-100K-8-bb;100020.2;0.0;0.0;7
nanbield-2023-08-no-ff-with-reg-cpu-pressure-100K-8-bb;98820.7;0.0;0.0;4
nanbield-2023-08-no-ff-with-reg-cpu-pressure-100K-8-bb;101602.3;0.0;0.0;7
nanbield-2023-08-no-ff-with-reg-cpu-pressure-100K-8-bb;62674.7;0.0;0.0;5
nanbield-2023-08-no-ff-with-reg-cpu-pressure-100K-8-bb;105130.6;3.0;0.0;7
nanbield-2023-08-no-ff-with-reg-cpu-pressure-100K-8-bb;98643.3;0.0;0.0;6
nanbield-2023-08-no-ff-with-reg-cpu-pressure-100K-8-bb;100458.3;0.0;0.0;7
nanbield-2023-08-no-ff-with-reg-cpu-pressure-100K-8-bb;99402.6;0.0;0.0;6
nanbield-2023-08-no-ff-with-reg-cpu-pressure-100K-8-bb;125939.1;0.0;0.0;7
nanbield-2023-08-no-ff-with-reg-cpu-pressure-100K-8-bb;97414.6;0.0;0.0;5
nanbield-2023-08-no-ff-with-reg-cpu-pressure-100K-8-bb;108613.8;0.0;0.0;6
nanbield-2023-08-no-ff-with-reg-cpu-pressure-100K-8-bb;99612.7;0.0;0.0;6
nanbield-2023-08-no-ff-with-reg-cpu-pressure-100K-8-bb;100058.7;0.0;0.0;7
nanbield-2023-08-no-ff-with-reg-cpu-pressure-100K-8-bb;91255.0;0.0;0.0;6
nanbield-2023-08-no-ff-with-reg-cpu-pressure-100K-8-bb;106263.8;0.0;0.0;7
nanbield-2023-08-no-ff-with-reg-cpu-pressure-100K-8-bb;90591.8;0.0;0.0;6
nanbield-2023-08-no-ff-with-reg-cpu-pressure-100K-8-bb;134533.0;0.0;0.0;7
nanbield-2023-08-no-ff-with-reg-cpu-pressure-100K-8-bb;95105.8;0.0;0.0;6
nanbield-2023-08-no-ff-with-reg-cpu-pressure-100K-8-bb;138201.1;0.0;0.0;7
nanbield-2023-08-no-ff-with-reg-cpu-pressure-100K-8-bb;77788.3;0.0;0.0;5
nanbield-2023-08-no-ff-with-reg-cpu-pressure-100K-8-bb;105125.1;0.0;0.0;7
nanbield-2023-08-no-ff-with-reg-cpu-pressure-100K-8-bb;92823.3;0.0;0.0;6
nanbield-2023-08-no-ff-with-reg-cpu-pressure-100K-8-bb;138548.2;3.1;0.0;7
nanbield-2023-08-no-ff-with-reg-cpu-pressure-100K-8-bb;97608.1;1.0;0.0;5
nanbield-2023-08-no-ff-with-reg-cpu-pressure-100K-8-bb;113599.9;0.0;0.0;7
nanbield-2023-08-no-ff-with-reg-cpu-pressure-100K-8-bb;94285.7;0.0;0.0;6
nanbield-2023-08-no-ff-with-reg-cpu-pressure-100K-8-bb;132584.8;0.0;0.0;7
nanbield-2023-08-no-ff-with-reg-cpu-pressure-100K-8-bb;98156.8;0.0;0.0;6
nanbield-2023-08-no-ff-with-reg-cpu-pressure-100K-8-bb;100123.6;0.0;0.0;7
nanbield-2023-08-no-ff-with-reg-cpu-pressure-100K-8-bb;98676.6;0.0;0.0;6
nanbield-2023-08-no-ff-with-reg-cpu-pressure-100K-8-bb;102127.2;0.0;0.0;7
nanbield-2023-08-no-ff-with-reg-cpu-pressure-100K-8-bb;95591.3;0.0;0.0;6
nanbield-2023-08-no-ff-with-reg-cpu-pressure-100K-8-bb;110229.7;0.0;0.0;7
nanbield-2023-08-no-ff-with-reg-cpu-pressure-100K-8-bb;97624.3;0.0;0.0;5
nanbield-2023-08-no-ff-with-reg-cpu-pressure-100K-8-bb;100064.8;0.0;0.0;7
nanbield-2023-08-no-ff-with-reg-cpu-pressure-100K-8-bb;88836.0;0.0;0.0;6
nanbield-2023-08-no-ff-with-reg-cpu-pressure-100K-8-bb;138776.9;0.0;0.0;7
nanbield-2023-08-no-ff-with-reg-cpu-pressure-100K-8-bb;96732.5;0.0;0.0;4
nanbield-2023-08-no-ff-with-reg-cpu-pressure-100K-8-bb;121140.0;0.0;0.0;7
nanbield-2023-08-no-ff-with-reg-cpu-pressure-100K-8-bb;92253.4;0.0;0.0;6
nanbield-2023-08-no-ff-with-reg-cpu-pressure-100K-8-bb;117761.3;0.0;0.0;7
nanbield-2023-08-no-ff-with-reg-cpu-pressure-100K-8-bb;93886.5;0.0;0.0;6
nanbield-2023-08-no-ff-with-reg-cpu-pressure-100K-8-bb;112301.8;0.0;0.0;7
nanbield-2023-08-no-ff-with-reg-cpu-pressure-100K-8-bb;95767.6;0.0;0.0;6
nanbield-2023-08-no-ff-with-reg-cpu-pressure-100K-8-bb;122675.4;0.0;0.0;7
nanbield-2023-08-no-ff-with-reg-cpu-pressure-100K-8-bb;99881.5;0.0;0.0;6
nanbield-2023-08-no-ff-with-reg-cpu-pressure-100K-8-bb;101504.6;0.0;0.0;7
nanbield-2023-08-no-ff-with-reg-cpu-pressure-100K-8-bb;89254.5;0.0;0.0;6
nanbield-2023-08-no-ff-with-reg-cpu-pressure-100K-8-bb;103396.2;0.0;0.0;7
nanbield-2023-08-no-ff-with-reg-cpu-pressure-100K-8-bb;99694.3;0.0;0.0;6
nanbield-2023-08-no-ff-with-reg-cpu-pressure-100K-8-bb;102029.4;0.0;0.0;7
nanbield-2023-08-no-ff-with-reg-cpu-pressure-100K-8-bb;85827.3;0.0;0.0;6
nanbield-2023-08-no-ff-with-reg-cpu-pressure-100K-8-bb;100933.0;0.0;0.0;7
nanbield-2023-08-no-ff-with-reg-cpu-pressure-100K-8-bb;94400.5;0.0;0.0;6
nanbield-2023-08-no-ff-with-reg-cpu-pressure-100K-8-bb;105046.4;0.0;0.0;7
nanbield-2023-08-no-ff-with-reg-cpu-pressure-100K-8-bb;99739.4;0.0;0.0;6
nanbield-2023-08-no-ff-with-reg-cpu-pressure-100K-8-bb;120345.9;0.0;0.0;7
nanbield-2023-08-no-ff-with-reg-cpu-pressure-100K-8-bb;92600.6;0.0;0.0;5
nanbield-2023-08-no-ff-with-reg-cpu-pressure-100K-8-bb;102962.7;0.0;0.0;6
nanbield-2023-08-no-ff-with-reg-cpu-pressure-100K-8-bb;98763.6;0.0;0.0;6
nanbield-2023-08-no-ff-with-reg-cpu-pressure-100K-8-bb;120115.2;4.4;0.0;7
nanbield-2023-08-no-ff-with-reg-cpu-pressure-100K-8-bb;98844.3;0.0;0.0;5
nanbield-2023-08-no-ff-with-reg-cpu-pressure-100K-8-bb;100785.3;0.0;0.0;7
nanbield-2023-08-no-ff-with-reg-cpu-pressure-100K-8-bb;74381.3;0.0;0.0;5
nanbield-2023-08-no-ff-with-reg-cpu-pressure-100K-8-bb;119373.0;150.8;0.0;7
nanbield-2023-08-no-ff-with-reg-cpu-pressure-100K-8-bb;86022.2;0.0;0.0;6
nanbield-2023-08-no-ff-with-reg-cpu-pressure-100K-8-bb;118331.2;0.0;0.0;7
nanbield-2023-08-no-ff-with-reg-cpu-pressure-100K-8-bb;87996.7;0.0;0.0;6
nanbield-2023-08-no-ff-with-reg-cpu-pressure-100K-8-bb;113928.4;0.0;0.0;7
nanbield-2023-08-no-ff-with-reg-cpu-pressure-100K-8-bb;88311.8;0.0;0.0;5
nanbield-2023-08-no-ff-with-reg-cpu-pressure-100K-8-bb;108004.0;0.0;0.0;6
nanbield-2023-08-no-ff-with-reg-cpu-pressure-100K-8-bb;98048.4;0.0;0.0;6
nanbield-2023-08-no-ff-with-reg-cpu-pressure-100K-8-bb;134953.1;0.0;0.0;7
nanbield-2023-08-no-ff-with-reg-cpu-pressure-100K-8-bb;99650.3;0.0;0.0;6
nanbield-2023-08-no-ff-with-reg-cpu-pressure-100K-8-bb;110235.3;0.0;0.0;7
nanbield-2023-08-no-ff-with-reg-cpu-pressure-100K-8-bb;99900.7;0.0;0.0;5
nanbield-2023-08-no-ff-with-reg-cpu-pressure-100K-8-bb;123139.1;0.0;0.0;7
nanbield-2023-08-no-ff-with-reg-cpu-pressure-100K-8-bb;97599.9;0.0;0.0;5
nanbield-2023-08-no-ff-with-reg-cpu-pressure-100K-8-bb;100298.1;0.0;0.0;7
nanbield-2023-08-no-ff-with-reg-cpu-pressure-100K-8-bb;99341.7;0.0;0.0;7
nanbield-2023-08-no-ff-with-reg-cpu-pressure-100K-8-bb;116013.0;0.4;0.0;7
nanbield-2023-08-no-ff-with-reg-cpu-pressure-100K-8-bb;98680.5;0.0;0.0;6
nanbield-2023-08-no-ff-with-reg-cpu-pressure-100K-8-bb;110551.3;0.7;0.0;7
nanbield-2023-08-no-ff-with-reg-cpu-pressure-100K-8-bb;69885.7;0.0;0.0;5
nanbield-2023-08-no-ff-with-reg-cpu-pressure-100K-8-bb;102208.5;0.0;0.0;7
nanbield-2023-08-no-ff-with-reg-cpu-pressure-100K-8-bb;92443.7;0.0;0.0;6
nanbield-2023-08-no-ff-with-reg-cpu-pressure-100K-8-bb;149178.6;137.3;0.0;7
nanbield-2023-08-no-ff-with-reg-cpu-pressure-100K-8-bb;89244.1;0.0;0.0;6
nanbield-2023-08-no-ff-with-reg-cpu-pressure-100K-8-bb;109572.0;0.0;0.0;7
nanbield-2023-08-no-ff-with-reg-cpu-pressure-100K-8-bb;93476.2;0.0;0.0;6
nanbield-2023-08-no-ff-with-reg-cpu-pressure-100K-8-bb;111032.3;0.0;0.0;7
nanbield-2023-08-no-ff-with-reg-cpu-pressure-100K-8-bb;94678.2;0.0;0.0;6
nanbield-2023-08-no-ff-with-reg-cpu-pressure-100K-8-bb;109865.8;0.0;0.0;7
nanbield-2023-08-no-ff-with-reg-cpu-pressure-100K-8-bb;99035.3;0.0;0.0;6
nanbield-2023-08-no-ff-with-reg-cpu-pressure-100K-8-bb;118272.7;66.6;0.0;7
nanbield-2023-08-no-ff-with-reg-cpu-pressure-100K-8-bb;87922.4;0.0;0.0;6
nanbield-2023-08-no-ff-with-reg-cpu-pressure-100K-8-bb;105956.6;0.0;0.0;7
nanbield-2023-08-no-ff-with-reg-cpu-pressure-100K-8-bb;99363.4;0.0;0.0;6
nanbield-2023-08-no-ff-with-reg-cpu-pressure-100K-8-bb;102696.7;0.0;0.0;7
nanbield-2023-08-no-ff-with-reg-cpu-pressure-100K-8-bb;91108.6;0.0;0.0;6
nanbield-2023-08-no-ff-with-reg-cpu-pressure-100K-8-bb;137878.2;0.8;0.0;7
nanbield-2023-08-no-ff-with-reg-cpu-pressure-100K-8-bb;94582.9;0.0;0.0;6
nanbield-2023-08-no-ff-with-reg-cpu-pressure-100K-8-bb;100067.3;0.0;0.0;7
nanbield-2023-08-no-ff-with-reg-cpu-pressure-100K-8-bb;97093.6;0.0;0.0;7
nanbield-2023-08-no-ff-with-reg-cpu-pressure-100K-8-bb;120470.5;0.0;0.0;7
nanbield-2023-08-no-ff-with-reg-cpu-pressure-100K-8-bb;94656.1;12.0;0.0;7
nanbield-2023-08-no-ff-with-reg-cpu-pressure-100K-8-bb;123258.6;1.9;0.0;7
nanbield-2023-08-no-ff-with-reg-cpu-pressure-100K-8-bb;85067.6;0.0;0.0;7
nanbield-2023-08-no-ff-with-reg-cpu-pressure-100K-8-bb;101808.0;0.0;0.0;7
nanbield-2023-08-no-ff-with-reg-cpu-pressure-100K-8-bb;99589.0;0.0;0.0;7
nanbield-2023-08-no-ff-with-reg-cpu-pressure-100K-8-bb;107198.9;2.6;0.0;7
nanbield-2023-08-no-ff-with-reg-cpu-pressure-100K-8-bb;15610.8;0.0;0.0;7
nanbield-2023-08-no-ff-with-reg-cpu-pressure-100K-8-bb;103413.1;0.0;0.0;7
nanbield-2023-08-no-ff-with-reg-cpu-pressure-100K-8-bb;99427.5;0.0;0.0;7
nanbield-2023-08-no-ff-with-reg-cpu-pressure-100K-8-bb;106518.7;0.0;0.0;7
nanbield-2023-08-no-ff-with-reg-cpu-pressure-100K-8-bb;99685.0;0.0;0.0;7
nanbield-2023-08-no-ff-with-reg-cpu-pressure-100K-8-bb;101044.7;0.0;0.0;7
nanbield-2023-08-no-ff-with-reg-cpu-pressure-100K-8-bb;99531.3;0.0;0.0;7
nanbield-2023-08-no-ff-with-reg-cpu-pressure-100K-8-bb;110500.7;0.0;0.0;7
nanbield-2023-08-no-ff-with-reg-cpu-pressure-100K-8-bb;35875.4;0.0;0.0;5
nanbield-2023-08-no-ff-with-reg-cpu-pressure-100K-8-bb;245844.0;0.0;0.0;7
nanbield-2023-08-no-ff-with-reg-cpu-pressure-100K-8-bb;7853.5;0.0;0.0;4
nanbield-2023-08-no-ff-with-reg-cpu-pressure-100K-8-bb;165107.3;0.0;0.0;7
nanbield-2023-08-no-ff-with-reg-cpu-pressure-100K-8-bb;99311.7;0.0;0.0;5
nanbield-2023-08-no-ff-with-reg-cpu-pressure-100K-8-bb;171694.7;0.0;0.0;7
nanbield-2023-08-no-ff-with-reg-cpu-pressure-100K-8-bb;97885.2;0.0;0.0;7
nanbield-2023-08-no-ff-with-reg-cpu-pressure-100K-8-bb;100196.3;11.4;0.0;7
nanbield-2023-08-no-ff-with-reg-cpu-pressure-100K-8-bb;93051.6;0.0;0.0;3
nanbield-2023-08-no-ff-with-reg-cpu-pressure-100K-8-bb;116156.7;0.0;0.0;7
nanbield-2023-08-no-ff-with-reg-cpu-pressure-100K-8-bb;35691.8;0.0;0.0;4
nanbield-2023-08-no-ff-with-reg-cpu-pressure-100K-8-bb;138341.0;0.0;0.0;7
nanbield-2023-08-no-ff-with-reg-cpu-pressure-100K-8-bb;14794.4;0.0;0.0;7
nanbield-2023-08-no-ff-with-reg-cpu-pressure-100K-8-bb;107998.5;0.5;0.0;7
nanbield-2023-08-no-ff-with-reg-cpu-pressure-100K-8-bb;69599.7;0.0;0.0;6
nanbield-2023-08-no-ff-with-reg-cpu-pressure-100K-8-bb;100010.8;0.0;0.0;7
nanbield-2023-08-no-ff-with-reg-cpu-pressure-100K-8-bb;99268.6;0.0;0.0;7
nanbield-2023-08-no-ff-with-reg-cpu-pressure-100K-8-bb;104396.6;0.8;0.0;7
nanbield-2023-08-no-ff-with-reg-cpu-pressure-100K-8-bb;54414.9;0.0;0.0;7
nanbield-2023-08-no-ff-with-reg-cpu-pressure-100K-8-bb;104351.0;66.0;0.0;7
nanbield-2023-08-no-ff-with-reg-cpu-pressure-100K-8-bb;89949.2;0.0;0.0;7
nanbield-2023-08-no-ff-with-reg-cpu-pressure-100K-8-bb;144247.5;52.9;36.4;7
nanbield-2023-08-no-ff-with-reg-cpu-pressure-100K-8-bb;98899.2;35.6;24.4;6
nanbield-2023-08-no-ff-with-reg-cpu-pressure-100K-8-bb;169780.7;115.1;0.0;7
nanbield-2023-08-no-ff-with-reg-cpu-pressure-100K-8-bb;99358.8;0.0;0.0;6
nanbield-2023-08-no-ff-with-reg-cpu-pressure-100K-8-bb;131104.5;26.4;0.0;7
nanbield-2023-08-no-ff-with-reg-cpu-pressure-100K-8-bb;84767.5;0.0;0.0;7
nanbield-2023-08-no-ff-with-reg-cpu-pressure-100K-8-bb;205262.7;0.0;0.0;7
nanbield-2023-08-no-ff-with-reg-cpu-pressure-100K-8-bb;98569.2;0.0;0.0;7
nanbield-2023-08-no-ff-with-reg-cpu-pressure-100K-8-bb;242398.3;29.0;0.0;7
nanbield-2023-08-no-ff-with-reg-cpu-pressure-100K-8-bb;65835.4;0.0;0.0;7
nanbield-2023-08-no-ff-with-reg-cpu-pressure-100K-8-bb;103823.9;0.0;0.0;7
nanbield-2023-08-no-ff-with-reg-cpu-pressure-100K-8-bb;98183.5;0.0;0.0;7
nanbield-2023-08-no-ff-with-reg-cpu-pressure-100K-8-bb;136669.1;0.0;0.0;7
nanbield-2023-08-no-ff-with-reg-cpu-pressure-100K-8-bb;56940.5;0.0;0.0;7
nanbield-2023-08-no-ff-with-reg-cpu-pressure-100K-8-bb;114692.6;0.4;0.0;7
nanbield-2023-08-no-ff-with-reg-cpu-pressure-100K-8-bb;96785.7;0.0;0.0;7
nanbield-2023-08-no-ff-with-reg-cpu-pressure-100K-8-bb;130611.2;17.6;0.0;7
nanbield-2023-08-no-ff-with-reg-cpu-pressure-100K-8-bb;82847.2;2.3;0.0;7
nanbield-2023-08-no-ff-with-reg-cpu-pressure-100K-8-bb;125047.9;0.8;0.0;7
nanbield-2023-08-no-ff-with-reg-cpu-pressure-100K-8-bb;71078.2;0.0;0.0;7
nanbield-2023-08-no-ff-with-reg-cpu-pressure-100K-8-bb;137068.6;15.9;0.0;7
nanbield-2023-08-no-ff-with-reg-cpu-pressure-100K-8-bb;7476.7;0.0;0.0;7
nanbield-2023-08-no-ff-with-reg-cpu-pressure-100K-8-bb;135873.4;0.3;0.0;7
nanbield-2023-08-no-ff-with-reg-cpu-pressure-100K-8-bb;85023.1;0.0;0.0;7
nanbield-2023-08-no-ff-with-reg-cpu-pressure-100K-8-bb;240457.2;0.0;0.0;7
nanbield-2023-08-no-ff-with-reg-cpu-pressure-100K-8-bb;67251.7;180.3;0.0;7
nanbield-2023-08-no-ff-with-reg-cpu-pressure-100K-8-bb;106053.5;18.9;0.0;7
nanbield-2023-08-no-ff-with-reg-cpu-pressure-100K-8-bb;99090.8;0.0;0.0;2
nanbield-2023-08-no-ff-with-reg-cpu-pressure-100K-8-bb;109853.2;3.0;0.0;3
nanbield-2023-08-no-ff-with-reg-cpu-pressure-100K-8-bb;97439.7;0.0;0.0;2
nanbield-2023-08-no-ff-with-reg-cpu-pressure-100K-8-bb;148605.3;4.1;0.0;7
nanbield-2023-08-no-ff-with-reg-cpu-pressure-100K-8-bb;98750.4;0.9;0.0;5
nanbield-2023-08-no-ff-with-reg-cpu-pressure-100K-8-bb;110272.9;0.0;0.0;7
nanbield-2023-08-no-ff-with-reg-cpu-pressure-100K-8-bb;90755.2;0.0;0.0;6
nanbield-2023-08-no-ff-with-reg-cpu-pressure-100K-8-bb;101008.6;0.0;0.0;7
nanbield-2023-08-no-ff-with-reg-cpu-pressure-100K-8-bb;94197.7;0.0;0.0;5
nanbield-2023-08-no-ff-with-reg-cpu-pressure-100K-8-bb;123198.9;0.5;0.0;7
nanbield-2023-08-no-ff-with-reg-cpu-pressure-100K-8-bb;90816.8;0.0;0.0;6
nanbield-2023-08-no-ff-with-reg-cpu-pressure-100K-8-bb;108756.8;0.0;0.0;7
nanbield-2023-08-no-ff-with-reg-cpu-pressure-100K-8-bb;99346.8;27.2;0.0;5
nanbield-2023-08-no-ff-with-reg-cpu-pressure-100K-8-bb;100588.5;54.7;0.0;7
nanbield-2023-08-no-ff-with-reg-cpu-pressure-100K-8-bb;98548.3;53.4;0.0;7
nanbield-2023-08-no-ff-with-reg-cpu-pressure-100K-8-bb;135697.8;38.5;0.0;7
nanbield-2023-08-no-ff-with-reg-cpu-pressure-100K-8-bb;99453.1;0.0;0.0;7
nanbield-2023-08-no-ff-with-reg-cpu-pressure-100K-8-bb;106116.4;0.7;0.0;7
nanbield-2023-08-no-ff-with-reg-cpu-pressure-100K-8-bb;26259.5;0.0;0.0;7
nanbield-2023-08-no-ff-with-reg-cpu-pressure-100K-8-bb;157062.4;1.0;0.0;7
nanbield-2023-08-no-ff-with-reg-cpu-pressure-100K-8-bb;6812.5;0.0;0.0;5
nanbield-2023-08-no-ff-with-reg-cpu-pressure-100K-8-bb;119523.9;3.2;0.0;7
nanbield-2023-08-no-ff-with-reg-cpu-pressure-100K-8-bb;99142.7;1.1;0.0;6
nanbield-2023-08-no-ff-with-reg-cpu-pressure-100K-8-bb;127540.7;0.0;0.0;7
nanbield-2023-08-no-ff-with-reg-cpu-pressure-100K-8-bb;97334.4;100.4;0.0;5
nanbield-2023-08-no-ff-with-reg-cpu-pressure-100K-8-bb;122999.1;83.2;0.0;7
nanbield-2023-08-no-ff-with-reg-cpu-pressure-100K-8-bb;97259.6;64.8;0.0;5
nanbield-2023-08-no-ff-with-reg-cpu-pressure-100K-8-bb;145621.3;0.0;0.0;7
nanbield-2023-08-no-ff-with-reg-cpu-pressure-100K-8-bb;78835.4;0.0;0.0;4
nanbield-2023-08-no-ff-with-reg-cpu-pressure-100K-8-bb;102594.2;0.0;0.0;6
nanbield-2023-08-no-ff-with-reg-cpu-pressure-100K-8-bb;90183.6;0.0;0.0;5
nanbield-2023-08-no-ff-with-reg-cpu-pressure-100K-8-bb;100628.6;0.0;0.0;7
nanbield-2023-08-no-ff-with-reg-cpu-pressure-100K-8-bb;77459.4;0.0;0.0;5
nanbield-2023-08-no-ff-with-reg-cpu-pressure-100K-8-bb;105066.9;0.0;0.0;7
nanbield-2023-08-no-ff-with-reg-cpu-pressure-100K-8-bb;88725.1;0.0;0.0;6
nanbield-2023-08-no-ff-with-reg-cpu-pressure-100K-8-bb;100429.4;0.0;0.0;7
nanbield-2023-08-no-ff-with-reg-cpu-pressure-100K-8-bb;99893.8;0.0;0.0;4
nanbield-2023-08-no-ff-with-reg-cpu-pressure-100K-8-bb;101401.3;0.0;0.0;5
nanbield-2023-08-no-ff-with-reg-cpu-pressure-100K-8-bb;99881.9;0.0;0.0;5
nanbield-2023-08-no-ff-with-reg-cpu-pressure-100K-8-bb;100719.2;0.0;0.0;7
nanbield-2023-08-no-ff-with-reg-cpu-pressure-100K-8-bb;98629.9;0.0;0.0;4
nanbield-2023-08-no-ff-with-reg-cpu-pressure-100K-8-bb;107644.7;0.0;0.0;5
nanbield-2023-08-no-ff-with-reg-cpu-pressure-100K-8-bb;99169.7;0.0;0.0;4
nanbield-2023-08-no-ff-with-reg-cpu-pressure-100K-8-bb;103271.8;0.0;0.0;5
nanbield-2023-08-no-ff-with-reg-cpu-pressure-100K-8-bb;81804.6;0.0;0.0;4
nanbield-2023-08-no-ff-with-reg-cpu-pressure-100K-8-bb;100844.4;0.0;0.0;6
nanbield-2023-08-no-ff-with-reg-cpu-pressure-100K-8-bb;73644.8;0.0;0.0;5
nanbield-2023-08-no-ff-with-reg-cpu-pressure-100K-8-bb;105318.1;0.0;0.0;6
nanbield-2023-08-no-ff-with-reg-cpu-pressure-100K-8-bb;73792.2;0.0;0.0;3
nanbield-2023-08-no-ff-with-reg-cpu-pressure-100K-8-bb;102721.1;0.0;0.0;6
nanbield-2023-08-no-ff-with-reg-cpu-pressure-100K-8-bb;80437.4;0.0;0.0;5
nanbield-2023-08-no-ff-with-reg-cpu-pressure-100K-8-bb;142792.2;0.9;0.0;7
nanbield-2023-08-no-ff-with-reg-cpu-pressure-100K-8-bb;96494.3;0.0;0.0;4
nanbield-2023-08-no-ff-with-reg-cpu-pressure-100K-8-bb;120539.7;0.0;0.0;5
nanbield-2023-08-no-ff-with-reg-cpu-pressure-100K-8-bb;97042.6;0.0;0.0;4
nanbield-2023-08-no-ff-with-reg-cpu-pressure-100K-8-bb;103914.1;0.0;0.0;6
nanbield-2023-08-no-ff-with-reg-cpu-pressure-100K-8-bb;90671.4;0.0;0.0;4
nanbield-2023-08-no-ff-with-reg-cpu-pressure-100K-8-bb;119690.8;14.5;2.6;7
nanbield-2023-08-no-ff-with-reg-cpu-pressure-100K-8-bb;93947.1;8.8;0.0;5
nanbield-2023-08-no-ff-with-reg-cpu-pressure-100K-8-bb;145427.9;1098.1;0.0;7
nanbield-2023-08-no-ff-with-reg-cpu-pressure-100K-8-bb;84308.1;0.0;0.0;7
nanbield-2023-08-no-ff-with-reg-cpu-pressure-100K-8-bb;116999.6;0.0;0.0;7
nanbield-2023-08-no-ff-with-reg-cpu-pressure-100K-8-bb;81693.3;0.0;0.0;7
nanbield-2023-08-no-ff-with-reg-cpu-pressure-100K-8-bb;119150.5;1.3;0.0;7
nanbield-2023-08-no-ff-with-reg-cpu-pressure-100K-8-bb;77838.6;0.0;0.0;7
nanbield-2023-08-no-ff-with-reg-cpu-pressure-100K-8-bb;161246.3;13.0;0.0;7
nanbield-2023-08-no-ff-with-reg-cpu-pressure-100K-8-bb;48306.3;7334.5;0.0;6
nanbield-2023-08-no-ff-with-reg-cpu-pressure-100K-8-bb;100288.8;1397.6;0.0;7
nanbield-2023-08-no-ff-with-reg-cpu-pressure-100K-8-bb;99818.7;1384.0;0.0;7
nanbield-2023-08-no-ff-with-reg-cpu-pressure-100K-8-bb;114709.5;0.0;0.0;7
nanbield-2023-08-no-ff-with-reg-cpu-pressure-100K-8-bb;98281.9;168.9;0.0;7
nanbield-2023-08-no-ff-with-reg-cpu-pressure-100K-8-bb;102644.4;9258.4;0.0;7
nanbield-2023-08-no-ff-with-reg-cpu-pressure-100K-8-bb;95909.0;0.0;0.0;6
nanbield-2023-08-no-ff-with-reg-cpu-pressure-100K-8-bb;130130.9;0.7;0.0;7
nanbield-2023-08-no-ff-with-reg-cpu-pressure-100K-8-bb;15566.1;4540.1;0.0;4
nanbield-2023-08-no-ff-with-reg-cpu-pressure-100K-8-bb;102027.7;18535.8;0.0;7
nanbield-2023-08-no-ff-with-reg-cpu-pressure-100K-8-bb;78207.0;42172.1;0.0;6
nanbield-2023-08-no-ff-with-reg-cpu-pressure-100K-8-bb;100433.3;17389.2;0.0;7
nanbield-2023-08-no-ff-with-reg-cpu-pressure-100K-8-bb;98363.3;17601.4;0.0;7
nanbield-2023-08-no-ff-with-reg-cpu-pressure-100K-8-bb;161599.1;382.7;0.0;7
nanbield-2023-08-no-ff-with-reg-cpu-pressure-100K-8-bb;95574.5;15619.3;0.0;4
nanbield-2023-08-no-ff-with-reg-cpu-pressure-100K-8-bb;114608.8;13004.9;0.0;7
nanbield-2023-08-no-ff-with-reg-cpu-pressure-100K-8-bb;88611.3;0.0;0.0;4
nanbield-2023-08-no-ff-with-reg-cpu-pressure-100K-8-bb;103066.3;0.0;0.0;5
nanbield-2023-08-no-ff-with-reg-cpu-pressure-100K-8-bb;98853.1;0.0;0.0;4
nanbield-2023-08-no-ff-with-reg-cpu-pressure-100K-8-bb;129252.8;0.0;0.0;5
nanbield-2023-08-no-ff-with-reg-cpu-pressure-100K-8-bb;85286.2;0.0;0.0;4
nanbield-2023-08-no-ff-with-reg-cpu-pressure-100K-8-bb;105765.9;2470.1;0.0;5
nanbield-2023-08-no-ff-with-reg-cpu-pressure-100K-8-bb;77848.7;0.0;0.0;3
nanbield-2023-08-no-ff-with-reg-cpu-pressure-100K-8-bb;113451.2;0.0;0.0;5
nanbield-2023-08-no-ff-with-reg-cpu-pressure-100K-8-bb;80910.9;0.0;0.0;3
nanbield-2023-08-no-ff-with-reg-cpu-pressure-100K-8-bb;105102.8;0.0;0.0;4
nanbield-2023-08-no-ff-with-reg-cpu-pressure-100K-8-bb;72226.0;0.0;0.0;4
nanbield-2023-08-no-ff-with-reg-cpu-pressure-100K-8-bb;110383.7;0.0;0.0;7
nanbield-2023-08-no-ff-with-reg-cpu-pressure-100K-8-bb;93175.2;0.0;0.0;4
nanbield-2023-08-no-ff-with-reg-cpu-pressure-100K-8-bb;123558.8;0.0;0.0;5
nanbield-2023-08-no-ff-with-reg-cpu-pressure-100K-8-bb;98188.4;57.7;0.0;2
nanbield-2023-08-no-ff-with-reg-cpu-pressure-100K-8-bb;113914.6;50.4;0.0;3
nanbield-2023-08-no-ff-with-reg-cpu-pressure-100K-8-bb;94160.0;164.0;0.0;2
nanbield-2023-08-no-ff-with-reg-cpu-pressure-100K-8-bb;100784.0;341.9;0.0;4
nanbield-2023-08-no-ff-with-reg-cpu-pressure-100K-8-bb;83242.4;0.0;0.0;3
nanbield-2023-08-no-ff-with-reg-cpu-pressure-100K-8-bb;104483.2;52.0;0.0;5
nanbield-2023-08-no-ff-with-reg-cpu-pressure-100K-8-bb;91422.2;1941.4;0.0;4
nanbield-2023-08-no-ff-with-reg-cpu-pressure-100K-8-bb;111051.4;297.2;0.0;5
nanbield-2023-08-no-ff-with-reg-cpu-pressure-100K-8-bb;96835.7;44.3;0.0;3
nanbield-2023-08-no-ff-with-reg-cpu-pressure-100K-8-bb;102026.8;50.6;0.0;5
nanbield-2023-08-no-ff-with-reg-cpu-pressure-100K-8-bb;83139.4;0.0;0.0;4
nanbield-2023-08-no-ff-with-reg-cpu-pressure-100K-8-bb;103168.8;25.2;0.0;5
nanbield-2023-08-no-ff-with-reg-cpu-pressure-100K-8-bb;59497.0;0.0;0.0;2
nanbield-2023-08-no-ff-with-reg-cpu-pressure-100K-8-bb;136262.0;4143.6;473.6;7
nanbield-2023-08-no-ff-with-reg-cpu-pressure-100K-8-bb;75569.0;0.0;0.0;4
nanbield-2023-08-no-ff-with-reg-cpu-pressure-100K-8-bb;126021.7;3754.5;118.0;7
nanbield-2023-08-no-ff-with-reg-cpu-pressure-100K-8-bb;99972.8;39.9;1.5;2
nanbield-2023-08-no-ff-with-reg-cpu-pressure-100K-8-bb;103336.5;115.0;1.3;3
nanbield-2023-08-no-ff-with-reg-cpu-pressure-100K-8-bb;76299.8;19.3;0.0;3
nanbield-2023-08-no-ff-with-reg-cpu-pressure-100K-8-bb;100995.8;150.5;0.0;5
nanbield-2023-08-no-ff-with-reg-cpu-pressure-100K-8-bb;71898.9;1009.0;0.0;4
nanbield-2023-08-no-ff-with-reg-cpu-pressure-100K-8-bb;108243.1;382.5;2.8;7
nanbield-2023-08-no-ff-with-reg-cpu-pressure-100K-8-bb;94105.3;5957.4;0.0;4
nanbield-2023-08-no-ff-with-reg-cpu-pressure-100K-8-bb;111706.6;4759.2;0.0;4
nanbield-2023-08-no-ff-with-reg-cpu-pressure-100K-8-bb;84861.9;3156.8;0.0;4
nanbield-2023-08-no-ff-with-reg-cpu-pressure-100K-8-bb;102193.7;2988.3;0.0;6
nanbield-2023-08-no-ff-with-reg-cpu-pressure-100K-8-bb;94036.0;1791.2;0.0;4
nanbield-2023-08-no-ff-with-reg-cpu-pressure-100K-8-bb;107493.8;4560.2;0.0;6
nanbield-2023-08-no-ff-with-reg-cpu-pressure-100K-8-bb;90924.8;4886.8;0.0;3
nanbield-2023-08-no-ff-with-reg-cpu-pressure-100K-8-bb;106002.8;4309.6;0.0;7
nanbield-2023-08-no-ff-with-reg-cpu-pressure-100K-8-bb;98412.0;2310.4;0.0;4
nanbield-2023-08-no-ff-with-reg-cpu-pressure-100K-8-bb;109724.4;1787.5;0.0;5
nanbield-2023-08-no-ff-with-reg-cpu-pressure-100K-8-bb;80067.2;482.6;0.0;3
nanbield-2023-08-no-ff-with-reg-cpu-pressure-100K-8-bb;114655.2;157.5;0.0;5
nanbield-2023-08-no-ff-with-reg-cpu-pressure-100K-8-bb;96809.4;9892.5;9.5;3
nanbield-2023-08-no-ff-with-reg-cpu-pressure-100K-8-bb;100418.0;9871.1;7.9;4
nanbield-2023-08-no-ff-with-reg-cpu-pressure-100K-8-bb;99371.7;8354.6;3.9;3
nanbield-2023-08-no-ff-with-reg-cpu-pressure-100K-8-bb;100352.9;8210.1;3.3;4
nanbield-2023-08-no-ff-with-reg-cpu-pressure-100K-8-bb;95183.5;20008.6;0.0;3
nanbield-2023-08-no-ff-with-reg-cpu-pressure-100K-8-bb;101279.9;16718.2;0.0;5
nanbield-2023-08-no-ff-with-reg-cpu-pressure-100K-8-bb;64938.9;241.5;0.0;2
nanbield-2023-08-no-ff-with-reg-cpu-pressure-100K-8-bb;113388.3;2720.7;3.6;7
nanbield-2023-08-no-ff-with-reg-cpu-pressure-100K-8-bb;97572.1;4937.2;0.0;7
nanbield-2023-08-no-ff-with-reg-cpu-pressure-100K-8-bb;149682.3;6934.8;0.0;7
nanbield-2023-08-no-ff-with-reg-cpu-pressure-100K-8-bb;71839.9;0.0;0.0;5
nanbield-2023-08-no-ff-with-reg-cpu-pressure-100K-8-bb;204410.4;21.1;0.0;6
nanbield-2023-08-no-ff-with-reg-cpu-pressure-100K-8-bb;22800.3;0.0;0.0;6
nanbield-2023-08-no-ff-with-reg-cpu-pressure-100K-8-bb;503020.3;605.9;1.8;7
nanbield-2023-08-no-ff-with-reg-cpu-pressure-100K-8-bb;42040.7;0.0;0.0;6
nanbield-2023-08-no-ff-with-reg-cpu-pressure-100K-8-bb;129463.0;6719.2;32.9;7
nanbield-2023-08-no-ff-with-reg-cpu-pressure-100K-8-bb;97896.8;5330.2;83.2;7
nanbield-2023-08-no-ff-with-reg-cpu-pressure-100K-8-bb;157179.1;2659.6;340.0;7
nanbield-2023-08-no-ff-with-reg-cpu-pressure-100K-8-bb;90824.4;50.2;60.3;4
nanbield-2023-08-no-ff-with-reg-cpu-pressure-100K-8-bb;106090.6;26.5;26.5;5
nanbield-2023-08-no-ff-with-reg-cpu-pressure-100K-8-bb;96688.1;96.0;479.9;4
nanbield-2023-08-no-ff-with-reg-cpu-pressure-100K-8-bb;101286.5;80.3;245.4;5
nanbield-2023-08-no-ff-with-reg-cpu-pressure-100K-8-bb;99383.9;100.0;173.5;5
nanbield-2023-08-no-ff-with-reg-cpu-pressure-100K-8-bb;119068.5;96.8;191.5;6
nanbield-2023-08-no-ff-with-reg-cpu-pressure-100K-8-bb;98118.6;60.0;0.0;4
nanbield-2023-08-no-ff-with-reg-cpu-pressure-100K-8-bb;103823.6;142.1;0.0;5
nanbield-2023-08-no-ff-with-reg-cpu-pressure-100K-8-bb;70939.3;106.1;38.6;4
nanbield-2023-08-no-ff-with-reg-cpu-pressure-100K-8-bb;133440.7;206.1;26.3;7
nanbield-2023-08-no-ff-with-reg-cpu-pressure-100K-8-bb;76209.2;203.5;387.6;5
nanbield-2023-08-no-ff-with-reg-cpu-pressure-100K-8-bb;126422.3;229.1;328.2;7
nanbield-2023-08-no-ff-with-reg-cpu-pressure-100K-8-bb;96093.5;283.2;175.9;4
nanbield-2023-08-no-ff-with-reg-cpu-pressure-100K-8-bb;119595.5;13655.7;0.0;7
nanbield-2023-08-no-ff-with-reg-cpu-pressure-100K-8-bb;90377.4;2715.2;0.0;4
nanbield-2023-08-no-ff-with-reg-cpu-pressure-100K-8-bb;111208.8;2282.1;0.0;7
nanbield-2023-08-no-ff-with-reg-cpu-pressure-100K-8-bb;98587.7;60.8;0.0;5
nanbield-2023-08-no-ff-with-reg-cpu-pressure-100K-8-bb;108055.5;197.1;0.0;7
nanbield-2023-08-no-ff-with-reg-cpu-pressure-100K-8-bb;95897.8;286.8;0.0;3
nanbield-2023-08-no-ff-with-reg-cpu-pressure-100K-8-bb;126126.4;626.8;0.0;7
nanbield-2023-08-no-ff-with-reg-cpu-pressure-100K-8-bb;82016.2;0.0;0.0;4
nanbield-2023-08-no-ff-with-reg-cpu-pressure-100K-8-bb;114402.9;216.4;0.0;5
nanbield-2023-08-no-ff-with-reg-cpu-pressure-100K-8-bb;97664.5;93.6;0.0;4
nanbield-2023-08-no-ff-with-reg-cpu-pressure-100K-8-bb;102267.4;84.6;0.0;6
nanbield-2023-08-no-ff-with-reg-cpu-pressure-100K-8-bb;97280.5;62.4;0.0;5
nanbield-2023-08-no-ff-with-reg-cpu-pressure-100K-8-bb;110457.2;83.0;0.0;7
nanbield-2023-08-no-ff-with-reg-cpu-pressure-100K-8-bb;95703.4;0.0;0.0;4
nanbield-2023-08-no-ff-with-reg-cpu-pressure-100K-8-bb;108078.8;27.9;0.0;5
nanbield-2023-08-no-ff-with-reg-cpu-pressure-100K-8-bb;99974.6;95.9;0.0;5
nanbield-2023-08-no-ff-with-reg-cpu-pressure-100K-8-bb;107858.0;246.3;0.0;7
nanbield-2023-08-no-ff-with-reg-cpu-pressure-100K-8-bb;98303.8;84.0;0.0;3
nanbield-2023-08-no-ff-with-reg-cpu-pressure-100K-8-bb;108729.4;46.8;0.0;5
nanbield-2023-08-no-ff-with-reg-cpu-pressure-100K-8-bb;80730.3;0.0;0.0;5
nanbield-2023-08-no-ff-with-reg-cpu-pressure-100K-8-bb;106971.4;147.5;0.0;7
nanbield-2023-08-no-ff-with-reg-cpu-pressure-100K-8-bb;73198.9;87.2;0.0;4
nanbield-2023-08-no-ff-with-reg-cpu-pressure-100K-8-bb;123608.0;64.2;0.0;7
nanbield-2023-08-no-ff-with-reg-cpu-pressure-100K-8-bb;92946.2;221.4;0.0;4
nanbield-2023-08-no-ff-with-reg-cpu-pressure-100K-8-bb;100071.1;116.8;0.0;7
nanbield-2023-08-no-ff-with-reg-cpu-pressure-100K-8-bb;99182.7;115.9;0.0;3
nanbield-2023-08-no-ff-with-reg-cpu-pressure-100K-8-bb;121490.6;420.3;0.0;7
nanbield-2023-08-no-ff-with-reg-cpu-pressure-100K-8-bb;93341.2;175.2;0.0;4
nanbield-2023-08-no-ff-with-reg-cpu-pressure-100K-8-bb;110493.3;125.7;0.0;7
nanbield-2023-08-no-ff-with-reg-cpu-pressure-100K-8-bb;93159.7;0.0;0.0;3
nanbield-2023-08-no-ff-with-reg-cpu-pressure-100K-8-bb;123353.8;440.6;0.0;4
nanbield-2023-08-no-ff-with-reg-cpu-pressure-100K-8-bb;99929.8;273.1;0.0;4
nanbield-2023-08-no-ff-with-reg-cpu-pressure-100K-8-bb;104443.2;241.4;0.0;5
nanbield-2023-08-no-ff-with-reg-cpu-pressure-100K-8-bb;87084.6;25.6;0.0;4
nanbield-2023-08-no-ff-with-reg-cpu-pressure-100K-8-bb;102907.0;113.4;0.0;7
nanbield-2023-08-no-ff-with-reg-cpu-pressure-100K-8-bb;91239.7;231.0;0.0;3
nanbield-2023-08-no-ff-with-reg-cpu-pressure-100K-8-bb;140293.6;191.0;0.0;7
nanbield-2023-08-no-ff-with-reg-cpu-pressure-100K-8-bb;50130.6;67.5;0.0;2
nanbield-2023-08-no-ff-with-reg-cpu-pressure-100K-8-bb;126647.3;74.6;0.0;7
nanbield-2023-08-no-ff-with-reg-cpu-pressure-100K-8-bb;99996.0;618.6;0.0;4
nanbield-2023-08-no-ff-with-reg-cpu-pressure-100K-8-bb;100438.4;483.9;0.0;7
nanbield-2023-08-no-ff-with-reg-cpu-pressure-100K-8-bb;92942.1;6148.5;0.0;4
nanbield-2023-08-no-ff-with-reg-cpu-pressure-100K-8-bb;131038.9;4413.3;0.0;7
nanbield-2023-08-no-ff-with-reg-cpu-pressure-100K-8-bb;58905.7;495.2;0.0;4
nanbield-2023-08-no-ff-with-reg-cpu-pressure-100K-8-bb;126258.0;779.4;0.0;7
nanbield-2023-08-no-ff-with-reg-cpu-pressure-100K-8-bb;74430.6;2395.8;0.0;5
nanbield-2023-08-no-ff-with-reg-cpu-pressure-100K-8-bb;119028.6;1139.7;0.0;6
nanbield-2023-08-no-ff-with-reg-cpu-pressure-100K-8-bb;99608.6;724.9;0.0;5
nanbield-2023-08-no-ff-with-reg-cpu-pressure-100K-8-bb;100865.4;674.9;0.0;7
nanbield-2023-08-no-ff-with-reg-cpu-pressure-100K-8-bb;67646.8;946.4;0.0;4
nanbield-2023-08-no-ff-with-reg-cpu-pressure-100K-8-bb;157650.3;969.6;0.0;7
nanbield-2023-08-no-ff-with-reg-cpu-pressure-100K-8-bb;51516.9;122.8;0.0;3
nanbield-2023-08-no-ff-with-reg-cpu-pressure-100K-8-bb;129800.4;313.8;0.0;7
nanbield-2023-08-no-ff-with-reg-cpu-pressure-100K-8-bb;58403.9;420.8;0.0;6
nanbield-2023-08-no-ff-with-reg-cpu-pressure-100K-8-bb;318031.5;281.9;0.0;7
nanbield-2023-08-no-ff-with-reg-cpu-pressure-100K-8-bb;6962.8;1278.9;568.4;4
nanbield-2023-08-no-ff-with-reg-cpu-pressure-100K-8-bb;488893.5;210.6;518.3;7
nanbield-2023-08-no-ff-with-reg-cpu-pressure-100K-8-bb;3500.2;6160.3;0.0;4
nanbield-2023-08-no-ff-with-reg-cpu-pressure-100K-8-bb;130722.0;476.5;0.0;7
nanbield-2023-08-no-ff-with-reg-cpu-pressure-100K-8-bb;91985.7;396.1;0.0;5
nanbield-2023-08-no-ff-with-reg-cpu-pressure-100K-8-bb;109036.5;35002.4;0.0;7
nanbield-2023-08-no-ff-with-reg-cpu-pressure-100K-8-bb;46566.4;35832.0;0.0;6
nanbield-2023-08-no-ff-with-reg-cpu-pressure-100K-8-bb;228493.5;45190.9;0.0;7
nanbield-2023-08-no-ff-with-reg-cpu-pressure-100K-8-bb;33654.8;0.0;0.0;3
nanbield-2023-08-no-ff-with-reg-cpu-pressure-100K-8-bb;192036.6;26550.8;0.0;7
nanbield-2023-08-no-ff-with-reg-cpu-pressure-100K-8-bb;99419.1;669.1;0.0;5
nanbield-2023-08-no-ff-with-reg-cpu-pressure-100K-8-bb;150244.1;0.0;0.0;7
nanbield-2023-08-no-ff-with-reg-cpu-pressure-100K-8-bb;96139.2;0.0;0.0;7
nanbield-2023-08-no-ff-with-reg-cpu-pressure-100K-8-bb;100162.3;1010.6;0.0;7
nanbield-2023-08-no-ff-with-reg-cpu-pressure-100K-8-bb;89785.2;0.0;0.0;4
nanbield-2023-08-no-ff-with-reg-cpu-pressure-100K-8-bb;148619.3;725.4;0.0;5
nanbield-2023-08-no-ff-with-reg-cpu-pressure-100K-8-bb;92067.2;1018.7;0.0;5
nanbield-2023-08-no-ff-with-reg-cpu-pressure-100K-8-bb;125401.8;6.3;0.0;7
nanbield-2023-08-no-ff-with-reg-cpu-pressure-100K-8-bb;89853.3;0.0;0.0;6
nanbield-2023-08-no-ff-with-reg-cpu-pressure-100K-8-bb;168523.8;0.0;0.0;7
nanbield-2023-08-no-ff-with-reg-cpu-pressure-100K-8-bb;99875.1;0.0;0.0;4
nanbield-2023-08-no-ff-with-reg-cpu-pressure-100K-8-bb;106374.8;3.9;0.0;6
nanbield-2023-08-no-ff-with-reg-cpu-pressure-100K-8-bb;83130.3;81.3;0.0;6
nanbield-2023-08-no-ff-with-reg-cpu-pressure-100K-8-bb;111884.7;161.4;0.0;7
nanbield-2023-08-no-ff-with-reg-cpu-pressure-100K-8-bb;99677.4;0.0;0.0;6
nanbield-2023-08-no-ff-with-reg-cpu-pressure-100K-8-bb;114484.6;32.3;0.0;7
nanbield-2023-08-no-ff-with-reg-cpu-pressure-100K-8-bb;98907.9;0.0;0.0;4
nanbield-2023-08-no-ff-with-reg-cpu-pressure-100K-8-bb;103211.2;3.8;0.0;7
nanbield-2023-08-no-ff-with-reg-cpu-pressure-100K-8-bb;70994.0;0.0;0.0;4
nanbield-2023-08-no-ff-with-reg-cpu-pressure-100K-8-bb;121340.7;71.2;0.0;7
nanbield-2023-08-no-ff-with-reg-cpu-pressure-100K-8-bb;90041.4;963.7;0.0;6
nanbield-2023-08-no-ff-with-reg-cpu-pressure-100K-8-bb;158044.6;324.1;0.0;7
nanbield-2023-08-no-ff-with-reg-cpu-pressure-100K-8-bb;92468.4;1709.6;0.0;6
nanbield-2023-08-no-ff-with-reg-cpu-pressure-100K-8-bb;115358.8;316.4;0.0;7
nanbield-2023-08-no-ff-with-reg-cpu-pressure-100K-8-bb;99952.0;123.3;0.0;7
nanbield-2023-08-no-ff-with-reg-cpu-pressure-100K-8-bb;106462.7;522.3;0.0;7
nanbield-2023-08-no-ff-with-reg-cpu-pressure-100K-8-bb;88503.8;0.0;0.0;6
nanbield-2023-08-no-ff-with-reg-cpu-pressure-100K-8-bb;111150.1;563.8;0.0;7
nanbield-2023-08-no-ff-with-reg-cpu-pressure-100K-8-bb;93598.7;0.0;0.0;5
nanbield-2023-08-no-ff-with-reg-cpu-pressure-100K-8-bb;112608.9;59.5;0.0;7
nanbield-2023-08-no-ff-with-reg-cpu-pressure-100K-8-bb;96700.0;0.0;0.0;6
nanbield-2023-08-no-ff-with-reg-cpu-pressure-100K-8-bb;103298.1;0.0;0.0;7
nanbield-2023-08-no-ff-with-reg-cpu-pressure-100K-8-bb;99536.0;0.0;0.0;5
nanbield-2023-08-no-ff-with-reg-cpu-pressure-100K-8-bb;100582.9;0.0;0.0;6
nanbield-2023-08-no-ff-with-reg-cpu-pressure-100K-8-bb;99824.4;0.0;0.0;6
nanbield-2023-08-no-ff-with-reg-cpu-pressure-100K-8-bb;161772.0;0.0;0.0;7
nanbield-2023-08-no-ff-with-reg-cpu-pressure-100K-8-bb;73586.9;0.0;0.0;5
nanbield-2023-08-no-ff-with-reg-cpu-pressure-100K-8-bb;112065.4;4.6;0.0;7
nanbield-2023-08-no-ff-with-reg-cpu-pressure-100K-8-bb;99533.7;2570.3;0.0;7
nanbield-2023-08-no-ff-with-reg-cpu-pressure-100K-8-bb;118640.0;1608.6;0.0;7
nanbield-2023-08-no-ff-with-reg-cpu-pressure-100K-8-bb;91438.6;0.0;0.0;4
nanbield-2023-08-no-ff-with-reg-cpu-pressure-100K-8-bb;123866.3;0.0;0.0;5
nanbield-2023-08-no-ff-with-reg-cpu-pressure-100K-8-bb;93924.9;2718.1;0.0;3
nanbield-2023-08-no-ff-with-reg-cpu-pressure-100K-8-bb;115734.6;3327.1;0.0;4
nanbield-2023-08-no-ff-with-reg-cpu-pressure-100K-8-bb;99770.7;2198.2;0.0;4
nanbield-2023-08-no-ff-with-reg-cpu-pressure-100K-8-bb;113243.2;1430.1;0.0;7
nanbield-2023-08-no-ff-with-reg-cpu-pressure-100K-8-bb;97595.2;1141.9;0.0;6
nanbield-2023-08-no-ff-with-reg-cpu-pressure-100K-8-bb;121066.2;1693.6;0.0;7
nanbield-2023-08-no-ff-with-reg-cpu-pressure-100K-8-bb;91024.7;0.0;0.0;3
nanbield-2023-08-no-ff-with-reg-cpu-pressure-100K-8-bb;114301.5;0.0;0.0;4
nanbield-2023-08-no-ff-with-reg-cpu-pressure-100K-8-bb;19085.9;0.0;0.0;2
nanbield-2023-08-no-ff-with-reg-cpu-pressure-100K-8-bb;117512.4;275.7;0.0;7
nanbield-2023-08-no-ff-with-reg-cpu-pressure-100K-8-bb;53954.4;0.0;0.0;5
nanbield-2023-08-no-ff-with-reg-cpu-pressure-100K-8-bb;118538.3;0.0;0.0;7
nanbield-2023-08-no-ff-with-reg-cpu-pressure-100K-8-bb;99322.1;0.0;0.0;7
nanbield-2023-08-no-ff-with-reg-cpu-pressure-100K-8-bb;113630.6;109.5;0.0;7
nanbield-2023-08-no-ff-with-reg-cpu-pressure-100K-8-bb;2692.7;0.0;0.0;5
nanbield-2023-08-no-ff-with-reg-cpu-pressure-100K-8-bb;183985.3;0.0;0.0;7
nanbield-2023-08-no-ff-with-reg-cpu-pressure-100K-8-bb;44589.6;0.0;0.0;2
nanbield-2023-08-no-ff-with-reg-cpu-pressure-100K-8-bb;117032.8;29.3;0.0;7
nanbield-2023-08-no-ff-with-reg-cpu-pressure-100K-8-bb;80476.7;0.0;0.0;4
nanbield-2023-08-no-ff-with-reg-cpu-pressure-100K-8-bb;102645.2;0.0;0.0;4
nanbield-2023-08-no-ff-with-reg-cpu-pressure-100K-8-bb;87011.3;0.0;0.0;4
nanbield-2023-08-no-ff-with-reg-cpu-pressure-100K-8-bb;110388.5;0.0;0.0;6
nanbield-2023-08-no-ff-with-reg-cpu-pressure-100K-8-bb;95234.5;402.3;0.0;5
nanbield-2023-08-no-ff-with-reg-cpu-pressure-100K-8-bb;140526.8;8.3;0.0;7
nanbield-2023-08-no-ff-with-reg-cpu-pressure-100K-8-bb;1291.5;0.0;0.0;5
nanbield-2023-08-no-ff-with-reg-cpu-pressure-100K-8-bb;278178.2;169.4;0.0;7
nanbield-2023-08-no-ff-with-reg-cpu-pressure-100K-8-bb;5106.3;0.0;0.0;4
nanbield-2023-08-no-ff-with-reg-cpu-pressure-100K-8-bb;584528.8;81.2;0.0;7
nanbield-2023-08-no-ff-with-reg-cpu-pressure-100K-8-bb;6632.6;88.4;0.0;7
nanbield-2023-08-no-ff-with-reg-cpu-pressure-100K-8-bb;103543.3;148.4;0.0;7
nanbield-2023-08-no-ff-with-reg-cpu-pressure-100K-8-bb;25950.4;0.0;0.0;5
nanbield-2023-08-no-ff-with-reg-cpu-pressure-100K-8-bb;124073.8;386.5;0.0;7
nanbield-2023-08-no-ff-with-reg-cpu-pressure-100K-8-bb;65401.6;38.7;0.0;6
nanbield-2023-08-no-ff-with-reg-cpu-pressure-100K-8-bb;104599.0;1007.9;0.0;7
nanbield-2023-08-no-ff-with-reg-cpu-pressure-100K-8-bb;98267.7;942.4;0.0;6
nanbield-2023-08-no-ff-with-reg-cpu-pressure-100K-8-bb;182998.0;6.6;0.0;7
nanbield-2023-08-no-ff-with-reg-cpu-pressure-100K-8-bb;84083.5;0.0;0.0;5
nanbield-2023-08-no-ff-with-reg-cpu-pressure-100K-8-bb;216462.0;2820.0;0.0;7
nanbield-2023-08-no-ff-with-reg-cpu-pressure-100K-8-bb;97664.4;0.0;0.0;5
nanbield-2023-08-no-ff-with-reg-cpu-pressure-100K-8-bb;118033.0;9099.1;0.0;7
nanbield-2023-08-no-ff-with-reg-cpu-pressure-100K-8-bb;40821.4;21139.6;0.0;7
nanbield-2023-08-no-ff-with-reg-cpu-pressure-100K-8-bb;155014.2;3728.8;0.0;7
nanbield-2023-08-no-ff-with-reg-cpu-pressure-100K-8-bb;99048.9;752.0;0.0;5
nanbield-2023-08-no-ff-with-reg-cpu-pressure-100K-8-bb;103352.4;692.6;0.0;7
nanbield-2023-08-no-ff-with-reg-cpu-pressure-100K-8-bb;57990.3;0.0;0.0;4
nanbield-2023-08-no-ff-with-reg-cpu-pressure-100K-8-bb;122612.8;154.6;0.0;7
nanbield-2023-08-no-ff-with-reg-cpu-pressure-100K-8-bb;99055.3;0.0;0.0;6
nanbield-2023-08-no-ff-with-reg-cpu-pressure-100K-8-bb;104949.8;0.0;0.0;7
nanbield-2023-08-no-ff-with-reg-cpu-pressure-100K-8-bb;67473.8;61.7;0.0;4
nanbield-2023-08-no-ff-with-reg-cpu-pressure-100K-8-bb;118647.7;122.0;0.0;7
nanbield-2023-08-no-ff-with-reg-cpu-pressure-100K-8-bb;50959.8;0.0;0.0;7
nanbield-2023-08-no-ff-with-reg-cpu-pressure-100K-8-bb;386846.8;633.8;0.0;7
nanbield-2023-08-no-ff-with-reg-cpu-pressure-100K-8-bb;23154.9;0.0;0.0;5
nanbield-2023-08-no-ff-with-reg-cpu-pressure-100K-8-bb;135165.3;592.6;0.0;7
nanbield-2023-08-no-ff-with-reg-cpu-pressure-100K-8-bb;2355.2;0.0;0.0;4
nanbield-2023-08-no-ff-with-reg-cpu-pressure-100K-8-bb;458105.3;3262.9;0.0;7
nanbield-2023-08-no-ff-with-reg-cpu-pressure-100K-8-bb;94635.7;16.2;0.0;6
nanbield-2023-08-no-ff-with-reg-cpu-pressure-100K-8-bb;150655.5;519.1;0.0;7
nanbield-2023-08-no-ff-with-reg-cpu-pressure-100K-8-bb;4494.4;428.0;0.0;5
nanbield-2023-08-no-ff-with-reg-cpu-pressure-100K-8-bb;538769.7;313.0;0.0;5
nanbield-2023-08-no-ff-with-reg-cpu-pressure-100K-8-bb;3028.3;0.0;0.0;5
nanbield-2023-08-no-ff-with-reg-cpu-pressure-100K-8-bb;303173.5;772.1;0.0;4
nanbield-2023-08-no-ff-with-reg-cpu-pressure-100K-8-bb;2483.6;0.0;0.0;4
nanbield-2023-08-no-ff-with-reg-cpu-pressure-100K-8-bb;318638.1;2189.5;0.0;3
nanbield-2023-08-no-ff-with-reg-cpu-pressure-100K-8-bb;3595.9;0.0;0.0;3
nanbield-2023-08-no-ff-with-reg-cpu-pressure-100K-8-bb;465533.8;784.1;0.0;3
nanbield-2023-08-no-ff-with-reg-cpu-pressure-100K-8-bb;97344.2;0.0;0.0;3
nanbield-2023-08-no-ff-with-reg-cpu-pressure-100K-8-bb;149897.9;1756.3;0.0;3
nanbield-2023-08-no-ff-with-reg-cpu-pressure-100K-8-bb;7389.7;0.0;0.0;3
nanbield-2023-08-no-ff-with-reg-cpu-pressure-100K-8-bb;430645.0;305.4;0.0;4
nanbield-2023-08-no-ff-with-reg-cpu-pressure-100K-8-bb;82430.6;16.5;0.0;4
nanbield-2023-08-no-ff-with-reg-cpu-pressure-100K-8-bb;334984.4;126.1;0.1;2
nanbield-2023-08-no-ff-with-reg-cpu-pressure-100K-8-bb;1419.9;0.0;0.0;2
nanbield-2023-08-no-ff-with-reg-cpu-pressure-100K-8-bb;101881.6;0.2;0.0;2
nanbield-2023-08-no-ff-with-reg-cpu-pressure-100K-8-bb;44124.5;0.0;0.0;2
nanbield-2023-08-no-ff-with-reg-cpu-pressure-100K-8-bb;135841.7;43.9;0.0;2
nanbield-2023-08-no-ff-with-reg-cpu-pressure-100K-8-bb;80624.0;0.0;0.0;2
nanbield-2023-08-no-ff-with-reg-cpu-pressure-100K-8-bb;277254.1;53.0;0.0;2
nanbield-2023-08-no-ff-with-reg-cpu-pressure-100K-8-bb;4772.4;0.0;0.0;2
nanbield-2023-08-no-ff-with-reg-cpu-pressure-100K-8-bb;161532.5;99.2;0.0;2
nanbield-2023-08-no-ff-with-reg-cpu-pressure-100K-8-bb;28391.6;0.0;0.0;2
nanbield-2023-08-no-ff-with-reg-cpu-pressure-100K-8-bb;318303.5;1.2;0.0;2
nanbield-2023-08-no-ff-with-reg-cpu-pressure-100K-8-bb;4718.3;0.0;0.0;2
nanbield-2023-08-no-ff-with-reg-cpu-pressure-100K-8-bb;261902.4;166.3;0.0;3
nanbield-2023-08-no-ff-with-reg-cpu-pressure-100K-8-bb;99006.7;0.0;0.0;3
nanbield-2023-08-no-ff-with-reg-cpu-pressure-100K-8-bb;169023.1;233.5;0.0;3
nanbield-2023-08-no-ff-with-reg-cpu-pressure-100K-8-bb;6583.2;0.0;0.0;3
nanbield-2023-08-no-ff-with-reg-cpu-pressure-100K-8-bb;146781.4;45.8;0.0;3
nanbield-2023-08-no-ff-with-reg-cpu-pressure-100K-8-bb;6456.8;0.0;0.0;3
nanbield-2023-08-no-ff-with-reg-cpu-pressure-100K-8-bb;317530.5;468.4;0.0;3
nanbield-2023-08-no-ff-with-reg-cpu-pressure-100K-8-bb;5167.5;0.0;0.0;3
nanbield-2023-08-no-ff-with-reg-cpu-pressure-100K-8-bb;149417.1;128.4;0.0;2
nanbield-2023-08-no-ff-with-reg-cpu-pressure-100K-8-bb;3482.6;0.0;0.0;2
nanbield-2023-08-no-ff-with-reg-cpu-pressure-100K-8-bb;254570.1;97.5;0.0;2
nanbield-2023-08-no-ff-with-reg-cpu-pressure-100K-8-bb;22770.3;0.0;0.0;2
nanbield-2023-08-no-ff-with-reg-cpu-pressure-100K-8-bb;550802.2;397.0;0.0;2
nanbield-2023-08-no-ff-with-reg-cpu-pressure-100K-8-bb;95574.0;154.1;0.0;2
nanbield-2023-08-no-ff-with-reg-cpu-pressure-100K-8-bb;182442.4;155.4;0.0;1
nanbield-2023-08-no-ff-with-reg-cpu-pressure-100K-8-bb;6769.8;0.0;0.0;1
nanbield-2023-08-no-ff-with-reg-cpu-pressure-100K-8-bb;160624.3;293.7;0.0;2
nanbield-2023-08-no-ff-with-reg-cpu-pressure-100K-8-bb;56666.4;1222.9;0.0;2
nanbield-2023-08-no-ff-with-reg-cpu-pressure-100K-8-bb;143297.0;228.5;0.0;1
nanbield-2023-08-no-ff-with-reg-cpu-pressure-100K-8-bb;14205.7;0.0;0.0;1
