kirkstone-100K-fixes-64-bb;170741.0;0.0;0.0;3
kirkstone-100K-fixes-64-bb;99265.9;0.0;0.0;3
kirkstone-100K-fixes-64-bb;181231.6;2444.9;0.0;63
kirkstone-100K-fixes-64-bb;99038.4;6124.5;12.4;55
kirkstone-100K-fixes-64-bb;100118.9;1909.2;1.0;63
kirkstone-100K-fixes-64-bb;99999.5;1874.2;1.0;60
kirkstone-100K-fixes-64-bb;100786.5;1835.5;1.0;61
kirkstone-100K-fixes-64-bb;90160.9;0.0;0.0;61
kirkstone-100K-fixes-64-bb;100841.6;107.6;0.0;63
kirkstone-100K-fixes-64-bb;99919.1;127.0;0.0;55
kirkstone-100K-fixes-64-bb;102858.1;307.7;0.0;63
kirkstone-100K-fixes-64-bb;99526.5;374.6;0.0;52
kirkstone-100K-fixes-64-bb;100064.6;78693.0;0.0;55
kirkstone-100K-fixes-64-bb;99726.9;78295.3;0.0;54
kirkstone-100K-fixes-64-bb;101487.6;72912.5;0.0;61
kirkstone-100K-fixes-64-bb;99519.1;364.7;0.0;55
kirkstone-100K-fixes-64-bb;100530.6;439.8;0.0;59
kirkstone-100K-fixes-64-bb;2401.8;142.7;0.0;4
kirkstone-100K-fixes-64-bb;1283319.5;190.9;0.0;25
kirkstone-100K-fixes-64-bb;818.1;0.0;0.0;5
kirkstone-100K-fixes-64-bb;129159.0;0.0;0.0;63
kirkstone-100K-fixes-64-bb;99590.9;29.5;0.0;54
kirkstone-100K-fixes-64-bb;112290.5;128.3;0.0;55
kirkstone-100K-fixes-64-bb;99416.9;108.8;0.0;51
kirkstone-100K-fixes-64-bb;115253.3;2068.8;0.0;63
kirkstone-100K-fixes-64-bb;98997.4;1086.0;0.0;60
kirkstone-100K-fixes-64-bb;100287.2;6552.2;2.0;56
kirkstone-100K-fixes-64-bb;94174.8;10420.3;0.0;55
kirkstone-100K-fixes-64-bb;101119.4;9923.8;2.4;46
kirkstone-100K-fixes-64-bb;52207.6;4141.5;0.0;31
kirkstone-100K-fixes-64-bb;107461.0;421512.8;0.0;63
kirkstone-100K-fixes-64-bb;70236.7;136253.1;0.0;30
kirkstone-100K-fixes-64-bb;117065.5;86469.9;0.0;31
kirkstone-100K-fixes-64-bb;86224.7;107299.3;0.0;31
kirkstone-100K-fixes-64-bb;105367.4;93319.5;0.0;36
kirkstone-100K-fixes-64-bb;98465.3;63591.1;0.0;34
kirkstone-100K-fixes-64-bb;100397.5;61597.6;0.0;40
kirkstone-100K-fixes-64-bb;99560.3;62680.8;0.0;40
kirkstone-100K-fixes-64-bb;136248.2;341546.1;0.0;63
kirkstone-100K-fixes-64-bb;41443.1;416760.6;0.0;57
kirkstone-100K-fixes-64-bb;139192.1;340819.4;0.0;59
kirkstone-100K-fixes-64-bb;92130.5;404518.4;0.0;37
kirkstone-100K-fixes-64-bb;100432.9;71249.4;0.0;62
kirkstone-100K-fixes-64-bb;99142.5;73478.8;0.0;61
kirkstone-100K-fixes-64-bb;100692.3;73077.1;0.0;62
kirkstone-100K-fixes-64-bb;99569.6;83796.3;0.0;48
kirkstone-100K-fixes-64-bb;131646.0;231464.6;0.0;63
kirkstone-100K-fixes-64-bb;84525.9;259719.4;0.0;48
kirkstone-100K-fixes-64-bb;143302.3;278713.2;1.2;63
kirkstone-100K-fixes-64-bb;99765.1;68818.2;0.0;22
kirkstone-100K-fixes-64-bb;100003.7;80412.5;0.0;45
kirkstone-100K-fixes-64-bb;95731.1;107930.9;0.0;45
kirkstone-100K-fixes-64-bb;100647.0;108886.4;0.0;53
kirkstone-100K-fixes-64-bb;99946.8;108287.5;0.0;53
kirkstone-100K-fixes-64-bb;105474.3;108594.5;0.0;58
kirkstone-100K-fixes-64-bb;99463.1;110984.0;0.0;58
kirkstone-100K-fixes-64-bb;122958.5;148484.7;0.0;63
kirkstone-100K-fixes-64-bb;99683.4;34493.4;0.0;31
kirkstone-100K-fixes-64-bb;100325.7;32726.3;0.0;33
kirkstone-100K-fixes-64-bb;99834.6;30291.0;0.0;30
kirkstone-100K-fixes-64-bb;100502.1;25848.1;0.0;38
kirkstone-100K-fixes-64-bb;99760.7;24616.3;0.0;38
kirkstone-100K-fixes-64-bb;101858.4;19361.3;0.0;53
kirkstone-100K-fixes-64-bb;8482.7;111046.1;0.0;42
kirkstone-100K-fixes-64-bb;162771.7;64085.7;0.0;44
kirkstone-100K-fixes-64-bb;99627.1;48848.4;0.0;33
kirkstone-100K-fixes-64-bb;100862.8;71399.4;0.0;50
kirkstone-100K-fixes-64-bb;99031.8;151156.1;0.0;45
kirkstone-100K-fixes-64-bb;107780.0;70584.9;0.0;63
kirkstone-100K-fixes-64-bb;98519.9;67987.0;0.0;63
kirkstone-100K-fixes-64-bb;174979.4;10349.2;0.0;63
kirkstone-100K-fixes-64-bb;99968.9;34016.0;0.0;35
kirkstone-100K-fixes-64-bb;100171.4;43544.1;0.0;54
kirkstone-100K-fixes-64-bb;99976.6;44106.8;0.0;52
kirkstone-100K-fixes-64-bb;100209.4;46152.6;0.0;56
kirkstone-100K-fixes-64-bb;99956.1;54554.9;0.0;55
kirkstone-100K-fixes-64-bb;108883.3;138274.9;0.0;63
kirkstone-100K-fixes-64-bb;99879.1;130135.9;0.0;56
kirkstone-100K-fixes-64-bb;100449.4;129826.3;0.0;59
kirkstone-100K-fixes-64-bb;99796.9;129534.8;0.0;58
kirkstone-100K-fixes-64-bb;100866.8;128767.1;0.0;59
kirkstone-100K-fixes-64-bb;99905.2;126792.8;0.0;59
kirkstone-100K-fixes-64-bb;101319.9;126777.6;0.0;60
kirkstone-100K-fixes-64-bb;99951.2;127139.6;0.0;59
kirkstone-100K-fixes-64-bb;100453.0;108357.6;0.0;63
kirkstone-100K-fixes-64-bb;87505.6;0.0;0.0;63
kirkstone-100K-fixes-64-bb;106673.0;7355.6;0.0;63
kirkstone-100K-fixes-64-bb;98364.6;4388.6;0.0;62
kirkstone-100K-fixes-64-bb;101413.6;3854.1;0.0;63
kirkstone-100K-fixes-64-bb;99668.0;3706.0;0.0;63
kirkstone-100K-fixes-64-bb;102772.5;4961.8;0.0;61
kirkstone-100K-fixes-64-bb;99984.3;4190.1;0.0;54
kirkstone-100K-fixes-64-bb;101653.3;0.0;0.0;63
kirkstone-100K-fixes-64-bb;98383.2;0.0;0.0;63
kirkstone-100K-fixes-64-bb;231012.2;25352.1;0.0;10
kirkstone-100K-fixes-64-bb;99644.0;17035.5;0.0;10
kirkstone-100K-fixes-64-bb;112072.8;1439.8;0.4;6
kirkstone-100K-fixes-64-bb;62707.7;905.1;0.0;6
kirkstone-100K-fixes-64-bb;236752.1;4818.4;0.0;5
kirkstone-100K-fixes-64-bb;3559.3;0.0;0.0;5
kirkstone-100K-fixes-64-bb;115751.2;36462.8;0.0;6
kirkstone-100K-fixes-64-bb;30739.3;19753.2;0.0;6
kirkstone-100K-fixes-64-bb;296617.0;3242.2;0.0;8
kirkstone-100K-fixes-64-bb;36988.7;0.0;0.0;8
kirkstone-100K-fixes-64-bb;166804.9;32.0;0.0;10
kirkstone-100K-fixes-64-bb;98990.5;0.0;0.0;6
kirkstone-100K-fixes-64-bb;100428.9;0.0;0.0;7
kirkstone-100K-fixes-64-bb;99769.2;0.0;0.0;5
kirkstone-100K-fixes-64-bb;116203.1;0.0;0.0;6
kirkstone-100K-fixes-64-bb;96886.7;0.0;0.0;6
kirkstone-100K-fixes-64-bb;105467.1;0.0;0.0;8
kirkstone-100K-fixes-64-bb;23098.5;0.0;0.0;7
kirkstone-100K-fixes-64-bb;329177.4;0.0;0.0;18
kirkstone-100K-fixes-64-bb;99469.0;0.0;0.0;15
kirkstone-100K-fixes-64-bb;118459.9;136.6;0.0;15
kirkstone-100K-fixes-64-bb;97007.2;0.0;0.0;11
kirkstone-100K-fixes-64-bb;213556.3;10.2;0.0;9
kirkstone-100K-fixes-64-bb;51525.8;0.0;0.0;7
kirkstone-100K-fixes-64-bb;295925.2;39.1;0.0;16
kirkstone-100K-fixes-64-bb;96997.4;3.4;0.0;9
kirkstone-100K-fixes-64-bb;640611.8;0.6;0.0;20
kirkstone-100K-fixes-64-bb;97876.7;0.0;0.0;19
kirkstone-100K-fixes-64-bb;215700.5;438.9;0.8;20
kirkstone-100K-fixes-64-bb;99829.8;0.0;0.0;11
kirkstone-100K-fixes-64-bb;304442.7;0.0;0.0;20
kirkstone-100K-fixes-64-bb;99354.6;72.5;0.0;13
kirkstone-100K-fixes-64-bb;209793.4;15.9;0.0;21
kirkstone-100K-fixes-64-bb;98265.5;185.5;0.0;8
kirkstone-100K-fixes-64-bb;154804.5;33.5;0.0;15
kirkstone-100K-fixes-64-bb;98720.6;0.0;0.0;6
kirkstone-100K-fixes-64-bb;101162.8;0.0;0.0;7
kirkstone-100K-fixes-64-bb;96608.8;0.0;0.0;6
kirkstone-100K-fixes-64-bb;102463.6;0.0;0.0;7
kirkstone-100K-fixes-64-bb;99535.9;0.0;0.0;5
kirkstone-100K-fixes-64-bb;107755.8;0.0;0.0;6
kirkstone-100K-fixes-64-bb;95285.4;0.0;0.0;6
kirkstone-100K-fixes-64-bb;107505.0;0.0;0.0;8
kirkstone-100K-fixes-64-bb;92962.0;0.0;0.0;6
kirkstone-100K-fixes-64-bb;104832.6;0.0;0.0;8
kirkstone-100K-fixes-64-bb;99417.7;0.0;0.0;6
kirkstone-100K-fixes-64-bb;101010.5;0.0;0.0;8
kirkstone-100K-fixes-64-bb;87875.6;0.0;0.0;6
kirkstone-100K-fixes-64-bb;106096.8;0.0;0.0;9
kirkstone-100K-fixes-64-bb;76309.2;36769.7;0.0;6
kirkstone-100K-fixes-64-bb;104111.5;18547.4;0.0;10
kirkstone-100K-fixes-64-bb;41385.7;0.0;0.0;7
kirkstone-100K-fixes-64-bb;325882.4;28.2;0.0;8
kirkstone-100K-fixes-64-bb;15242.1;0.0;0.0;8
kirkstone-100K-fixes-64-bb;467680.6;54.3;1.3;9
kirkstone-100K-fixes-64-bb;16022.6;0.0;0.0;9
kirkstone-100K-fixes-64-bb;151384.6;168.2;1.2;9
kirkstone-100K-fixes-64-bb;6883.3;0.0;0.0;8
kirkstone-100K-fixes-64-bb;471785.1;39.6;0.9;9
kirkstone-100K-fixes-64-bb;92769.2;0.0;0.0;9
kirkstone-100K-fixes-64-bb;237492.5;75.2;0.5;8
kirkstone-100K-fixes-64-bb;25381.6;0.0;0.0;7
kirkstone-100K-fixes-64-bb;223490.9;8.0;12.5;14
kirkstone-100K-fixes-64-bb;98324.2;0.0;0.0;6
kirkstone-100K-fixes-64-bb;100045.3;0.0;0.0;7
kirkstone-100K-fixes-64-bb;95673.5;0.0;0.0;6
kirkstone-100K-fixes-64-bb;109719.0;0.0;0.0;8
kirkstone-100K-fixes-64-bb;46697.6;0.0;0.0;8
kirkstone-100K-fixes-64-bb;117676.3;0.0;0.0;14
kirkstone-100K-fixes-64-bb;98301.8;0.0;0.0;14
kirkstone-100K-fixes-64-bb;255625.9;0.0;0.0;9
kirkstone-100K-fixes-64-bb;97882.1;0.0;0.0;7
kirkstone-100K-fixes-64-bb;131457.9;11.7;4.5;9
kirkstone-100K-fixes-64-bb;17434.3;0.0;0.0;9
kirkstone-100K-fixes-64-bb;119724.4;110.4;1.7;8
kirkstone-100K-fixes-64-bb;95017.2;0.0;0.0;7
kirkstone-100K-fixes-64-bb;134772.5;41.5;0.0;7
kirkstone-100K-fixes-64-bb;96797.0;0.0;0.0;7
kirkstone-100K-fixes-64-bb;138980.9;34.2;1.2;6
kirkstone-100K-fixes-64-bb;5251.4;0.0;0.0;6
kirkstone-100K-fixes-64-bb;141785.7;3.1;0.0;33
kirkstone-100K-fixes-64-bb;12766.3;0.0;0.0;16
kirkstone-100K-fixes-64-bb;163487.9;89.7;0.0;15
kirkstone-100K-fixes-64-bb;99163.5;73.8;0.0;14
kirkstone-100K-fixes-64-bb;603762.0;24.0;0.0;14
kirkstone-100K-fixes-64-bb;13523.3;0.0;0.0;11
kirkstone-100K-fixes-64-bb;108741.8;474.6;335.9;63
kirkstone-100K-fixes-64-bb;99849.4;592.8;389.1;52
kirkstone-100K-fixes-64-bb;103396.2;63.9;0.0;63
kirkstone-100K-fixes-64-bb;97499.1;0.0;0.0;62
kirkstone-100K-fixes-64-bb;105311.6;40.9;0.0;62
kirkstone-100K-fixes-64-bb;98911.8;28.2;0.0;62
kirkstone-100K-fixes-64-bb;254403.6;86.1;0.0;63
kirkstone-100K-fixes-64-bb;61765.7;823.5;0.0;58
kirkstone-100K-fixes-64-bb;113109.8;27.8;0.0;62
kirkstone-100K-fixes-64-bb;98487.7;33.0;0.0;62
kirkstone-100K-fixes-64-bb;100386.1;27.3;0.0;62
kirkstone-100K-fixes-64-bb;99773.1;26.7;0.0;62
kirkstone-100K-fixes-64-bb;111094.3;6.9;0.0;36
kirkstone-100K-fixes-64-bb;99906.8;5.1;0.0;35
kirkstone-100K-fixes-64-bb;134837.2;1619.9;550.5;63
kirkstone-100K-fixes-64-bb;80281.3;0.0;0.0;29
kirkstone-100K-fixes-64-bb;133933.3;0.0;0.0;30
kirkstone-100K-fixes-64-bb;96580.6;0.0;0.0;30
kirkstone-100K-fixes-64-bb;101114.0;28.0;0.0;56
kirkstone-100K-fixes-64-bb;19792.1;0.0;0.0;41
kirkstone-100K-fixes-64-bb;120436.7;46.9;0.0;55
kirkstone-100K-fixes-64-bb;99819.5;54.7;27.3;54
kirkstone-100K-fixes-64-bb;228308.6;65.9;16.5;55
kirkstone-100K-fixes-64-bb;51923.4;0.0;0.0;27
kirkstone-100K-fixes-64-bb;102380.1;32.9;0.0;46
kirkstone-100K-fixes-64-bb;99803.7;100.1;0.0;35
kirkstone-100K-fixes-64-bb;102859.9;19.2;14.4;37
kirkstone-100K-fixes-64-bb;61438.1;96.0;0.0;32
kirkstone-100K-fixes-64-bb;147762.4;71.7;0.0;34
kirkstone-100K-fixes-64-bb;98784.1;36.9;0.0;34
kirkstone-100K-fixes-64-bb;105426.5;33.5;0.0;35
kirkstone-100K-fixes-64-bb;99521.9;66.4;0.0;34
kirkstone-100K-fixes-64-bb;103232.6;166.4;21.5;38
kirkstone-100K-fixes-64-bb;99678.2;159.0;26.2;37
kirkstone-100K-fixes-64-bb;105611.9;139.4;35.2;37
kirkstone-100K-fixes-64-bb;98187.2;1.7;0.0;28
kirkstone-100K-fixes-64-bb;350107.3;0.0;0.0;37
kirkstone-100K-fixes-64-bb;41236.4;210.9;0.0;34
kirkstone-100K-fixes-64-bb;313012.6;107.9;0.0;36
kirkstone-100K-fixes-64-bb;95994.0;7.8;0.0;29
kirkstone-100K-fixes-64-bb;107081.4;6.3;0.0;30
kirkstone-100K-fixes-64-bb;51255.8;0.0;0.0;29
kirkstone-100K-fixes-64-bb;106601.7;0.0;0.0;31
kirkstone-100K-fixes-64-bb;98643.5;0.0;0.0;31
kirkstone-100K-fixes-64-bb;101320.7;0.0;0.0;32
kirkstone-100K-fixes-64-bb;99698.4;0.0;0.0;31
kirkstone-100K-fixes-64-bb;104644.5;0.0;0.0;32
kirkstone-100K-fixes-64-bb;99776.5;0.0;0.0;32
kirkstone-100K-fixes-64-bb;102887.3;0.0;0.0;33
kirkstone-100K-fixes-64-bb;99005.1;1.5;0.0;32
kirkstone-100K-fixes-64-bb;106010.7;9.4;12.5;34
kirkstone-100K-fixes-64-bb;66080.9;0.0;0.0;34
kirkstone-100K-fixes-64-bb;133928.3;0.0;0.0;34
kirkstone-100K-fixes-64-bb;73226.1;0.0;0.0;30
kirkstone-100K-fixes-64-bb;115271.6;0.0;0.0;31
kirkstone-100K-fixes-64-bb;89466.3;27.8;0.0;28
kirkstone-100K-fixes-64-bb;134398.5;12.0;0.0;30
kirkstone-100K-fixes-64-bb;93783.4;0.0;0.0;20
kirkstone-100K-fixes-64-bb;106254.5;0.0;0.0;22
kirkstone-100K-fixes-64-bb;99854.7;0.0;0.0;22
kirkstone-100K-fixes-64-bb;107840.3;0.0;0.0;24
kirkstone-100K-fixes-64-bb;95570.1;5.3;0.0;17
kirkstone-100K-fixes-64-bb;125593.2;107.9;0.0;39
kirkstone-100K-fixes-64-bb;99275.2;77.5;0.0;39
kirkstone-100K-fixes-64-bb;110135.2;21.1;0.0;37
kirkstone-100K-fixes-64-bb;84567.8;0.0;0.0;35
kirkstone-100K-fixes-64-bb;102559.0;0.0;0.0;36
kirkstone-100K-fixes-64-bb;99030.7;0.0;0.0;36
kirkstone-100K-fixes-64-bb;226947.5;0.0;0.0;37
kirkstone-100K-fixes-64-bb;99801.5;73.7;0.0;33
kirkstone-100K-fixes-64-bb;100071.8;64.0;0.0;35
kirkstone-100K-fixes-64-bb;99960.2;61.9;0.0;35
kirkstone-100K-fixes-64-bb;417857.8;134.7;4.9;35
kirkstone-100K-fixes-64-bb;84557.6;0.0;0.0;29
kirkstone-100K-fixes-64-bb;120160.8;8.6;0.0;31
kirkstone-100K-fixes-64-bb;99951.9;1.3;0.0;31
kirkstone-100K-fixes-64-bb;104223.7;1.2;0.0;32
kirkstone-100K-fixes-64-bb;43175.7;0.0;0.0;27
kirkstone-100K-fixes-64-bb;432968.1;73.3;1.9;32
kirkstone-100K-fixes-64-bb;12404.3;0.0;0.0;29
kirkstone-100K-fixes-64-bb;103104.0;2.8;0.0;43
kirkstone-100K-fixes-64-bb;29106.9;0.0;0.0;23
kirkstone-100K-fixes-64-bb;104359.5;831.3;0.0;57
kirkstone-100K-fixes-64-bb;0.0;0.0;0.0;47
kirkstone-100K-fixes-64-bb;790099.3;0.0;0.0;48
kirkstone-100K-fixes-64-bb;99818.4;48.7;4.9;29
kirkstone-100K-fixes-64-bb;136333.1;44.1;3.7;31
kirkstone-100K-fixes-64-bb;5887.5;0.0;0.0;25
kirkstone-100K-fixes-64-bb;108872.3;155.3;0.0;56
kirkstone-100K-fixes-64-bb;99385.0;0.0;0.0;33
kirkstone-100K-fixes-64-bb;104825.1;0.0;0.0;34
kirkstone-100K-fixes-64-bb;99909.5;5.6;0.0;30
kirkstone-100K-fixes-64-bb;289021.3;985.7;0.0;62
kirkstone-100K-fixes-64-bb;35154.2;0.0;0.0;20
kirkstone-100K-fixes-64-bb;100139.6;0.0;0.0;32
kirkstone-100K-fixes-64-bb;99373.9;2683.7;0.0;30
kirkstone-100K-fixes-64-bb;111360.1;202.1;0.0;36
kirkstone-100K-fixes-64-bb;83076.1;0.0;0.0;16
kirkstone-100K-fixes-64-bb;101019.1;0.0;0.0;22
kirkstone-100K-fixes-64-bb;92469.7;0.0;0.0;22
kirkstone-100K-fixes-64-bb;118595.3;0.0;0.0;23
kirkstone-100K-fixes-64-bb;3282.9;0.0;0.0;16
kirkstone-100K-fixes-64-bb;106938.9;0.0;0.0;31
kirkstone-100K-fixes-64-bb;49081.0;0.0;0.0;10
kirkstone-100K-fixes-64-bb;102678.5;0.0;0.0;24
kirkstone-100K-fixes-64-bb;99965.2;96.4;0.0;15
kirkstone-100K-fixes-64-bb;102139.4;42.2;0.0;27
kirkstone-100K-fixes-64-bb;79155.3;176.1;0.0;12
kirkstone-100K-fixes-64-bb;103047.3;113.7;0.0;22
kirkstone-100K-fixes-64-bb;15442.0;0.0;0.0;13
kirkstone-100K-fixes-64-bb;101899.5;145.6;0.0;23
kirkstone-100K-fixes-64-bb;99929.2;555.6;0.0;22
kirkstone-100K-fixes-64-bb;103201.8;525.9;0.0;26
kirkstone-100K-fixes-64-bb;0.0;0.0;0.0;17
kirkstone-100K-fixes-64-bb;273334.8;0.0;0.0;18
kirkstone-100K-fixes-64-bb;30693.7;0.0;0.0;14
kirkstone-100K-fixes-64-bb;109514.7;53.2;0.0;39
kirkstone-100K-fixes-64-bb;43875.6;0.0;0.0;20
kirkstone-100K-fixes-64-bb;108557.4;14.8;0.0;24
kirkstone-100K-fixes-64-bb;99841.2;14.0;0.0;21
kirkstone-100K-fixes-64-bb;100301.7;8.1;0.0;27
kirkstone-100K-fixes-64-bb;28931.1;0.0;0.0;16
kirkstone-100K-fixes-64-bb;117134.7;0.0;0.0;17
kirkstone-100K-fixes-64-bb;99993.0;0.0;0.0;17
kirkstone-100K-fixes-64-bb;104730.8;7.2;0.0;35
kirkstone-100K-fixes-64-bb;9743.4;0.0;0.0;22
kirkstone-100K-fixes-64-bb;117654.1;0.0;0.0;23
kirkstone-100K-fixes-64-bb;11928.8;0.0;0.0;18
kirkstone-100K-fixes-64-bb;146909.5;0.0;0.0;21
kirkstone-100K-fixes-64-bb;99982.3;6.6;0.0;17
kirkstone-100K-fixes-64-bb;143604.2;0.0;0.0;29
kirkstone-100K-fixes-64-bb;0.0;0.0;0.0;29
kirkstone-100K-fixes-64-bb;860568.2;0.0;0.0;30
kirkstone-100K-fixes-64-bb;10072.2;0.0;0.0;15
kirkstone-100K-fixes-64-bb;127452.3;29.7;0.0;51
kirkstone-100K-fixes-64-bb;0.0;0.0;0.0;27
kirkstone-100K-fixes-64-bb;123719.0;0.0;0.0;28
kirkstone-100K-fixes-64-bb;99122.5;0.0;0.0;28
kirkstone-100K-fixes-64-bb;123826.6;0.0;0.0;28
kirkstone-100K-fixes-64-bb;99757.4;0.0;0.0;26
kirkstone-100K-fixes-64-bb;162783.4;1290.6;0.0;40
kirkstone-100K-fixes-64-bb;3561.3;0.0;0.0;13
kirkstone-100K-fixes-64-bb;385552.0;0.0;0.0;44
kirkstone-100K-fixes-64-bb;53082.8;0.0;0.0;23
kirkstone-100K-fixes-64-bb;100434.4;10.8;0.0;33
kirkstone-100K-fixes-64-bb;99744.6;10.7;0.0;33
kirkstone-100K-fixes-64-bb;101007.0;12.7;0.0;34
kirkstone-100K-fixes-64-bb;99980.0;12.5;0.0;33
kirkstone-100K-fixes-64-bb;100003.0;11.5;0.0;33
kirkstone-100K-fixes-64-bb;99639.0;11.5;0.0;33
kirkstone-100K-fixes-64-bb;134646.2;0.0;0.0;39
kirkstone-100K-fixes-64-bb;68329.0;0.0;0.0;13
kirkstone-100K-fixes-64-bb;132995.3;0.0;0.0;14
kirkstone-100K-fixes-64-bb;83740.7;0.0;0.0;12
kirkstone-100K-fixes-64-bb;112905.4;0.0;0.0;42
kirkstone-100K-fixes-64-bb;49324.0;0.0;0.0;27
kirkstone-100K-fixes-64-bb;179208.4;0.0;0.0;27
kirkstone-100K-fixes-64-bb;99429.4;561.9;0.0;27
kirkstone-100K-fixes-64-bb;105456.2;144.3;0.0;35
kirkstone-100K-fixes-64-bb;0.0;0.0;0.0;27
kirkstone-100K-fixes-64-bb;176340.7;0.0;0.0;29
kirkstone-100K-fixes-64-bb;14649.6;0.0;0.0;20
kirkstone-100K-fixes-64-bb;107264.6;0.0;0.0;37
kirkstone-100K-fixes-64-bb;0.0;0.0;0.0;35
kirkstone-100K-fixes-64-bb;100622.3;0.0;0.0;36
kirkstone-100K-fixes-64-bb;99041.9;0.0;0.0;36
kirkstone-100K-fixes-64-bb;137198.5;0.0;0.0;37
kirkstone-100K-fixes-64-bb;56889.2;0.0;0.0;26
kirkstone-100K-fixes-64-bb;134897.6;0.0;0.0;27
kirkstone-100K-fixes-64-bb;98078.7;0.0;0.0;26
kirkstone-100K-fixes-64-bb;102539.8;0.0;0.0;28
kirkstone-100K-fixes-64-bb;99774.2;0.0;0.0;28
kirkstone-100K-fixes-64-bb;101415.4;2.6;0.0;30
kirkstone-100K-fixes-64-bb;99923.2;12.3;0.0;30
kirkstone-100K-fixes-64-bb;103390.0;11.7;0.0;31
kirkstone-100K-fixes-64-bb;98871.9;8.9;0.0;31
kirkstone-100K-fixes-64-bb;103062.4;8.5;0.0;32
kirkstone-100K-fixes-64-bb;56498.2;0.0;0.0;29
kirkstone-100K-fixes-64-bb;108822.5;0.0;0.0;29
kirkstone-100K-fixes-64-bb;99740.4;1.3;0.0;26
kirkstone-100K-fixes-64-bb;102250.2;1.1;0.0;29
kirkstone-100K-fixes-64-bb;35509.5;0.0;0.0;29
kirkstone-100K-fixes-64-bb;179829.5;0.0;0.0;31
kirkstone-100K-fixes-64-bb;79595.9;0.0;0.0;26
kirkstone-100K-fixes-64-bb;109325.6;0.0;0.0;30
kirkstone-100K-fixes-64-bb;60429.3;0.0;0.0;23
kirkstone-100K-fixes-64-bb;103203.0;15.2;13.0;30
kirkstone-100K-fixes-64-bb;90384.1;0.0;0.0;21
kirkstone-100K-fixes-64-bb;109411.4;0.0;0.0;22
kirkstone-100K-fixes-64-bb;99469.3;0.0;0.0;21
kirkstone-100K-fixes-64-bb;104931.1;0.0;0.0;23
kirkstone-100K-fixes-64-bb;99462.0;0.0;0.0;23
kirkstone-100K-fixes-64-bb;101805.0;0.0;0.0;24
kirkstone-100K-fixes-64-bb;99765.9;0.0;0.0;24
kirkstone-100K-fixes-64-bb;101527.7;0.0;0.0;28
kirkstone-100K-fixes-64-bb;99840.4;0.0;0.0;28
kirkstone-100K-fixes-64-bb;101811.0;0.0;0.0;32
kirkstone-100K-fixes-64-bb;99983.4;0.0;0.0;32
kirkstone-100K-fixes-64-bb;156429.1;15.8;0.0;34
kirkstone-100K-fixes-64-bb;51684.3;318.1;0.0;28
kirkstone-100K-fixes-64-bb;142245.2;78.8;0.0;30
kirkstone-100K-fixes-64-bb;9492.7;0.0;0.0;23
kirkstone-100K-fixes-64-bb;147335.8;10.2;0.0;33
kirkstone-100K-fixes-64-bb;97534.0;9.9;0.0;22
kirkstone-100K-fixes-64-bb;160285.8;42.8;0.0;37
kirkstone-100K-fixes-64-bb;67812.7;880.7;0.0;33
kirkstone-100K-fixes-64-bb;444697.6;27.3;0.0;34
kirkstone-100K-fixes-64-bb;95739.4;0.0;0.0;31
kirkstone-100K-fixes-64-bb;448722.7;0.0;0.0;30
kirkstone-100K-fixes-64-bb;27865.0;0.0;0.0;26
kirkstone-100K-fixes-64-bb;212684.6;10.8;0.0;33
kirkstone-100K-fixes-64-bb;95773.7;0.0;0.0;23
kirkstone-100K-fixes-64-bb;201581.4;0.0;0.0;24
kirkstone-100K-fixes-64-bb;89166.6;0.0;0.0;20
kirkstone-100K-fixes-64-bb;151327.3;0.0;0.0;21
kirkstone-100K-fixes-64-bb;93463.9;1.2;0.0;17
kirkstone-100K-fixes-64-bb;566454.2;0.0;0.0;27
kirkstone-100K-fixes-64-bb;7739.2;0.0;0.0;21
kirkstone-100K-fixes-64-bb;122640.8;10.8;4.6;33
kirkstone-100K-fixes-64-bb;17822.2;0.0;0.0;33
kirkstone-100K-fixes-64-bb;100213.2;31.0;0.0;34
kirkstone-100K-fixes-64-bb;94744.7;43.4;0.0;34
kirkstone-100K-fixes-64-bb;100786.4;7.4;0.0;35
kirkstone-100K-fixes-64-bb;99830.6;7.2;0.0;35
kirkstone-100K-fixes-64-bb;100514.9;10.2;0.0;31
kirkstone-100K-fixes-64-bb;6712.1;0.0;0.0;30
kirkstone-100K-fixes-64-bb;192015.2;85.0;0.0;30
kirkstone-100K-fixes-64-bb;91623.2;1.0;0.0;30
kirkstone-100K-fixes-64-bb;562892.1;3.6;0.0;30
kirkstone-100K-fixes-64-bb;10241.5;0.0;0.0;29
kirkstone-100K-fixes-64-bb;136449.3;4.5;0.0;32
kirkstone-100K-fixes-64-bb;7581.3;0.0;0.0;29
kirkstone-100K-fixes-64-bb;106720.7;35.5;0.0;34
kirkstone-100K-fixes-64-bb;99290.2;65.8;0.0;34
kirkstone-100K-fixes-64-bb;313613.0;13.8;0.0;30
kirkstone-100K-fixes-64-bb;1067.4;0.0;0.0;22
kirkstone-100K-fixes-64-bb;236833.9;0.0;0.0;34
kirkstone-100K-fixes-64-bb;99453.2;0.0;0.0;33
kirkstone-100K-fixes-64-bb;100560.1;0.0;0.0;35
kirkstone-100K-fixes-64-bb;98134.1;0.0;0.0;35
kirkstone-100K-fixes-64-bb;153015.1;0.0;0.0;32
kirkstone-100K-fixes-64-bb;3367.0;0.0;0.0;21
kirkstone-100K-fixes-64-bb;105272.5;0.0;0.0;23
kirkstone-100K-fixes-64-bb;83403.5;0.0;0.0;23
kirkstone-100K-fixes-64-bb;128515.5;454.5;0.0;23
kirkstone-100K-fixes-64-bb;99789.7;343.5;0.0;22
kirkstone-100K-fixes-64-bb;163070.9;0.0;0.0;23
kirkstone-100K-fixes-64-bb;99984.5;0.0;0.0;23
kirkstone-100K-fixes-64-bb;288877.6;12.2;0.0;17
kirkstone-100K-fixes-64-bb;4338.0;0.0;0.0;17
kirkstone-100K-fixes-64-bb;116787.7;0.0;0.0;16
kirkstone-100K-fixes-64-bb;99708.5;0.0;0.0;16
kirkstone-100K-fixes-64-bb;143829.7;0.0;0.0;17
kirkstone-100K-fixes-64-bb;97595.4;0.0;0.0;14
kirkstone-100K-fixes-64-bb;443520.5;106.7;0.0;13
kirkstone-100K-fixes-64-bb;97065.5;0.0;0.0;13
kirkstone-100K-fixes-64-bb;275153.5;2105.3;0.0;14
kirkstone-100K-fixes-64-bb;17926.7;0.0;0.0;14
kirkstone-100K-fixes-64-bb;104480.6;0.4;0.0;13
kirkstone-100K-fixes-64-bb;13025.3;0.0;0.0;13
kirkstone-100K-fixes-64-bb;131889.7;5.4;0.0;13
kirkstone-100K-fixes-64-bb;43598.8;0.0;0.0;13
kirkstone-100K-fixes-64-bb;106020.7;15.5;0.0;12
kirkstone-100K-fixes-64-bb;2711.2;0.0;0.0;12
kirkstone-100K-fixes-64-bb;136114.7;0.6;0.0;19
kirkstone-100K-fixes-64-bb;4097.6;0.0;0.0;19
kirkstone-100K-fixes-64-bb;763548.6;7.2;0.4;18
kirkstone-100K-fixes-64-bb;95208.2;12.3;0.0;18
kirkstone-100K-fixes-64-bb;253981.8;94.8;4.0;20
kirkstone-100K-fixes-64-bb;8323.1;0.0;0.0;20
kirkstone-100K-fixes-64-bb;107379.9;44.6;21.7;25
kirkstone-100K-fixes-64-bb;18415.5;0.0;0.0;21
kirkstone-100K-fixes-64-bb;143621.0;144.3;0.0;26
kirkstone-100K-fixes-64-bb;99021.9;0.0;0.0;23
kirkstone-100K-fixes-64-bb;155786.3;0.0;0.0;26
kirkstone-100K-fixes-64-bb;97766.2;0.0;0.0;23
kirkstone-100K-fixes-64-bb;156155.4;0.0;0.0;24
kirkstone-100K-fixes-64-bb;97885.1;0.0;0.0;24
kirkstone-100K-fixes-64-bb;111912.9;1.7;0.0;23
kirkstone-100K-fixes-64-bb;99876.5;1.3;0.0;23
kirkstone-100K-fixes-64-bb;232077.2;148.4;0.0;21
kirkstone-100K-fixes-64-bb;14477.1;0.0;0.0;18
kirkstone-100K-fixes-64-bb;129596.7;1.2;0.0;17
kirkstone-100K-fixes-64-bb;10375.9;0.0;0.0;17
kirkstone-100K-fixes-64-bb;137392.2;3322.7;0.0;19
kirkstone-100K-fixes-64-bb;99309.3;2007.6;0.0;19
kirkstone-100K-fixes-64-bb;629109.1;7.8;0.0;11
kirkstone-100K-fixes-64-bb;91498.3;0.0;0.0;11
kirkstone-100K-fixes-64-bb;550855.7;26.2;0.0;11
kirkstone-100K-fixes-64-bb;9270.3;0.0;0.0;11
kirkstone-100K-fixes-64-bb;215300.1;186.5;0.0;12
kirkstone-100K-fixes-64-bb;10178.3;0.0;0.0;12
kirkstone-100K-fixes-64-bb;474892.3;20.4;0.2;13
kirkstone-100K-fixes-64-bb;14185.0;816.9;0.0;12
kirkstone-100K-fixes-64-bb;386617.8;0.0;0.0;14
kirkstone-100K-fixes-64-bb;98840.8;304.1;0.0;6
kirkstone-100K-fixes-64-bb;100040.4;277.1;0.0;7
kirkstone-100K-fixes-64-bb;98768.9;1058.9;0.0;6
kirkstone-100K-fixes-64-bb;106039.7;1099.8;0.0;7
kirkstone-100K-fixes-64-bb;99510.8;0.0;0.0;5
kirkstone-100K-fixes-64-bb;100314.9;76.1;0.0;7
kirkstone-100K-fixes-64-bb;96010.5;0.0;0.0;6
kirkstone-100K-fixes-64-bb;116666.4;0.0;0.0;7
kirkstone-100K-fixes-64-bb;91794.0;0.0;0.0;6
kirkstone-100K-fixes-64-bb;150572.2;0.0;0.0;7
kirkstone-100K-fixes-64-bb;75663.6;0.0;0.0;5
kirkstone-100K-fixes-64-bb;105955.5;0.0;0.0;7
kirkstone-100K-fixes-64-bb;89137.1;0.0;0.0;6
kirkstone-100K-fixes-64-bb;119494.7;0.0;0.0;7
kirkstone-100K-fixes-64-bb;99938.5;0.0;0.0;7
kirkstone-100K-fixes-64-bb;119870.1;0.0;0.0;8
kirkstone-100K-fixes-64-bb;95037.6;0.0;0.0;6
kirkstone-100K-fixes-64-bb;103934.7;0.0;0.0;7
kirkstone-100K-fixes-64-bb;95347.6;0.0;0.0;6
kirkstone-100K-fixes-64-bb;112725.7;0.0;0.0;7
kirkstone-100K-fixes-64-bb;86212.3;0.0;0.0;6
kirkstone-100K-fixes-64-bb;102096.4;106.5;0.0;7
kirkstone-100K-fixes-64-bb;87736.9;0.0;0.0;6
kirkstone-100K-fixes-64-bb;104553.6;0.0;0.0;8
kirkstone-100K-fixes-64-bb;99996.9;1165.4;0.0;6
kirkstone-100K-fixes-64-bb;100348.0;1082.1;0.0;7
kirkstone-100K-fixes-64-bb;73191.4;0.0;0.0;5
kirkstone-100K-fixes-64-bb;103550.3;235.7;0.0;9
kirkstone-100K-fixes-64-bb;85649.1;51.6;103.2;6
kirkstone-100K-fixes-64-bb;108712.6;98.9;623.2;7
kirkstone-100K-fixes-64-bb;87138.6;0.0;0.0;6
kirkstone-100K-fixes-64-bb;109360.3;0.0;0.0;7
kirkstone-100K-fixes-64-bb;97689.0;0.0;0.0;6
kirkstone-100K-fixes-64-bb;108806.9;0.0;0.0;7
kirkstone-100K-fixes-64-bb;98843.6;0.0;0.0;7
kirkstone-100K-fixes-64-bb;127034.6;27.5;178.9;8
kirkstone-100K-fixes-64-bb;96152.0;1555.6;0.0;6
kirkstone-100K-fixes-64-bb;111379.5;828.3;0.0;7
kirkstone-100K-fixes-64-bb;99901.6;178.1;0.0;6
kirkstone-100K-fixes-64-bb;101348.3;154.1;0.0;7
kirkstone-100K-fixes-64-bb;95619.8;0.0;0.0;6
kirkstone-100K-fixes-64-bb;119868.4;41.9;0.0;7
kirkstone-100K-fixes-64-bb;99438.6;0.0;0.0;6
kirkstone-100K-fixes-64-bb;103354.8;21.3;0.0;7
kirkstone-100K-fixes-64-bb;95786.1;0.0;0.0;6
kirkstone-100K-fixes-64-bb;105968.5;16.3;0.0;7
kirkstone-100K-fixes-64-bb;71429.9;0.0;0.0;5
kirkstone-100K-fixes-64-bb;100880.8;11.2;0.0;9
kirkstone-100K-fixes-64-bb;98600.7;35.5;12.2;6
kirkstone-100K-fixes-64-bb;120819.0;0.0;0.0;8
kirkstone-100K-fixes-64-bb;95387.2;0.0;9191.0;6
kirkstone-100K-fixes-64-bb;125852.6;150.2;1028.4;7
kirkstone-100K-fixes-64-bb;99932.2;6.7;0.0;6
kirkstone-100K-fixes-64-bb;101638.9;9.1;0.0;7
kirkstone-100K-fixes-64-bb;85259.8;1200.8;0.0;6
kirkstone-100K-fixes-64-bb;108951.4;422.4;0.0;7
kirkstone-100K-fixes-64-bb;99194.7;166.4;0.0;7
kirkstone-100K-fixes-64-bb;101160.7;68.3;0.0;15
kirkstone-100K-fixes-64-bb;67357.8;0.0;0.0;15
kirkstone-100K-fixes-64-bb;107580.3;36.6;0.0;17
kirkstone-100K-fixes-64-bb;99939.5;93.8;0.0;17
kirkstone-100K-fixes-64-bb;106097.7;276.8;1.9;16
kirkstone-100K-fixes-64-bb;99944.3;348.5;1.3;14
kirkstone-100K-fixes-64-bb;126452.0;815.6;0.0;19
kirkstone-100K-fixes-64-bb;0.0;0.0;0.0;13
kirkstone-100K-fixes-64-bb;432429.5;129.1;0.0;14
kirkstone-100K-fixes-64-bb;99331.2;0.0;0.0;8
kirkstone-100K-fixes-64-bb;105197.4;0.0;0.0;9
kirkstone-100K-fixes-64-bb;99143.4;0.0;0.0;9
kirkstone-100K-fixes-64-bb;107199.8;850.1;0.0;16
kirkstone-100K-fixes-64-bb;45173.2;242.9;0.0;16
kirkstone-100K-fixes-64-bb;113649.5;928.4;9.6;15
kirkstone-100K-fixes-64-bb;69088.2;0.0;0.0;13
kirkstone-100K-fixes-64-bb;167958.9;70.7;0.0;14
kirkstone-100K-fixes-64-bb;96058.2;13.1;0.0;5
kirkstone-100K-fixes-64-bb;357404.6;82.3;0.0;12
kirkstone-100K-fixes-64-bb;96888.5;47.2;0.0;9
kirkstone-100K-fixes-64-bb;127146.0;34.7;0.0;10
kirkstone-100K-fixes-64-bb;74787.3;196.3;0.0;9
kirkstone-100K-fixes-64-bb;120221.2;31.0;0.0;16
kirkstone-100K-fixes-64-bb;97171.1;2505.9;0.0;15
kirkstone-100K-fixes-64-bb;113796.5;2604.4;0.0;16
kirkstone-100K-fixes-64-bb;99160.7;1947.5;0.0;16
kirkstone-100K-fixes-64-bb;106129.0;301.2;11.2;15
kirkstone-100K-fixes-64-bb;49962.1;359.1;0.0;15
kirkstone-100K-fixes-64-bb;619605.3;13.1;0.0;13
kirkstone-100K-fixes-64-bb;59695.9;0.0;0.0;12
kirkstone-100K-fixes-64-bb;116122.8;155.5;0.0;17
kirkstone-100K-fixes-64-bb;84773.2;0.0;0.0;16
kirkstone-100K-fixes-64-bb;124765.8;19.2;0.0;17
kirkstone-100K-fixes-64-bb;40756.9;0.0;0.0;15
kirkstone-100K-fixes-64-bb;103390.3;0.0;0.0;16
kirkstone-100K-fixes-64-bb;99846.2;0.0;0.0;16
kirkstone-100K-fixes-64-bb;100092.3;10.9;0.0;16
kirkstone-100K-fixes-64-bb;34650.0;31.0;0.0;13
kirkstone-100K-fixes-64-bb;159207.2;1811.0;3220.5;15
kirkstone-100K-fixes-64-bb;99104.1;2398.9;2892.2;15
kirkstone-100K-fixes-64-bb;262889.1;257.1;0.0;13
kirkstone-100K-fixes-64-bb;8993.3;0.0;0.0;13
kirkstone-100K-fixes-64-bb;353847.1;39.0;0.0;12
kirkstone-100K-fixes-64-bb;24968.0;49.0;0.0;12
kirkstone-100K-fixes-64-bb;113112.4;185.1;0.0;21
kirkstone-100K-fixes-64-bb;98989.5;105.7;0.0;18
kirkstone-100K-fixes-64-bb;156305.5;750.4;317.7;16
kirkstone-100K-fixes-64-bb;71454.7;299.0;0.0;16
kirkstone-100K-fixes-64-bb;179215.4;87.7;0.0;16
kirkstone-100K-fixes-64-bb;94983.8;16.0;0.0;14
kirkstone-100K-fixes-64-bb;108917.7;13.1;0.0;15
kirkstone-100K-fixes-64-bb;71014.5;2316.5;0.0;12
kirkstone-100K-fixes-64-bb;108914.3;3012.7;634.5;19
kirkstone-100K-fixes-64-bb;4449.1;0.0;0.0;10
kirkstone-100K-fixes-64-bb;112015.5;28.9;0.0;16
kirkstone-100K-fixes-64-bb;99293.4;20.0;0.0;16
kirkstone-100K-fixes-64-bb;106364.2;20.9;0.0;17
kirkstone-100K-fixes-64-bb;77774.1;0.0;0.0;16
kirkstone-100K-fixes-64-bb;137864.8;65.7;0.0;17
kirkstone-100K-fixes-64-bb;98838.7;157.4;0.0;17
kirkstone-100K-fixes-64-bb;200109.6;42.1;7.6;26
kirkstone-100K-fixes-64-bb;8392.2;0.0;0.0;18
kirkstone-100K-fixes-64-bb;300330.1;69.2;5.1;24
kirkstone-100K-fixes-64-bb;6120.2;0.0;0.0;18
kirkstone-100K-fixes-64-bb;392021.9;152.7;0.0;24
kirkstone-100K-fixes-64-bb;28680.9;0.0;0.0;19
kirkstone-100K-fixes-64-bb;224396.5;93.1;0.0;21
kirkstone-100K-fixes-64-bb;98531.4;21.6;0.0;19
kirkstone-100K-fixes-64-bb;417936.9;82.9;0.0;23
kirkstone-100K-fixes-64-bb;29588.1;0.0;0.0;23
kirkstone-100K-fixes-64-bb;112174.0;52.7;0.0;23
kirkstone-100K-fixes-64-bb;99998.3;61.5;16.4;23
kirkstone-100K-fixes-64-bb;333633.6;140.7;28.8;23
kirkstone-100K-fixes-64-bb;80594.0;111.1;0.0;20
kirkstone-100K-fixes-64-bb;132489.1;337.7;0.0;24
kirkstone-100K-fixes-64-bb;85555.2;156.9;0.0;21
kirkstone-100K-fixes-64-bb;118168.1;448.7;0.0;23
kirkstone-100K-fixes-64-bb;96485.5;481.3;0.0;23
kirkstone-100K-fixes-64-bb;157589.0;256.3;0.0;24
kirkstone-100K-fixes-64-bb;99170.2;413.1;13.6;21
kirkstone-100K-fixes-64-bb;747687.8;40.2;0.0;27
kirkstone-100K-fixes-64-bb;57538.9;52.5;0.0;20
kirkstone-100K-fixes-64-bb;157508.1;7.6;0.0;25
kirkstone-100K-fixes-64-bb;53960.6;438.7;0.0;22
kirkstone-100K-fixes-64-bb;131632.6;77.3;0.0;22
kirkstone-100K-fixes-64-bb;96797.6;43.1;0.0;22
kirkstone-100K-fixes-64-bb;134988.7;0.0;0.0;22
kirkstone-100K-fixes-64-bb;99237.9;534.3;51.9;18
kirkstone-100K-fixes-64-bb;104790.7;0.0;0.0;19
kirkstone-100K-fixes-64-bb;94880.8;0.0;0.0;19
kirkstone-100K-fixes-64-bb;107800.8;0.0;0.0;20
kirkstone-100K-fixes-64-bb;98752.5;0.0;0.0;20
kirkstone-100K-fixes-64-bb;129171.9;298.2;0.0;22
kirkstone-100K-fixes-64-bb;69549.2;0.0;0.0;22
kirkstone-100K-fixes-64-bb;173997.3;36.8;0.0;20
kirkstone-100K-fixes-64-bb;96335.4;0.0;0.0;20
kirkstone-100K-fixes-64-bb;123239.8;28.1;0.0;20
kirkstone-100K-fixes-64-bb;87859.1;0.0;0.0;20
kirkstone-100K-fixes-64-bb;121508.9;0.0;0.0;20
kirkstone-100K-fixes-64-bb;62464.2;0.0;0.0;19
kirkstone-100K-fixes-64-bb;108368.3;0.0;0.0;20
kirkstone-100K-fixes-64-bb;99068.9;0.0;0.0;17
kirkstone-100K-fixes-64-bb;133960.0;0.0;0.0;18
kirkstone-100K-fixes-64-bb;73160.3;26.6;0.0;18
kirkstone-100K-fixes-64-bb;135598.1;6.8;0.0;20
kirkstone-100K-fixes-64-bb;64031.7;0.0;0.0;19
kirkstone-100K-fixes-64-bb;120341.0;14.2;0.0;20
kirkstone-100K-fixes-64-bb;97943.3;0.0;0.0;19
kirkstone-100K-fixes-64-bb;103501.0;0.0;0.0;20
kirkstone-100K-fixes-64-bb;99320.5;0.0;0.0;20
kirkstone-100K-fixes-64-bb;117290.5;9.1;0.0;20
kirkstone-100K-fixes-64-bb;24791.2;0.0;0.0;18
kirkstone-100K-fixes-64-bb;116315.2;49.4;0.0;19
kirkstone-100K-fixes-64-bb;21798.5;0.0;0.0;18
kirkstone-100K-fixes-64-bb;100139.8;4.7;0.0;18
kirkstone-100K-fixes-64-bb;99854.2;4.3;0.0;18
kirkstone-100K-fixes-64-bb;113590.0;53.2;0.0;18
kirkstone-100K-fixes-64-bb;52740.9;0.0;0.0;18
kirkstone-100K-fixes-64-bb;102090.9;57.9;0.0;16
kirkstone-100K-fixes-64-bb;31519.0;0.0;0.0;15
kirkstone-100K-fixes-64-bb;100030.5;14.7;0.0;15
kirkstone-100K-fixes-64-bb;97178.8;14.2;0.0;15
kirkstone-100K-fixes-64-bb;150160.1;46.7;0.0;16
kirkstone-100K-fixes-64-bb;2892.4;0.0;0.0;16
kirkstone-100K-fixes-64-bb;200254.4;16.6;0.0;14
kirkstone-100K-fixes-64-bb;99081.2;75.1;6.8;13
kirkstone-100K-fixes-64-bb;125566.3;44.1;18.0;20
kirkstone-100K-fixes-64-bb;83532.5;29.5;0.0;11
kirkstone-100K-fixes-64-bb;170386.7;0.0;0.0;15
kirkstone-100K-fixes-64-bb;87366.2;23.5;0.0;15
kirkstone-100K-fixes-64-bb;191289.1;524.5;0.0;13
kirkstone-100K-fixes-64-bb;44597.7;0.0;0.0;10
kirkstone-100K-fixes-64-bb;601087.6;276.9;48.4;8
kirkstone-100K-fixes-64-bb;13577.6;137.8;0.0;8
kirkstone-100K-fixes-64-bb;503200.6;11.8;0.0;11
kirkstone-100K-fixes-64-bb;86296.3;0.0;0.0;6
kirkstone-100K-fixes-64-bb;171922.9;71.6;0.0;11
kirkstone-100K-fixes-64-bb;92362.6;0.0;0.0;11
kirkstone-100K-fixes-64-bb;101562.7;5.8;0.0;11
kirkstone-100K-fixes-64-bb;98823.6;5.5;0.0;11
kirkstone-100K-fixes-64-bb;662846.2;682.9;0.0;6
kirkstone-100K-fixes-64-bb;24888.5;0.0;0.0;6
kirkstone-100K-fixes-64-bb;225392.6;278.1;126.9;4
kirkstone-100K-fixes-64-bb;4117.0;85.2;0.0;4
kirkstone-100K-fixes-64-bb;219412.7;502.1;443.7;6
kirkstone-100K-fixes-64-bb;83848.6;52.5;472.2;5
kirkstone-100K-fixes-64-bb;124344.7;67.4;30.2;4
kirkstone-100K-fixes-64-bb;99603.5;50.4;0.0;4
kirkstone-100K-fixes-64-bb;185851.4;98.7;25.7;3
kirkstone-100K-fixes-64-bb;2509.8;222.0;0.0;3
kirkstone-100K-fixes-64-bb;150940.4;22.4;0.0;2
kirkstone-100K-fixes-64-bb;31525.5;0.0;0.0;2
kirkstone-100K-fixes-64-bb;145507.8;86.0;0.0;3
kirkstone-100K-fixes-64-bb;9534.6;0.0;0.0;3
kirkstone-100K-fixes-64-bb;135339.4;23.2;0.0;8
kirkstone-100K-fixes-64-bb;87781.3;0.0;0.0;6
kirkstone-100K-fixes-64-bb;103389.5;0.0;0.0;7
kirkstone-100K-fixes-64-bb;87552.7;215.2;0.0;5
kirkstone-100K-fixes-64-bb;111234.9;0.0;0.0;7
kirkstone-100K-fixes-64-bb;95578.4;67.1;0.0;7
kirkstone-100K-fixes-64-bb;103891.8;239.1;3.1;11
kirkstone-100K-fixes-64-bb;99333.9;178.3;6.3;10
kirkstone-100K-fixes-64-bb;102740.8;155.6;5.2;11
kirkstone-100K-fixes-64-bb;98945.3;0.0;0.0;10
kirkstone-100K-fixes-64-bb;101465.6;0.0;0.0;11
kirkstone-100K-fixes-64-bb;81546.5;0.0;0.0;9
kirkstone-100K-fixes-64-bb;132295.1;18.3;0.0;9
kirkstone-100K-fixes-64-bb;99285.2;9.0;0.0;8
kirkstone-100K-fixes-64-bb;232551.1;150.6;0.0;14
kirkstone-100K-fixes-64-bb;31268.6;0.0;0.0;12
kirkstone-100K-fixes-64-bb;111630.4;0.0;0.0;12
kirkstone-100K-fixes-64-bb;47933.2;0.0;0.0;11
kirkstone-100K-fixes-64-bb;121492.3;669.5;0.0;12
kirkstone-100K-fixes-64-bb;97128.1;0.0;0.0;11
kirkstone-100K-fixes-64-bb;135131.0;114.9;0.0;11
kirkstone-100K-fixes-64-bb;68802.1;0.0;0.0;11
kirkstone-100K-fixes-64-bb;132455.6;15.4;0.0;10
kirkstone-100K-fixes-64-bb;69581.7;0.0;0.0;10
kirkstone-100K-fixes-64-bb;120837.6;14.9;0.0;10
kirkstone-100K-fixes-64-bb;79932.1;0.0;0.0;8
kirkstone-100K-fixes-64-bb;133884.7;0.0;0.0;9
kirkstone-100K-fixes-64-bb;45183.5;0.0;0.0;6
kirkstone-100K-fixes-64-bb;119235.5;0.0;0.0;7
kirkstone-100K-fixes-64-bb;68514.8;0.0;0.0;6
kirkstone-100K-fixes-64-bb;117829.5;552.8;0.0;7
kirkstone-100K-fixes-64-bb;99832.5;673.9;0.0;7
kirkstone-100K-fixes-64-bb;113138.9;343.7;0.0;8
kirkstone-100K-fixes-64-bb;68506.4;0.0;0.0;5
kirkstone-100K-fixes-64-bb;116403.6;223.4;0.0;8
kirkstone-100K-fixes-64-bb;99947.1;79.6;0.0;7
kirkstone-100K-fixes-64-bb;187898.9;64.8;0.0;8
kirkstone-100K-fixes-64-bb;95547.2;0.0;0.0;8
kirkstone-100K-fixes-64-bb;447722.3;0.0;0.0;10
kirkstone-100K-fixes-64-bb;99303.8;0.0;0.0;5
kirkstone-100K-fixes-64-bb;248520.9;55.0;0.0;5
kirkstone-100K-fixes-64-bb;97057.2;0.0;0.0;5
kirkstone-100K-fixes-64-bb;113609.5;33.4;0.0;5
kirkstone-100K-fixes-64-bb;97090.8;0.0;0.0;5
kirkstone-100K-fixes-64-bb;101158.4;0.0;0.0;6
kirkstone-100K-fixes-64-bb;99490.4;0.0;0.0;4
kirkstone-100K-fixes-64-bb;313021.0;123.7;0.0;5
kirkstone-100K-fixes-64-bb;12438.2;0.0;0.0;5
kirkstone-100K-fixes-64-bb;116651.0;43.7;0.0;5
kirkstone-100K-fixes-64-bb;62082.0;0.0;0.0;5
kirkstone-100K-fixes-64-bb;100721.5;0.0;0.0;6
kirkstone-100K-fixes-64-bb;97421.7;115.9;0.0;6
kirkstone-100K-fixes-64-bb;240375.2;33.1;0.0;5
kirkstone-100K-fixes-64-bb;2818.6;0.0;0.0;5
kirkstone-100K-fixes-64-bb;206139.7;0.0;0.0;4
kirkstone-100K-fixes-64-bb;81828.8;0.0;0.0;3
kirkstone-100K-fixes-64-bb;131034.7;7.2;0.0;4
kirkstone-100K-fixes-64-bb;88074.8;4.3;0.0;4
kirkstone-100K-fixes-64-bb;291224.1;108.0;0.6;3
kirkstone-100K-fixes-64-bb;86324.6;0.0;0.0;2
kirkstone-100K-fixes-64-bb;126097.2;102.3;0.0;2
kirkstone-100K-fixes-64-bb;67652.4;0.0;0.0;2
kirkstone-100K-fixes-64-bb;573428.9;23.5;0.0;3
kirkstone-100K-fixes-64-bb;2345.5;0.0;0.0;3
kirkstone-100K-fixes-64-bb;326846.1;413.5;5.2;20
kirkstone-100K-fixes-64-bb;12634.6;0.0;0.0;20
kirkstone-100K-fixes-64-bb;100015.9;88.2;0.0;21
kirkstone-100K-fixes-64-bb;95968.9;83.1;0.0;21
kirkstone-100K-fixes-64-bb;124555.6;29.7;0.0;20
kirkstone-100K-fixes-64-bb;84737.6;12541.5;0.0;20
kirkstone-100K-fixes-64-bb;144104.0;2080.3;0.0;20
kirkstone-100K-fixes-64-bb;48963.6;0.0;0.0;16
kirkstone-100K-fixes-64-bb;108054.1;0.0;0.0;16
kirkstone-100K-fixes-64-bb;99876.9;0.0;0.0;16
kirkstone-100K-fixes-64-bb;102529.9;0.0;0.0;19
kirkstone-100K-fixes-64-bb;99529.0;5.0;0.0;19
kirkstone-100K-fixes-64-bb;117297.5;6.4;0.0;21
kirkstone-100K-fixes-64-bb;6016.0;0.0;0.0;18
kirkstone-100K-fixes-64-bb;166733.7;42.4;0.5;14
kirkstone-100K-fixes-64-bb;66519.3;0.0;0.0;12
kirkstone-100K-fixes-64-bb;124865.5;144.8;0.0;14
kirkstone-100K-fixes-64-bb;63615.2;9.5;0.0;12
kirkstone-100K-fixes-64-bb;398218.9;0.0;0.0;13
kirkstone-100K-fixes-64-bb;2815.6;0.0;0.0;11
kirkstone-100K-fixes-64-bb;212690.3;112.6;0.0;14
kirkstone-100K-fixes-64-bb;99937.5;0.0;0.0;7
kirkstone-100K-fixes-64-bb;115895.6;0.0;0.0;8
kirkstone-100K-fixes-64-bb;82816.2;0.0;0.0;6
kirkstone-100K-fixes-64-bb;106752.4;0.0;0.0;8
kirkstone-100K-fixes-64-bb;99249.3;0.0;0.0;6
kirkstone-100K-fixes-64-bb;106301.5;0.0;0.0;7
kirkstone-100K-fixes-64-bb;98349.9;0.0;0.0;7
kirkstone-100K-fixes-64-bb;115138.9;0.0;0.0;8
kirkstone-100K-fixes-64-bb;89491.7;0.0;0.0;6
kirkstone-100K-fixes-64-bb;102745.4;0.0;0.0;7
kirkstone-100K-fixes-64-bb;99420.7;0.0;0.0;7
kirkstone-100K-fixes-64-bb;114618.0;0.0;0.0;8
kirkstone-100K-fixes-64-bb;94872.2;0.0;0.0;7
kirkstone-100K-fixes-64-bb;131959.8;0.0;0.0;8
kirkstone-100K-fixes-64-bb;99323.4;0.0;0.0;7
kirkstone-100K-fixes-64-bb;107451.1;0.0;0.0;8
kirkstone-100K-fixes-64-bb;81740.0;0.0;0.0;6
kirkstone-100K-fixes-64-bb;101925.1;0.0;0.0;8
kirkstone-100K-fixes-64-bb;99238.9;0.0;0.0;7
kirkstone-100K-fixes-64-bb;111836.8;237.3;0.0;8
kirkstone-100K-fixes-64-bb;85262.0;0.0;0.0;6
kirkstone-100K-fixes-64-bb;106002.7;0.0;0.0;8
kirkstone-100K-fixes-64-bb;99982.9;0.0;0.0;7
kirkstone-100K-fixes-64-bb;107753.0;0.0;0.0;8
kirkstone-100K-fixes-64-bb;98815.5;0.0;0.0;6
kirkstone-100K-fixes-64-bb;147006.7;133.6;0.0;8
kirkstone-100K-fixes-64-bb;81839.8;0.0;0.0;6
kirkstone-100K-fixes-64-bb;104133.0;0.0;0.0;8
kirkstone-100K-fixes-64-bb;98160.6;0.0;0.0;4
kirkstone-100K-fixes-64-bb;100049.4;97.4;0.0;12
kirkstone-100K-fixes-64-bb;92089.4;0.0;0.0;11
kirkstone-100K-fixes-64-bb;100663.7;0.0;0.0;10
kirkstone-100K-fixes-64-bb;98656.6;3.5;0.0;8
kirkstone-100K-fixes-64-bb;109120.5;78.0;0.0;8
kirkstone-100K-fixes-64-bb;58238.2;564.4;0.0;8
kirkstone-100K-fixes-64-bb;103731.1;76.5;0.0;7
kirkstone-100K-fixes-64-bb;99754.9;0.0;0.0;7
kirkstone-100K-fixes-64-bb;131765.7;0.0;0.0;8
kirkstone-100K-fixes-64-bb;62114.7;0.0;0.0;7
kirkstone-100K-fixes-64-bb;129841.5;72.9;0.0;8
kirkstone-100K-fixes-64-bb;98210.1;0.0;0.0;6
kirkstone-100K-fixes-64-bb;100317.0;116.6;0.0;7
kirkstone-100K-fixes-64-bb;77667.1;0.0;0.0;7
kirkstone-100K-fixes-64-bb;127795.5;188.4;221.5;3
kirkstone-100K-fixes-64-bb;96051.1;0.0;0.0;3
kirkstone-100K-fixes-64-bb;105206.7;1877.4;0.0;4
kirkstone-100K-fixes-64-bb;98163.1;2057.5;18.3;4
kirkstone-100K-fixes-64-bb;146821.7;288.4;243.3;3
kirkstone-100K-fixes-64-bb;67976.0;0.0;0.0;3
kirkstone-100K-fixes-64-bb;121708.1;190.5;49.4;3
kirkstone-100K-fixes-64-bb;4167.1;0.0;0.0;3
kirkstone-100K-fixes-64-bb;201593.7;300.3;79.8;2
kirkstone-100K-fixes-64-bb;98537.0;18.9;0.0;2
kirkstone-100K-fixes-64-bb;199172.1;153.5;19.4;2
kirkstone-100K-fixes-64-bb;38086.8;0.0;0.0;2
kirkstone-100K-fixes-64-bb;111673.9;203.9;0.0;3
kirkstone-100K-fixes-64-bb;79264.0;862.9;0.0;3
kirkstone-100K-fixes-64-bb;185031.1;4897.8;317.1;3
kirkstone-100K-fixes-64-bb;13733.6;0.0;0.0;3
kirkstone-100K-fixes-64-bb;347089.3;1221.1;118.5;3
kirkstone-100K-fixes-64-bb;96287.5;11.5;9.0;3
kirkstone-100K-fixes-64-bb;148529.7;27635.2;2345.4;3
kirkstone-100K-fixes-64-bb;66508.0;0.0;0.0;3
kirkstone-100K-fixes-64-bb;112060.0;44.7;128.1;3
kirkstone-100K-fixes-64-bb;98585.1;47.7;0.0;3
kirkstone-100K-fixes-64-bb;226192.5;430.7;187.6;2
kirkstone-100K-fixes-64-bb;1539.6;0.0;0.0;2
kirkstone-100K-fixes-64-bb;142962.3;100.6;2.6;4
kirkstone-100K-fixes-64-bb;2063.6;0.0;0.0;4
kirkstone-100K-fixes-64-bb;554489.8;47.8;1.6;2
kirkstone-100K-fixes-64-bb;98402.1;0.0;0.0;2
kirkstone-100K-fixes-64-bb;257836.8;262.2;39.8;3
kirkstone-100K-fixes-64-bb;5209.8;0.0;0.0;3
kirkstone-100K-fixes-64-bb;285410.2;604.5;93.0;2
kirkstone-100K-fixes-64-bb;1331.6;0.0;0.0;2
kirkstone-100K-fixes-64-bb;162760.7;242.0;109.4;2
kirkstone-100K-fixes-64-bb;2738.7;0.0;0.0;2
kirkstone-100K-fixes-64-bb;153063.9;604.7;103.5;1
kirkstone-100K-fixes-64-bb;33006.7;0.0;0.0;1
kirkstone-100K-fixes-64-bb;199851.1;250.1;62.9;1
kirkstone-100K-fixes-64-bb;9326.9;0.0;0.0;1
kirkstone-100K-fixes-64-bb;186456.2;101.1;68.9;7
kirkstone-100K-fixes-64-bb;2592.2;981.9;0.0;7
kirkstone-100K-fixes-64-bb;465786.6;418.3;53.5;7
kirkstone-100K-fixes-64-bb;1723.0;0.0;0.0;7
kirkstone-100K-fixes-64-bb;397555.2;206.5;73.4;5
kirkstone-100K-fixes-64-bb;13839.6;0.0;0.0;5
kirkstone-100K-fixes-64-bb;346734.8;126.4;81.3;5
kirkstone-100K-fixes-64-bb;11021.8;0.0;0.0;5
kirkstone-100K-fixes-64-bb;185114.5;309.1;137.7;5
kirkstone-100K-fixes-64-bb;1714.1;0.0;0.0;5
kirkstone-100K-fixes-64-bb;274928.0;314.7;72.9;4
kirkstone-100K-fixes-64-bb;93407.5;0.0;0.0;4
kirkstone-100K-fixes-64-bb;308205.5;169.8;25.1;3
kirkstone-100K-fixes-64-bb;2834.4;0.0;0.0;3
kirkstone-100K-fixes-64-bb;154554.5;300.3;69.2;4
kirkstone-100K-fixes-64-bb;98639.4;155.1;257.0;4
kirkstone-100K-fixes-64-bb;147385.3;220.4;217.2;4
kirkstone-100K-fixes-64-bb;97493.5;219.9;0.0;3
kirkstone-100K-fixes-64-bb;283762.3;990.4;224.5;4
kirkstone-100K-fixes-64-bb;70752.7;0.0;0.0;4
kirkstone-100K-fixes-64-bb;180886.5;0.0;0.0;5
kirkstone-100K-fixes-64-bb;97674.0;0.0;0.0;4
kirkstone-100K-fixes-64-bb;109145.7;135.6;135.6;5
kirkstone-100K-fixes-64-bb;99374.5;64.9;0.0;5
kirkstone-100K-fixes-64-bb;133915.7;25.9;3.2;3
kirkstone-100K-fixes-64-bb;1618.5;0.0;0.0;3
kirkstone-100K-fixes-64-bb;361193.3;238.9;19.0;2
kirkstone-100K-fixes-64-bb;5738.4;0.0;0.0;2
kirkstone-100K-fixes-64-bb;102309.8;469.8;41.1;1
kirkstone-100K-fixes-64-bb;14010.1;0.0;0.0;1
kirkstone-100K-fixes-64-bb;160880.2;44.1;0.0;3
kirkstone-100K-fixes-64-bb;49845.7;39.1;0.0;3
kirkstone-100K-fixes-64-bb;100864.2;81.6;82.5;3
kirkstone-100K-fixes-64-bb;41773.8;0.0;0.0;3
kirkstone-100K-fixes-64-bb;260258.4;534.8;68.0;3
kirkstone-100K-fixes-64-bb;5726.8;0.0;0.0;3
kirkstone-100K-fixes-64-bb;325044.1;973.3;92.0;3
kirkstone-100K-fixes-64-bb;3399.1;0.0;0.0;3
kirkstone-100K-fixes-64-bb;153214.8;196.0;7.1;2
kirkstone-100K-fixes-64-bb;3177.9;0.0;0.0;2
kirkstone-100K-fixes-64-bb;155656.3;5175.1;291.0;2
kirkstone-100K-fixes-64-bb;1319.4;0.0;0.0;2
kirkstone-100K-fixes-64-bb;174760.1;229.1;29.6;2
kirkstone-100K-fixes-64-bb;1129.0;0.0;0.0;2
kirkstone-100K-fixes-64-bb;281070.9;232.3;31.8;1
kirkstone-100K-fixes-64-bb;10371.2;45.6;0.0;1
