kirkstone-100K-fixes-8-bb;101140.9;5.6;0.0;7
kirkstone-100K-fixes-8-bb;89311.3;0.0;0.0;5
kirkstone-100K-fixes-8-bb;100917.9;2.5;0.0;7
kirkstone-100K-fixes-8-bb;85147.9;0.0;0.0;5
kirkstone-100K-fixes-8-bb;100418.2;85.5;0.0;7
kirkstone-100K-fixes-8-bb;97286.6;82.5;0.0;7
kirkstone-100K-fixes-8-bb;100278.3;295.4;5.8;7
kirkstone-100K-fixes-8-bb;36692.3;0.0;0.0;7
kirkstone-100K-fixes-8-bb;116195.7;0.0;0.0;7
kirkstone-100K-fixes-8-bb;98896.3;2.0;0.0;7
kirkstone-100K-fixes-8-bb;231086.8;0.0;0.0;7
kirkstone-100K-fixes-8-bb;95182.6;0.0;0.0;5
kirkstone-100K-fixes-8-bb;219392.6;58.9;0.0;7
kirkstone-100K-fixes-8-bb;95807.7;1.0;0.0;5
kirkstone-100K-fixes-8-bb;140415.0;0.0;0.0;7
kirkstone-100K-fixes-8-bb;96364.7;0.0;0.0;6
kirkstone-100K-fixes-8-bb;110644.5;0.0;0.0;7
kirkstone-100K-fixes-8-bb;99495.1;0.0;0.0;6
kirkstone-100K-fixes-8-bb;106557.4;0.0;0.0;7
kirkstone-100K-fixes-8-bb;62631.7;0.0;0.0;4
kirkstone-100K-fixes-8-bb;135339.1;0.9;0.0;7
kirkstone-100K-fixes-8-bb;99997.9;0.0;0.0;4
kirkstone-100K-fixes-8-bb;100006.3;0.0;0.0;7
kirkstone-100K-fixes-8-bb;98255.4;0.0;0.0;7
kirkstone-100K-fixes-8-bb;142187.4;6172.8;0.0;7
kirkstone-100K-fixes-8-bb;80193.5;0.0;0.0;5
kirkstone-100K-fixes-8-bb;220370.6;236.7;0.0;7
kirkstone-100K-fixes-8-bb;89845.6;0.0;0.0;6
kirkstone-100K-fixes-8-bb;105873.3;153.5;1.4;7
kirkstone-100K-fixes-8-bb;98295.9;0.0;0.0;6
kirkstone-100K-fixes-8-bb;781947.3;26.7;0.0;7
kirkstone-100K-fixes-8-bb;95820.7;0.0;0.0;7
kirkstone-100K-fixes-8-bb;145840.3;0.0;0.0;7
kirkstone-100K-fixes-8-bb;95826.6;178.3;0.0;4
kirkstone-100K-fixes-8-bb;503597.9;1.0;0.0;7
kirkstone-100K-fixes-8-bb;43192.8;0.0;0.0;6
kirkstone-100K-fixes-8-bb;138631.2;0.0;0.0;7
kirkstone-100K-fixes-8-bb;84827.9;0.0;0.0;5
kirkstone-100K-fixes-8-bb;112818.2;0.0;0.0;7
kirkstone-100K-fixes-8-bb;82184.2;0.0;0.0;6
kirkstone-100K-fixes-8-bb;105592.0;0.0;0.0;7
kirkstone-100K-fixes-8-bb;99755.8;0.0;0.0;6
kirkstone-100K-fixes-8-bb;104413.7;0.0;0.0;7
kirkstone-100K-fixes-8-bb;77147.5;2074.5;0.0;6
kirkstone-100K-fixes-8-bb;101726.7;1630.8;0.0;7
kirkstone-100K-fixes-8-bb;96275.2;0.0;0.0;6
kirkstone-100K-fixes-8-bb;125615.6;1.7;0.0;7
kirkstone-100K-fixes-8-bb;93184.6;0.0;0.0;7
kirkstone-100K-fixes-8-bb;128056.2;4.1;0.0;7
kirkstone-100K-fixes-8-bb;99139.7;0.0;0.0;6
kirkstone-100K-fixes-8-bb;116531.6;0.0;0.0;7
kirkstone-100K-fixes-8-bb;96599.4;0.0;0.0;6
kirkstone-100K-fixes-8-bb;114574.8;0.0;0.0;7
kirkstone-100K-fixes-8-bb;95699.4;0.0;0.0;5
kirkstone-100K-fixes-8-bb;122384.4;0.0;0.0;7
kirkstone-100K-fixes-8-bb;88581.9;0.0;0.0;5
kirkstone-100K-fixes-8-bb;124497.3;0.0;0.0;7
kirkstone-100K-fixes-8-bb;98186.8;0.0;0.0;6
kirkstone-100K-fixes-8-bb;104019.7;0.0;0.0;7
kirkstone-100K-fixes-8-bb;94134.6;0.0;0.0;6
kirkstone-100K-fixes-8-bb;211936.1;47.5;33.6;7
kirkstone-100K-fixes-8-bb;99565.7;0.0;0.0;6
kirkstone-100K-fixes-8-bb;115609.1;0.0;0.0;7
kirkstone-100K-fixes-8-bb;99356.0;0.0;0.0;6
kirkstone-100K-fixes-8-bb;100151.4;0.0;0.0;7
kirkstone-100K-fixes-8-bb;96898.3;0.0;0.0;5
kirkstone-100K-fixes-8-bb;101511.3;0.0;0.0;7
kirkstone-100K-fixes-8-bb;91642.9;0.0;0.0;6
kirkstone-100K-fixes-8-bb;127455.2;0.0;0.0;7
kirkstone-100K-fixes-8-bb;99995.4;0.0;0.0;6
kirkstone-100K-fixes-8-bb;101897.9;0.0;0.0;7
kirkstone-100K-fixes-8-bb;88169.1;0.0;0.0;6
kirkstone-100K-fixes-8-bb;127563.8;0.0;0.0;7
kirkstone-100K-fixes-8-bb;95023.2;0.0;0.0;6
kirkstone-100K-fixes-8-bb;131798.9;0.0;0.0;7
kirkstone-100K-fixes-8-bb;97481.1;0.0;0.0;6
kirkstone-100K-fixes-8-bb;105410.9;0.0;0.0;7
kirkstone-100K-fixes-8-bb;96119.9;0.0;0.0;6
kirkstone-100K-fixes-8-bb;114671.6;0.0;0.0;7
kirkstone-100K-fixes-8-bb;94635.4;0.0;0.0;6
kirkstone-100K-fixes-8-bb;121492.3;0.0;0.0;7
kirkstone-100K-fixes-8-bb;99811.2;0.0;0.0;6
kirkstone-100K-fixes-8-bb;100417.6;0.0;0.0;7
kirkstone-100K-fixes-8-bb;93781.7;0.0;0.0;7
kirkstone-100K-fixes-8-bb;117717.8;0.0;0.0;7
kirkstone-100K-fixes-8-bb;98718.5;0.0;0.0;6
kirkstone-100K-fixes-8-bb;108130.7;0.0;0.0;7
kirkstone-100K-fixes-8-bb;99870.6;0.0;0.0;6
kirkstone-100K-fixes-8-bb;104247.0;0.0;0.0;7
kirkstone-100K-fixes-8-bb;96407.6;0.0;0.0;6
kirkstone-100K-fixes-8-bb;114742.1;0.0;0.0;7
kirkstone-100K-fixes-8-bb;87271.3;0.0;0.0;6
kirkstone-100K-fixes-8-bb;100914.5;0.0;0.0;7
kirkstone-100K-fixes-8-bb;99646.8;0.0;0.0;6
kirkstone-100K-fixes-8-bb;101822.8;0.0;0.0;7
kirkstone-100K-fixes-8-bb;87502.2;0.0;0.0;6
kirkstone-100K-fixes-8-bb;102159.1;0.0;0.0;7
kirkstone-100K-fixes-8-bb;95513.4;0.0;0.0;6
kirkstone-100K-fixes-8-bb;101701.3;0.0;0.0;7
kirkstone-100K-fixes-8-bb;98517.5;0.0;0.0;6
kirkstone-100K-fixes-8-bb;111159.1;0.0;0.0;7
kirkstone-100K-fixes-8-bb;90668.2;0.0;0.0;7
kirkstone-100K-fixes-8-bb;122525.6;0.0;0.0;7
kirkstone-100K-fixes-8-bb;96834.8;0.0;0.0;6
kirkstone-100K-fixes-8-bb;122086.3;0.0;0.0;7
kirkstone-100K-fixes-8-bb;96308.0;0.0;0.0;7
kirkstone-100K-fixes-8-bb;140234.5;0.0;0.0;7
kirkstone-100K-fixes-8-bb;98111.2;0.0;0.0;6
kirkstone-100K-fixes-8-bb;107043.6;0.0;0.0;7
kirkstone-100K-fixes-8-bb;98826.5;0.0;0.0;6
kirkstone-100K-fixes-8-bb;103104.8;0.0;0.0;7
kirkstone-100K-fixes-8-bb;92246.7;0.0;0.0;6
kirkstone-100K-fixes-8-bb;105109.2;0.0;0.0;7
kirkstone-100K-fixes-8-bb;97880.1;1.1;0.0;7
kirkstone-100K-fixes-8-bb;114204.7;2.3;0.0;7
kirkstone-100K-fixes-8-bb;98136.6;3.6;0.0;7
kirkstone-100K-fixes-8-bb;149768.6;0.4;0.0;7
kirkstone-100K-fixes-8-bb;94864.8;1.5;0.0;7
kirkstone-100K-fixes-8-bb;108811.0;1.7;0.0;7
kirkstone-100K-fixes-8-bb;92967.3;0.0;0.0;5
kirkstone-100K-fixes-8-bb;102837.2;1.9;0.0;7
kirkstone-100K-fixes-8-bb;34286.1;0.0;0.0;5
kirkstone-100K-fixes-8-bb;112807.9;0.0;0.0;7
kirkstone-100K-fixes-8-bb;98375.9;0.0;0.0;7
kirkstone-100K-fixes-8-bb;180815.6;125.3;835.6;7
kirkstone-100K-fixes-8-bb;98038.3;0.0;0.0;5
kirkstone-100K-fixes-8-bb;121307.2;0.0;0.0;7
kirkstone-100K-fixes-8-bb;2391.3;0.0;0.0;4
kirkstone-100K-fixes-8-bb;112621.6;1.2;0.0;7
kirkstone-100K-fixes-8-bb;62020.6;0.0;0.0;7
kirkstone-100K-fixes-8-bb;213983.1;18.0;0.0;7
kirkstone-100K-fixes-8-bb;3663.0;0.0;0.0;6
kirkstone-100K-fixes-8-bb;218681.0;3.6;0.0;7
kirkstone-100K-fixes-8-bb;93981.5;0.0;0.0;7
kirkstone-100K-fixes-8-bb;299389.1;149.8;297.5;7
kirkstone-100K-fixes-8-bb;70072.4;0.0;0.0;6
kirkstone-100K-fixes-8-bb;126456.4;37.0;30.9;7
kirkstone-100K-fixes-8-bb;97168.6;38.4;0.0;4
kirkstone-100K-fixes-8-bb;188133.7;0.9;0.0;7
kirkstone-100K-fixes-8-bb;5717.0;0.0;0.0;7
kirkstone-100K-fixes-8-bb;168145.6;2.3;0.0;7
kirkstone-100K-fixes-8-bb;94470.4;0.0;0.0;6
kirkstone-100K-fixes-8-bb;118493.7;30.9;0.0;7
kirkstone-100K-fixes-8-bb;6169.4;0.0;0.0;6
kirkstone-100K-fixes-8-bb;106929.9;120.3;0.7;7
kirkstone-100K-fixes-8-bb;6860.6;0.0;0.0;7
kirkstone-100K-fixes-8-bb;127860.3;0.0;0.0;7
kirkstone-100K-fixes-8-bb;35271.0;0.0;0.0;7
kirkstone-100K-fixes-8-bb;100815.6;0.0;0.0;7
kirkstone-100K-fixes-8-bb;94917.9;0.0;0.0;6
kirkstone-100K-fixes-8-bb;141995.0;39.2;0.0;7
kirkstone-100K-fixes-8-bb;15676.5;0.0;0.0;7
kirkstone-100K-fixes-8-bb;278762.2;14.4;0.0;7
kirkstone-100K-fixes-8-bb;2793.0;9.8;0.0;6
kirkstone-100K-fixes-8-bb;480860.5;5.4;0.0;7
kirkstone-100K-fixes-8-bb;98771.6;0.0;0.0;7
kirkstone-100K-fixes-8-bb;111883.0;2.0;0.0;7
kirkstone-100K-fixes-8-bb;9284.1;13.0;0.0;7
kirkstone-100K-fixes-8-bb;126065.6;1.3;0.0;7
kirkstone-100K-fixes-8-bb;59976.7;0.0;0.0;6
kirkstone-100K-fixes-8-bb;116436.7;1.8;0.0;7
kirkstone-100K-fixes-8-bb;92537.2;23.0;1.0;4
kirkstone-100K-fixes-8-bb;296267.7;1.6;0.5;7
kirkstone-100K-fixes-8-bb;99598.2;0.0;0.0;4
kirkstone-100K-fixes-8-bb;100983.1;0.0;0.0;5
kirkstone-100K-fixes-8-bb;99592.5;0.0;0.0;4
kirkstone-100K-fixes-8-bb;101619.8;1.3;0.0;6
kirkstone-100K-fixes-8-bb;95615.5;0.0;0.0;4
kirkstone-100K-fixes-8-bb;103713.3;0.0;0.0;6
kirkstone-100K-fixes-8-bb;96652.9;0.0;0.0;3
kirkstone-100K-fixes-8-bb;111136.4;0.0;0.0;7
kirkstone-100K-fixes-8-bb;95048.6;1.8;0.0;3
kirkstone-100K-fixes-8-bb;121714.1;1.6;0.0;7
kirkstone-100K-fixes-8-bb;87189.5;0.0;0.0;7
kirkstone-100K-fixes-8-bb;132305.9;12.8;0.0;7
kirkstone-100K-fixes-8-bb;8930.9;0.0;0.0;7
kirkstone-100K-fixes-8-bb;166527.8;6.1;0.0;7
kirkstone-100K-fixes-8-bb;6058.4;0.0;0.0;7
kirkstone-100K-fixes-8-bb;166343.0;0.0;0.0;7
kirkstone-100K-fixes-8-bb;6087.7;0.0;0.0;5
kirkstone-100K-fixes-8-bb;126715.7;0.0;0.0;7
kirkstone-100K-fixes-8-bb;93892.0;0.0;0.0;4
kirkstone-100K-fixes-8-bb;141025.9;0.0;0.0;5
kirkstone-100K-fixes-8-bb;97082.2;0.0;0.0;5
kirkstone-100K-fixes-8-bb;102091.5;0.0;0.0;5
kirkstone-100K-fixes-8-bb;92954.4;0.0;0.0;5
kirkstone-100K-fixes-8-bb;100496.6;0.0;0.0;6
kirkstone-100K-fixes-8-bb;98522.8;0.0;0.0;6
kirkstone-100K-fixes-8-bb;102129.2;0.0;0.0;7
kirkstone-100K-fixes-8-bb;99795.9;0.0;0.0;7
kirkstone-100K-fixes-8-bb;122118.9;0.0;0.0;7
kirkstone-100K-fixes-8-bb;99772.0;0.0;0.0;4
kirkstone-100K-fixes-8-bb;108247.2;0.0;0.0;7
kirkstone-100K-fixes-8-bb;98029.0;0.0;0.0;3
kirkstone-100K-fixes-8-bb;115477.6;0.0;0.0;7
kirkstone-100K-fixes-8-bb;99137.8;0.0;0.0;5
kirkstone-100K-fixes-8-bb;109350.9;0.0;0.0;6
kirkstone-100K-fixes-8-bb;84692.6;0.0;0.0;6
kirkstone-100K-fixes-8-bb;112621.7;0.0;0.0;7
kirkstone-100K-fixes-8-bb;59778.1;0.0;0.0;3
kirkstone-100K-fixes-8-bb;116765.6;0.4;0.0;7
kirkstone-100K-fixes-8-bb;1943.0;0.0;0.0;7
kirkstone-100K-fixes-8-bb;146802.6;100.3;0.0;7
kirkstone-100K-fixes-8-bb;96177.0;0.0;0.0;7
kirkstone-100K-fixes-8-bb;104279.7;5.5;0.0;7
kirkstone-100K-fixes-8-bb;99870.4;0.0;0.0;4
kirkstone-100K-fixes-8-bb;114357.6;3.1;0.0;7
kirkstone-100K-fixes-8-bb;90409.0;35.1;0.0;7
kirkstone-100K-fixes-8-bb;307249.7;0.0;0.0;7
kirkstone-100K-fixes-8-bb;99194.4;0.0;0.0;3
kirkstone-100K-fixes-8-bb;100184.1;0.0;0.0;5
kirkstone-100K-fixes-8-bb;99544.4;0.0;0.0;5
kirkstone-100K-fixes-8-bb;100472.3;0.0;0.0;6
kirkstone-100K-fixes-8-bb;94453.3;0.0;0.0;6
kirkstone-100K-fixes-8-bb;115773.3;0.0;0.0;7
kirkstone-100K-fixes-8-bb;99821.6;0.9;0.0;5
kirkstone-100K-fixes-8-bb;101875.2;0.0;0.0;6
kirkstone-100K-fixes-8-bb;98995.9;0.0;0.0;6
kirkstone-100K-fixes-8-bb;101253.6;117.1;0.0;7
kirkstone-100K-fixes-8-bb;93574.2;0.0;0.0;6
kirkstone-100K-fixes-8-bb;152861.7;0.0;0.0;7
kirkstone-100K-fixes-8-bb;91158.9;0.0;0.0;6
kirkstone-100K-fixes-8-bb;398816.2;1.5;0.0;7
kirkstone-100K-fixes-8-bb;3741.7;0.0;0.0;6
kirkstone-100K-fixes-8-bb;132644.2;0.6;0.0;7
kirkstone-100K-fixes-8-bb;99803.3;0.0;0.0;6
kirkstone-100K-fixes-8-bb;142315.8;0.0;0.0;7
kirkstone-100K-fixes-8-bb;99199.0;0.0;0.0;7
kirkstone-100K-fixes-8-bb;170585.7;0.0;0.0;7
kirkstone-100K-fixes-8-bb;98363.6;0.0;0.0;4
kirkstone-100K-fixes-8-bb;133228.2;0.0;0.0;7
kirkstone-100K-fixes-8-bb;96604.3;0.0;0.0;7
kirkstone-100K-fixes-8-bb;160140.4;51.1;0.0;7
kirkstone-100K-fixes-8-bb;96992.6;0.0;0.0;7
kirkstone-100K-fixes-8-bb;347664.5;11.4;0.0;7
kirkstone-100K-fixes-8-bb;96114.6;9.6;0.0;6
kirkstone-100K-fixes-8-bb;292728.8;0.9;0.0;7
kirkstone-100K-fixes-8-bb;75830.2;0.0;0.0;5
kirkstone-100K-fixes-8-bb;105524.2;0.0;0.0;7
kirkstone-100K-fixes-8-bb;48838.1;629.5;0.0;6
kirkstone-100K-fixes-8-bb;165933.1;0.0;0.0;7
kirkstone-100K-fixes-8-bb;12234.7;0.0;0.0;7
kirkstone-100K-fixes-8-bb;232941.6;1.2;0.0;7
kirkstone-100K-fixes-8-bb;98726.5;0.0;0.0;4
kirkstone-100K-fixes-8-bb;101161.9;0.0;0.0;6
kirkstone-100K-fixes-8-bb;7628.1;0.0;0.0;3
kirkstone-100K-fixes-8-bb;148225.8;0.0;0.0;7
kirkstone-100K-fixes-8-bb;68737.9;0.0;0.0;6
kirkstone-100K-fixes-8-bb;126203.5;2.3;0.0;7
kirkstone-100K-fixes-8-bb;78195.7;0.0;0.0;7
kirkstone-100K-fixes-8-bb;144693.8;2.6;0.0;7
kirkstone-100K-fixes-8-bb;34683.4;0.0;0.0;6
kirkstone-100K-fixes-8-bb;102985.5;0.7;0.0;7
kirkstone-100K-fixes-8-bb;36186.3;0.0;0.0;7
kirkstone-100K-fixes-8-bb;145487.4;0.0;0.0;7
kirkstone-100K-fixes-8-bb;97185.6;0.0;0.0;5
kirkstone-100K-fixes-8-bb;113298.0;0.0;0.0;6
kirkstone-100K-fixes-8-bb;91234.6;0.0;0.0;6
kirkstone-100K-fixes-8-bb;106400.4;0.7;0.0;7
kirkstone-100K-fixes-8-bb;84718.4;0.0;0.0;5
kirkstone-100K-fixes-8-bb;186385.1;0.0;0.0;6
kirkstone-100K-fixes-8-bb;89966.3;0.0;0.0;4
kirkstone-100K-fixes-8-bb;147675.4;37.2;0.0;7
kirkstone-100K-fixes-8-bb;37906.6;0.0;0.0;7
kirkstone-100K-fixes-8-bb;112994.2;0.5;0.0;7
kirkstone-100K-fixes-8-bb;97446.3;8.9;0.0;6
kirkstone-100K-fixes-8-bb;141003.6;3.2;0.0;7
kirkstone-100K-fixes-8-bb;94443.9;160.9;0.0;7
kirkstone-100K-fixes-8-bb;124716.4;37.3;0.0;7
kirkstone-100K-fixes-8-bb;92950.1;0.0;0.0;7
kirkstone-100K-fixes-8-bb;130183.5;0.0;0.0;7
kirkstone-100K-fixes-8-bb;91526.9;0.0;0.0;6
kirkstone-100K-fixes-8-bb;110507.7;0.0;0.0;7
kirkstone-100K-fixes-8-bb;89186.0;0.0;0.0;5
kirkstone-100K-fixes-8-bb;103127.6;0.0;0.0;7
kirkstone-100K-fixes-8-bb;97173.0;0.0;0.0;5
kirkstone-100K-fixes-8-bb;110145.7;0.0;0.0;6
kirkstone-100K-fixes-8-bb;89373.0;0.0;0.0;6
kirkstone-100K-fixes-8-bb;151142.6;0.0;0.0;7
kirkstone-100K-fixes-8-bb;96063.4;7.0;0.0;6
kirkstone-100K-fixes-8-bb;100197.2;0.0;0.0;7
kirkstone-100K-fixes-8-bb;99319.9;0.0;0.0;6
kirkstone-100K-fixes-8-bb;129060.2;0.0;0.0;7
kirkstone-100K-fixes-8-bb;91634.3;0.0;0.0;7
kirkstone-100K-fixes-8-bb;159128.5;0.0;0.0;7
kirkstone-100K-fixes-8-bb;62055.4;0.0;0.0;5
kirkstone-100K-fixes-8-bb;139724.7;2.4;0.0;7
kirkstone-100K-fixes-8-bb;93015.6;0.9;0.0;5
kirkstone-100K-fixes-8-bb;168623.1;14.9;0.0;7
kirkstone-100K-fixes-8-bb;97819.6;0.0;0.0;6
kirkstone-100K-fixes-8-bb;130103.6;53.8;0.0;7
kirkstone-100K-fixes-8-bb;2455.5;0.0;0.0;6
kirkstone-100K-fixes-8-bb;305178.4;26.6;0.0;7
kirkstone-100K-fixes-8-bb;99161.4;1.2;0.0;6
kirkstone-100K-fixes-8-bb;136551.0;0.0;0.0;7
kirkstone-100K-fixes-8-bb;90600.3;0.0;0.0;5
kirkstone-100K-fixes-8-bb;112810.3;0.0;0.0;6
kirkstone-100K-fixes-8-bb;99922.5;0.0;0.0;6
kirkstone-100K-fixes-8-bb;120887.0;2.6;1.3;7
kirkstone-100K-fixes-8-bb;12038.4;0.0;0.0;7
kirkstone-100K-fixes-8-bb;154947.8;1.1;0.0;7
kirkstone-100K-fixes-8-bb;49631.3;0.0;0.0;7
kirkstone-100K-fixes-8-bb;355964.0;0.0;0.0;7
kirkstone-100K-fixes-8-bb;98165.7;43.0;0.0;5
kirkstone-100K-fixes-8-bb;125233.2;0.1;0.0;7
kirkstone-100K-fixes-8-bb;99185.8;0.0;0.0;5
kirkstone-100K-fixes-8-bb;112775.7;0.0;0.0;6
kirkstone-100K-fixes-8-bb;99925.1;0.0;0.0;5
kirkstone-100K-fixes-8-bb;108330.8;0.0;0.0;6
kirkstone-100K-fixes-8-bb;99317.6;0.0;0.0;5
kirkstone-100K-fixes-8-bb;107525.1;27.0;0.0;6
kirkstone-100K-fixes-8-bb;56797.7;21.0;0.0;6
kirkstone-100K-fixes-8-bb;230637.1;1.0;0.0;7
kirkstone-100K-fixes-8-bb;99885.9;0.0;0.0;7
kirkstone-100K-fixes-8-bb;148617.0;0.0;0.0;7
kirkstone-100K-fixes-8-bb;77094.0;0.0;0.0;7
kirkstone-100K-fixes-8-bb;215537.4;0.0;0.0;7
kirkstone-100K-fixes-8-bb;1214.0;0.0;0.0;6
kirkstone-100K-fixes-8-bb;248132.5;0.0;0.0;7
kirkstone-100K-fixes-8-bb;98977.3;2.1;0.0;5
kirkstone-100K-fixes-8-bb;278880.5;0.8;0.0;7
kirkstone-100K-fixes-8-bb;95090.2;0.0;0.0;4
kirkstone-100K-fixes-8-bb;106499.3;0.0;0.0;6
kirkstone-100K-fixes-8-bb;97453.1;0.0;0.0;5
kirkstone-100K-fixes-8-bb;131870.8;0.0;0.0;7
kirkstone-100K-fixes-8-bb;99148.8;0.0;0.0;5
kirkstone-100K-fixes-8-bb;104305.9;0.0;0.0;6
kirkstone-100K-fixes-8-bb;98817.7;0.0;0.0;5
kirkstone-100K-fixes-8-bb;115075.2;0.0;0.0;6
kirkstone-100K-fixes-8-bb;90484.6;0.0;0.0;5
kirkstone-100K-fixes-8-bb;109855.2;0.0;0.0;6
kirkstone-100K-fixes-8-bb;99876.1;4.3;0.0;6
kirkstone-100K-fixes-8-bb;141687.3;8.6;0.0;7
kirkstone-100K-fixes-8-bb;90471.0;0.0;0.0;6
kirkstone-100K-fixes-8-bb;106108.4;0.0;0.0;7
kirkstone-100K-fixes-8-bb;99928.4;0.0;0.0;7
kirkstone-100K-fixes-8-bb;124475.6;0.0;0.0;7
kirkstone-100K-fixes-8-bb;97915.3;0.0;0.0;6
kirkstone-100K-fixes-8-bb;111132.1;0.0;0.0;7
kirkstone-100K-fixes-8-bb;96964.1;0.0;0.0;6
kirkstone-100K-fixes-8-bb;113916.9;0.0;0.0;7
kirkstone-100K-fixes-8-bb;93901.9;0.0;0.0;6
kirkstone-100K-fixes-8-bb;107754.9;0.0;0.0;7
kirkstone-100K-fixes-8-bb;85062.1;0.0;0.0;5
kirkstone-100K-fixes-8-bb;103322.2;0.0;0.0;7
kirkstone-100K-fixes-8-bb;89618.4;0.0;0.0;5
kirkstone-100K-fixes-8-bb;147504.1;0.0;0.0;6
kirkstone-100K-fixes-8-bb;99836.3;0.0;0.0;5
kirkstone-100K-fixes-8-bb;104593.3;0.0;0.0;6
kirkstone-100K-fixes-8-bb;98514.2;0.0;0.0;5
kirkstone-100K-fixes-8-bb;106039.7;0.0;0.0;6
kirkstone-100K-fixes-8-bb;92535.1;0.0;0.0;5
kirkstone-100K-fixes-8-bb;112600.5;0.0;0.0;6
kirkstone-100K-fixes-8-bb;99767.7;0.0;0.0;5
kirkstone-100K-fixes-8-bb;100055.1;0.0;0.0;6
kirkstone-100K-fixes-8-bb;93540.5;0.0;0.0;5
kirkstone-100K-fixes-8-bb;106502.0;0.0;0.0;6
kirkstone-100K-fixes-8-bb;97294.9;0.0;0.0;6
kirkstone-100K-fixes-8-bb;123395.9;0.0;0.0;7
kirkstone-100K-fixes-8-bb;92992.5;0.0;0.0;5
kirkstone-100K-fixes-8-bb;121247.0;0.0;0.0;7
kirkstone-100K-fixes-8-bb;98516.2;0.0;0.0;3
kirkstone-100K-fixes-8-bb;113601.6;0.0;0.0;7
kirkstone-100K-fixes-8-bb;94317.8;0.0;0.0;6
kirkstone-100K-fixes-8-bb;143386.4;0.0;0.0;7
kirkstone-100K-fixes-8-bb;86913.1;0.0;0.0;5
kirkstone-100K-fixes-8-bb;108238.9;0.0;0.0;7
kirkstone-100K-fixes-8-bb;87259.9;0.0;0.0;5
kirkstone-100K-fixes-8-bb;111577.1;0.0;0.0;6
kirkstone-100K-fixes-8-bb;99719.2;0.0;0.0;6
kirkstone-100K-fixes-8-bb;102507.2;0.0;0.0;7
kirkstone-100K-fixes-8-bb;90379.7;21.5;0.0;6
kirkstone-100K-fixes-8-bb;107631.5;36.3;0.0;7
kirkstone-100K-fixes-8-bb;81754.3;0.0;0.0;6
kirkstone-100K-fixes-8-bb;108961.7;0.0;0.0;7
kirkstone-100K-fixes-8-bb;96817.0;0.0;0.0;6
kirkstone-100K-fixes-8-bb;100370.7;0.0;0.0;7
kirkstone-100K-fixes-8-bb;89475.6;0.0;0.0;6
kirkstone-100K-fixes-8-bb;109130.0;0.0;0.0;7
kirkstone-100K-fixes-8-bb;98937.2;0.0;0.0;6
kirkstone-100K-fixes-8-bb;102320.3;0.0;0.0;7
kirkstone-100K-fixes-8-bb;99651.6;0.0;0.0;6
kirkstone-100K-fixes-8-bb;101707.7;0.0;0.0;7
kirkstone-100K-fixes-8-bb;87824.4;0.0;0.0;6
kirkstone-100K-fixes-8-bb;120203.2;0.0;0.0;7
kirkstone-100K-fixes-8-bb;99938.9;0.0;0.0;7
kirkstone-100K-fixes-8-bb;124094.0;0.0;0.0;7
kirkstone-100K-fixes-8-bb;94910.6;0.0;0.0;6
kirkstone-100K-fixes-8-bb;106273.8;0.0;0.0;7
kirkstone-100K-fixes-8-bb;99526.6;0.0;0.0;6
kirkstone-100K-fixes-8-bb;110762.0;0.0;0.0;7
kirkstone-100K-fixes-8-bb;99226.6;0.0;0.0;7
kirkstone-100K-fixes-8-bb;131721.4;72.4;0.0;7
kirkstone-100K-fixes-8-bb;96881.0;0.0;0.0;7
kirkstone-100K-fixes-8-bb;127138.0;0.0;0.0;7
kirkstone-100K-fixes-8-bb;99433.0;0.0;0.0;6
kirkstone-100K-fixes-8-bb;123086.3;0.0;0.0;7
kirkstone-100K-fixes-8-bb;99582.6;0.0;0.0;7
kirkstone-100K-fixes-8-bb;132943.4;0.0;0.0;7
kirkstone-100K-fixes-8-bb;91541.3;0.0;0.0;6
kirkstone-100K-fixes-8-bb;130778.0;0.0;0.0;7
kirkstone-100K-fixes-8-bb;89457.2;0.0;0.0;6
kirkstone-100K-fixes-8-bb;108705.8;0.0;0.0;7
kirkstone-100K-fixes-8-bb;99693.3;0.0;0.0;6
kirkstone-100K-fixes-8-bb;116584.4;0.0;0.0;7
kirkstone-100K-fixes-8-bb;91085.6;0.0;0.0;6
kirkstone-100K-fixes-8-bb;101337.7;0.0;0.0;7
kirkstone-100K-fixes-8-bb;92416.5;891.2;0.0;6
kirkstone-100K-fixes-8-bb;107628.0;512.7;0.0;7
kirkstone-100K-fixes-8-bb;87897.2;0.0;0.0;6
kirkstone-100K-fixes-8-bb;121550.8;75.9;0.0;7
kirkstone-100K-fixes-8-bb;87420.9;0.0;0.0;6
kirkstone-100K-fixes-8-bb;119018.4;0.0;0.0;7
kirkstone-100K-fixes-8-bb;98990.4;0.0;0.0;6
kirkstone-100K-fixes-8-bb;115974.3;0.0;0.0;7
kirkstone-100K-fixes-8-bb;98012.6;0.0;0.0;6
kirkstone-100K-fixes-8-bb;124743.3;0.0;0.0;7
kirkstone-100K-fixes-8-bb;98843.8;0.0;0.0;6
kirkstone-100K-fixes-8-bb;122696.2;0.0;0.0;7
kirkstone-100K-fixes-8-bb;97228.4;0.0;0.0;6
kirkstone-100K-fixes-8-bb;125285.5;66.4;0.0;7
kirkstone-100K-fixes-8-bb;91902.8;0.0;0.0;6
kirkstone-100K-fixes-8-bb;107588.5;0.0;0.0;7
kirkstone-100K-fixes-8-bb;94334.6;0.0;0.0;6
kirkstone-100K-fixes-8-bb;138341.6;0.0;0.0;7
kirkstone-100K-fixes-8-bb;96053.4;0.0;0.0;6
kirkstone-100K-fixes-8-bb;112380.9;0.0;0.0;7
kirkstone-100K-fixes-8-bb;88996.7;0.0;0.0;5
kirkstone-100K-fixes-8-bb;103329.1;0.0;0.0;6
kirkstone-100K-fixes-8-bb;99927.3;0.0;0.0;6
kirkstone-100K-fixes-8-bb;101275.9;0.0;0.0;7
kirkstone-100K-fixes-8-bb;91778.1;0.0;0.0;6
kirkstone-100K-fixes-8-bb;108682.5;0.0;0.0;7
kirkstone-100K-fixes-8-bb;99668.1;0.0;0.0;6
kirkstone-100K-fixes-8-bb;111364.1;0.0;0.0;7
kirkstone-100K-fixes-8-bb;99930.6;0.0;0.0;6
kirkstone-100K-fixes-8-bb;101454.2;0.0;0.0;7
kirkstone-100K-fixes-8-bb;92858.6;0.0;0.0;6
kirkstone-100K-fixes-8-bb;148930.8;0.0;0.0;7
kirkstone-100K-fixes-8-bb;99198.3;0.0;0.0;6
kirkstone-100K-fixes-8-bb;101319.6;0.0;0.0;7
kirkstone-100K-fixes-8-bb;88475.9;0.0;0.0;6
kirkstone-100K-fixes-8-bb;101398.5;0.0;0.0;7
kirkstone-100K-fixes-8-bb;99785.0;0.0;0.0;6
kirkstone-100K-fixes-8-bb;101292.4;0.0;0.0;7
kirkstone-100K-fixes-8-bb;99183.4;0.0;0.0;6
kirkstone-100K-fixes-8-bb;116652.9;0.0;0.0;7
kirkstone-100K-fixes-8-bb;88272.9;0.0;0.0;5
kirkstone-100K-fixes-8-bb;221403.6;0.0;0.0;7
kirkstone-100K-fixes-8-bb;94159.9;0.0;0.0;7
kirkstone-100K-fixes-8-bb;141792.1;0.0;0.0;7
kirkstone-100K-fixes-8-bb;72546.1;0.0;0.0;5
kirkstone-100K-fixes-8-bb;135190.0;0.0;0.0;7
kirkstone-100K-fixes-8-bb;89778.4;0.0;0.0;6
kirkstone-100K-fixes-8-bb;121117.8;0.0;0.0;7
kirkstone-100K-fixes-8-bb;99919.4;0.0;0.0;6
kirkstone-100K-fixes-8-bb;120077.6;0.0;0.0;7
kirkstone-100K-fixes-8-bb;98147.3;0.0;0.0;6
kirkstone-100K-fixes-8-bb;162155.2;22.1;0.0;7
kirkstone-100K-fixes-8-bb;98523.1;0.0;0.0;6
kirkstone-100K-fixes-8-bb;109136.0;0.0;0.0;7
kirkstone-100K-fixes-8-bb;86532.3;0.0;0.0;6
kirkstone-100K-fixes-8-bb;107185.8;0.0;0.0;7
kirkstone-100K-fixes-8-bb;93168.6;0.0;0.0;6
kirkstone-100K-fixes-8-bb;111246.9;0.0;0.0;7
kirkstone-100K-fixes-8-bb;99639.7;0.0;0.0;6
kirkstone-100K-fixes-8-bb;105859.6;0.0;0.0;7
kirkstone-100K-fixes-8-bb;98987.8;2.2;0.0;5
kirkstone-100K-fixes-8-bb;101281.7;1.7;0.0;6
kirkstone-100K-fixes-8-bb;92028.8;0.0;0.0;6
kirkstone-100K-fixes-8-bb;113094.3;0.0;0.0;7
kirkstone-100K-fixes-8-bb;99283.3;0.0;0.0;7
kirkstone-100K-fixes-8-bb;131476.6;0.0;0.0;7
kirkstone-100K-fixes-8-bb;99907.6;0.0;0.0;7
kirkstone-100K-fixes-8-bb;126913.7;0.0;0.0;7
kirkstone-100K-fixes-8-bb;74176.6;0.0;0.0;5
kirkstone-100K-fixes-8-bb;112825.2;0.0;0.0;7
kirkstone-100K-fixes-8-bb;68510.1;0.0;0.0;5
kirkstone-100K-fixes-8-bb;138773.7;0.0;0.0;7
kirkstone-100K-fixes-8-bb;99283.3;108.4;0.0;6
kirkstone-100K-fixes-8-bb;103616.0;85.4;0.0;7
kirkstone-100K-fixes-8-bb;99640.7;0.0;0.0;5
kirkstone-100K-fixes-8-bb;113391.4;0.0;0.0;6
kirkstone-100K-fixes-8-bb;99801.6;0.0;0.0;6
kirkstone-100K-fixes-8-bb;100127.7;0.0;0.0;7
kirkstone-100K-fixes-8-bb;99981.5;5.5;0.0;5
kirkstone-100K-fixes-8-bb;127726.0;1.3;0.0;7
kirkstone-100K-fixes-8-bb;94926.2;0.0;0.0;6
kirkstone-100K-fixes-8-bb;117687.5;89.2;0.0;7
kirkstone-100K-fixes-8-bb;94750.3;0.0;0.0;6
kirkstone-100K-fixes-8-bb;104259.0;0.0;0.0;7
kirkstone-100K-fixes-8-bb;88474.5;0.0;0.0;6
kirkstone-100K-fixes-8-bb;116041.8;0.0;0.0;7
kirkstone-100K-fixes-8-bb;99793.6;0.0;0.0;6
kirkstone-100K-fixes-8-bb;121018.5;2.8;0.0;7
kirkstone-100K-fixes-8-bb;93489.5;0.0;0.0;6
kirkstone-100K-fixes-8-bb;106336.6;0.0;0.0;7
kirkstone-100K-fixes-8-bb;95235.0;0.0;0.0;6
kirkstone-100K-fixes-8-bb;110350.6;0.0;0.0;7
kirkstone-100K-fixes-8-bb;99978.9;0.0;0.0;6
kirkstone-100K-fixes-8-bb;103058.8;0.0;0.0;7
kirkstone-100K-fixes-8-bb;96771.0;0.0;0.0;6
kirkstone-100K-fixes-8-bb;110714.5;0.0;0.0;7
kirkstone-100K-fixes-8-bb;89679.8;0.0;0.0;6
kirkstone-100K-fixes-8-bb;104148.0;0.0;0.0;7
kirkstone-100K-fixes-8-bb;98736.3;0.0;0.0;6
kirkstone-100K-fixes-8-bb;100834.7;0.0;0.0;7
kirkstone-100K-fixes-8-bb;99267.9;0.0;0.0;5
kirkstone-100K-fixes-8-bb;118675.4;1.8;0.0;7
kirkstone-100K-fixes-8-bb;22483.1;0.0;0.0;7
kirkstone-100K-fixes-8-bb;436327.1;0.6;0.0;7
kirkstone-100K-fixes-8-bb;98947.2;0.0;0.0;7
kirkstone-100K-fixes-8-bb;116146.5;162.9;13.4;7
kirkstone-100K-fixes-8-bb;92566.6;0.0;0.0;5
kirkstone-100K-fixes-8-bb;125028.2;0.5;0.0;7
kirkstone-100K-fixes-8-bb;97119.3;0.0;0.0;5
kirkstone-100K-fixes-8-bb;102109.0;0.0;0.0;7
kirkstone-100K-fixes-8-bb;99538.6;0.0;0.0;7
kirkstone-100K-fixes-8-bb;242810.3;23.1;17.2;7
kirkstone-100K-fixes-8-bb;64109.6;0.0;0.0;5
kirkstone-100K-fixes-8-bb;101073.2;0.0;0.0;6
kirkstone-100K-fixes-8-bb;99917.2;0.0;0.0;6
kirkstone-100K-fixes-8-bb;101748.4;0.0;0.0;7
kirkstone-100K-fixes-8-bb;98214.6;0.0;0.0;7
kirkstone-100K-fixes-8-bb;113440.6;0.0;0.0;7
kirkstone-100K-fixes-8-bb;34836.2;0.0;0.0;7
kirkstone-100K-fixes-8-bb;220823.9;0.0;0.0;7
kirkstone-100K-fixes-8-bb;98464.0;0.0;0.0;7
kirkstone-100K-fixes-8-bb;100595.2;0.6;0.0;7
kirkstone-100K-fixes-8-bb;97290.7;0.0;0.0;5
kirkstone-100K-fixes-8-bb;103623.2;0.0;0.0;7
kirkstone-100K-fixes-8-bb;98599.3;0.0;0.0;5
kirkstone-100K-fixes-8-bb;137976.6;61.1;6.1;7
kirkstone-100K-fixes-8-bb;4129.5;0.0;0.0;4
kirkstone-100K-fixes-8-bb;161914.8;0.0;0.0;7
kirkstone-100K-fixes-8-bb;83628.1;0.0;0.0;7
kirkstone-100K-fixes-8-bb;141576.8;0.0;0.0;7
kirkstone-100K-fixes-8-bb;97103.6;0.0;0.0;6
kirkstone-100K-fixes-8-bb;101495.2;0.0;0.0;7
kirkstone-100K-fixes-8-bb;96123.5;0.0;0.0;6
kirkstone-100K-fixes-8-bb;107424.4;0.0;0.0;7
kirkstone-100K-fixes-8-bb;17305.7;0.0;0.0;7
kirkstone-100K-fixes-8-bb;240854.5;0.0;0.0;7
kirkstone-100K-fixes-8-bb;97081.6;0.0;0.0;6
kirkstone-100K-fixes-8-bb;121285.7;0.0;0.0;7
kirkstone-100K-fixes-8-bb;95824.6;0.0;0.0;7
kirkstone-100K-fixes-8-bb;111846.3;57.8;0.0;7
kirkstone-100K-fixes-8-bb;87446.5;0.0;0.0;7
kirkstone-100K-fixes-8-bb;111749.3;0.0;0.0;7
kirkstone-100K-fixes-8-bb;99916.8;0.0;0.0;6
kirkstone-100K-fixes-8-bb;100458.9;0.0;0.0;7
kirkstone-100K-fixes-8-bb;80426.3;0.0;0.0;4
kirkstone-100K-fixes-8-bb;196977.3;2.9;0.0;7
kirkstone-100K-fixes-8-bb;17427.7;0.0;0.0;7
kirkstone-100K-fixes-8-bb;111825.4;1.5;0.0;7
kirkstone-100K-fixes-8-bb;89927.9;0.0;0.0;4
kirkstone-100K-fixes-8-bb;100047.9;0.0;0.0;7
kirkstone-100K-fixes-8-bb;91266.9;0.0;0.0;5
kirkstone-100K-fixes-8-bb;109057.6;0.0;0.0;6
kirkstone-100K-fixes-8-bb;99360.0;0.0;0.0;6
kirkstone-100K-fixes-8-bb;117930.1;0.0;0.0;7
kirkstone-100K-fixes-8-bb;97468.1;0.0;0.0;6
kirkstone-100K-fixes-8-bb;100399.3;0.0;0.0;7
kirkstone-100K-fixes-8-bb;99896.1;0.0;0.0;7
kirkstone-100K-fixes-8-bb;114938.9;0.0;0.0;7
kirkstone-100K-fixes-8-bb;96721.4;0.0;0.0;6
kirkstone-100K-fixes-8-bb;102802.1;0.0;0.0;7
kirkstone-100K-fixes-8-bb;91165.2;0.0;0.0;7
kirkstone-100K-fixes-8-bb;109445.1;0.0;0.0;7
kirkstone-100K-fixes-8-bb;99341.8;0.0;0.0;6
kirkstone-100K-fixes-8-bb;198351.4;88.6;2.7;7
kirkstone-100K-fixes-8-bb;88521.6;0.0;0.0;7
kirkstone-100K-fixes-8-bb;135941.0;0.0;0.0;7
kirkstone-100K-fixes-8-bb;2376.2;0.0;0.0;6
kirkstone-100K-fixes-8-bb;202995.5;0.6;0.0;7
kirkstone-100K-fixes-8-bb;93959.6;0.0;0.0;6
kirkstone-100K-fixes-8-bb;111599.5;0.9;0.0;7
kirkstone-100K-fixes-8-bb;19619.2;0.0;0.0;7
kirkstone-100K-fixes-8-bb;253351.1;0.0;0.0;7
kirkstone-100K-fixes-8-bb;4748.3;0.0;0.0;5
kirkstone-100K-fixes-8-bb;177005.6;0.8;0.0;7
kirkstone-100K-fixes-8-bb;98517.3;0.0;0.0;6
kirkstone-100K-fixes-8-bb;477289.8;0.0;0.0;7
kirkstone-100K-fixes-8-bb;91344.9;0.0;0.0;6
kirkstone-100K-fixes-8-bb;312090.8;0.0;0.0;7
kirkstone-100K-fixes-8-bb;64056.3;0.0;0.0;5
kirkstone-100K-fixes-8-bb;104344.8;0.0;0.0;7
kirkstone-100K-fixes-8-bb;94916.8;0.0;0.0;7
kirkstone-100K-fixes-8-bb;102238.8;0.0;0.0;7
kirkstone-100K-fixes-8-bb;83143.6;0.0;0.0;6
kirkstone-100K-fixes-8-bb;125154.8;0.0;0.0;7
kirkstone-100K-fixes-8-bb;72924.6;0.0;0.0;7
kirkstone-100K-fixes-8-bb;125234.8;0.0;0.0;7
kirkstone-100K-fixes-8-bb;97315.3;0.0;0.0;7
kirkstone-100K-fixes-8-bb;136993.4;0.0;0.0;7
kirkstone-100K-fixes-8-bb;83275.3;0.0;0.0;6
kirkstone-100K-fixes-8-bb;103583.6;0.0;0.0;7
kirkstone-100K-fixes-8-bb;96266.7;0.0;0.0;5
kirkstone-100K-fixes-8-bb;109413.9;0.0;0.0;7
kirkstone-100K-fixes-8-bb;94428.0;0.0;0.0;5
kirkstone-100K-fixes-8-bb;113392.9;120.9;229.7;6
kirkstone-100K-fixes-8-bb;96772.1;19.6;37.2;5
kirkstone-100K-fixes-8-bb;133978.6;0.0;0.0;7
kirkstone-100K-fixes-8-bb;90156.8;0.0;0.0;7
kirkstone-100K-fixes-8-bb;124227.7;483.8;678.9;7
kirkstone-100K-fixes-8-bb;40938.3;0.0;0.0;5
kirkstone-100K-fixes-8-bb;138307.4;0.0;0.0;7
kirkstone-100K-fixes-8-bb;81333.9;0.0;0.0;6
kirkstone-100K-fixes-8-bb;103445.3;0.0;0.0;7
kirkstone-100K-fixes-8-bb;96602.7;0.0;0.0;7
kirkstone-100K-fixes-8-bb;134916.2;0.0;0.0;7
kirkstone-100K-fixes-8-bb;90337.2;0.0;0.0;5
kirkstone-100K-fixes-8-bb;100302.9;0.0;0.0;7
kirkstone-100K-fixes-8-bb;92416.2;0.0;0.0;7
kirkstone-100K-fixes-8-bb;123967.1;0.0;0.0;7
kirkstone-100K-fixes-8-bb;98223.3;0.0;0.0;5
kirkstone-100K-fixes-8-bb;743351.6;0.4;0.0;7
kirkstone-100K-fixes-8-bb;98295.0;80.6;0.0;7
kirkstone-100K-fixes-8-bb;326399.9;21.8;0.0;7
kirkstone-100K-fixes-8-bb;90591.4;0.0;0.0;6
kirkstone-100K-fixes-8-bb;199953.9;7.8;0.0;7
kirkstone-100K-fixes-8-bb;2729.8;0.0;0.0;7
kirkstone-100K-fixes-8-bb;507886.7;16.7;0.0;7
kirkstone-100K-fixes-8-bb;83606.0;0.0;0.0;7
kirkstone-100K-fixes-8-bb;135827.8;0.0;0.0;7
kirkstone-100K-fixes-8-bb;6030.0;0.0;0.0;7
kirkstone-100K-fixes-8-bb;460220.9;8.0;0.0;7
kirkstone-100K-fixes-8-bb;3406.8;0.0;0.0;7
kirkstone-100K-fixes-8-bb;219554.3;14.2;0.0;7
kirkstone-100K-fixes-8-bb;4375.3;0.0;0.0;7
kirkstone-100K-fixes-8-bb;306923.4;63.9;0.0;7
kirkstone-100K-fixes-8-bb;25296.9;0.0;0.0;6
kirkstone-100K-fixes-8-bb;190226.6;5.9;0.0;7
kirkstone-100K-fixes-8-bb;10065.5;0.0;0.0;6
kirkstone-100K-fixes-8-bb;317700.2;0.0;0.0;7
kirkstone-100K-fixes-8-bb;4129.6;0.0;0.0;4
kirkstone-100K-fixes-8-bb;239602.1;0.0;0.0;5
kirkstone-100K-fixes-8-bb;15097.7;0.0;0.0;4
kirkstone-100K-fixes-8-bb;253828.6;0.0;0.0;7
kirkstone-100K-fixes-8-bb;3271.5;0.0;0.0;7
kirkstone-100K-fixes-8-bb;319410.3;1.3;0.0;7
kirkstone-100K-fixes-8-bb;2160.6;0.0;0.0;7
kirkstone-100K-fixes-8-bb;255467.3;1.6;0.0;7
kirkstone-100K-fixes-8-bb;1209.1;0.0;0.0;7
kirkstone-100K-fixes-8-bb;568871.0;1.2;0.0;7
kirkstone-100K-fixes-8-bb;95337.2;0.0;0.0;7
kirkstone-100K-fixes-8-bb;178387.1;86.8;0.0;7
kirkstone-100K-fixes-8-bb;97579.1;0.0;0.0;6
kirkstone-100K-fixes-8-bb;106556.9;0.0;0.0;7
kirkstone-100K-fixes-8-bb;97678.4;0.0;0.0;4
kirkstone-100K-fixes-8-bb;129186.9;0.0;0.0;7
kirkstone-100K-fixes-8-bb;93847.7;132.8;0.0;3
kirkstone-100K-fixes-8-bb;102923.9;55.5;0.0;7
kirkstone-100K-fixes-8-bb;98829.6;0.0;0.0;4
kirkstone-100K-fixes-8-bb;108570.8;0.0;0.0;6
kirkstone-100K-fixes-8-bb;99236.4;0.0;0.0;4
kirkstone-100K-fixes-8-bb;109251.8;0.0;0.0;5
kirkstone-100K-fixes-8-bb;96256.1;0.0;0.0;3
kirkstone-100K-fixes-8-bb;102113.3;0.0;0.0;5
kirkstone-100K-fixes-8-bb;99839.1;0.0;0.0;5
kirkstone-100K-fixes-8-bb;100374.0;0.0;0.0;6
kirkstone-100K-fixes-8-bb;75894.5;0.0;0.0;3
kirkstone-100K-fixes-8-bb;136635.5;0.0;0.0;5
kirkstone-100K-fixes-8-bb;93872.1;0.0;0.0;4
kirkstone-100K-fixes-8-bb;135698.1;0.0;0.0;5
kirkstone-100K-fixes-8-bb;99090.5;0.0;0.0;3
kirkstone-100K-fixes-8-bb;110617.3;0.0;0.0;4
kirkstone-100K-fixes-8-bb;93964.4;0.0;0.0;4
kirkstone-100K-fixes-8-bb;150105.1;0.0;0.0;5
kirkstone-100K-fixes-8-bb;93365.7;0.0;0.0;2
kirkstone-100K-fixes-8-bb;100177.0;0.0;0.0;4
kirkstone-100K-fixes-8-bb;88241.6;0.0;0.0;4
kirkstone-100K-fixes-8-bb;196820.3;0.0;0.0;5
kirkstone-100K-fixes-8-bb;88952.4;0.0;0.0;3
kirkstone-100K-fixes-8-bb;172318.6;0.6;0.0;7
kirkstone-100K-fixes-8-bb;2572.9;0.0;0.0;5
kirkstone-100K-fixes-8-bb;186572.7;865.8;0.0;7
kirkstone-100K-fixes-8-bb;79804.5;0.0;0.0;4
kirkstone-100K-fixes-8-bb;110295.1;0.0;0.0;7
kirkstone-100K-fixes-8-bb;98674.5;11.8;0.0;3
kirkstone-100K-fixes-8-bb;100996.1;10.9;0.0;4
kirkstone-100K-fixes-8-bb;94623.4;0.0;0.0;4
kirkstone-100K-fixes-8-bb;110588.1;0.0;0.0;5
kirkstone-100K-fixes-8-bb;92231.7;0.0;0.0;4
kirkstone-100K-fixes-8-bb;142035.3;0.0;0.0;5
kirkstone-100K-fixes-8-bb;82299.4;0.0;0.0;4
kirkstone-100K-fixes-8-bb;101389.9;0.0;0.0;7
kirkstone-100K-fixes-8-bb;93687.2;0.0;0.0;4
kirkstone-100K-fixes-8-bb;100653.7;0.0;0.0;6
kirkstone-100K-fixes-8-bb;99390.3;0.0;0.0;6
kirkstone-100K-fixes-8-bb;100652.1;0.0;0.0;7
kirkstone-100K-fixes-8-bb;99806.0;0.0;0.0;4
kirkstone-100K-fixes-8-bb;100008.6;0.0;0.0;5
kirkstone-100K-fixes-8-bb;99355.7;0.0;0.0;5
kirkstone-100K-fixes-8-bb;106389.9;0.0;0.0;7
kirkstone-100K-fixes-8-bb;83713.8;19.3;0.0;3
kirkstone-100K-fixes-8-bb;105199.1;17.1;0.0;4
kirkstone-100K-fixes-8-bb;97915.1;10.2;0.0;4
kirkstone-100K-fixes-8-bb;102326.7;7.4;0.0;5
kirkstone-100K-fixes-8-bb;96533.4;0.0;0.0;4
kirkstone-100K-fixes-8-bb;108721.3;0.0;0.0;5
kirkstone-100K-fixes-8-bb;96538.1;0.0;0.0;3
kirkstone-100K-fixes-8-bb;103982.0;0.0;0.0;4
kirkstone-100K-fixes-8-bb;97636.7;0.0;0.0;3
kirkstone-100K-fixes-8-bb;107530.0;0.0;0.0;4
kirkstone-100K-fixes-8-bb;93046.2;0.0;0.0;3
kirkstone-100K-fixes-8-bb;135268.1;0.0;0.0;4
kirkstone-100K-fixes-8-bb;74097.0;0.0;0.0;3
kirkstone-100K-fixes-8-bb;100791.9;0.0;0.0;6
kirkstone-100K-fixes-8-bb;88147.0;0.0;0.0;3
kirkstone-100K-fixes-8-bb;102705.9;0.0;0.0;5
kirkstone-100K-fixes-8-bb;0.0;0.0;0.0;4
kirkstone-100K-fixes-8-bb;126578.8;0.0;0.0;5
kirkstone-100K-fixes-8-bb;99016.6;0.0;0.0;3
kirkstone-100K-fixes-8-bb;116733.0;4.8;0.0;4
kirkstone-100K-fixes-8-bb;99806.3;0.0;0.0;4
kirkstone-100K-fixes-8-bb;100193.7;0.0;0.0;5
kirkstone-100K-fixes-8-bb;97062.0;0.0;0.0;4
kirkstone-100K-fixes-8-bb;122603.0;25.7;0.0;7
kirkstone-100K-fixes-8-bb;97687.1;0.0;0.0;3
kirkstone-100K-fixes-8-bb;102902.6;0.0;0.0;4
kirkstone-100K-fixes-8-bb;87881.1;0.0;0.0;3
kirkstone-100K-fixes-8-bb;100212.5;0.0;0.0;4
kirkstone-100K-fixes-8-bb;99353.5;0.0;0.0;4
kirkstone-100K-fixes-8-bb;120959.7;9.3;0.0;5
kirkstone-100K-fixes-8-bb;92487.4;0.0;0.0;4
kirkstone-100K-fixes-8-bb;113978.5;0.0;0.0;5
kirkstone-100K-fixes-8-bb;82672.6;0.0;0.0;4
kirkstone-100K-fixes-8-bb;106891.5;0.0;0.0;5
kirkstone-100K-fixes-8-bb;0.0;0.0;0.0;3
kirkstone-100K-fixes-8-bb;820907.0;190.6;199.8;4
kirkstone-100K-fixes-8-bb;99888.1;156.6;70.6;3
kirkstone-100K-fixes-8-bb;130697.7;649.2;85.4;5
kirkstone-100K-fixes-8-bb;94805.6;113.9;28.5;3
kirkstone-100K-fixes-8-bb;106745.9;68.5;30.5;5
kirkstone-100K-fixes-8-bb;0.0;0.0;0.0;4
kirkstone-100K-fixes-8-bb;162576.2;3881.5;0.0;5
kirkstone-100K-fixes-8-bb;97907.8;457.7;21.5;3
kirkstone-100K-fixes-8-bb;110132.9;561.2;26.7;4
kirkstone-100K-fixes-8-bb;92752.1;0.0;0.0;4
kirkstone-100K-fixes-8-bb;101471.8;0.0;0.0;5
kirkstone-100K-fixes-8-bb;78883.8;655.1;58.7;3
kirkstone-100K-fixes-8-bb;105783.5;329.7;61.9;5
kirkstone-100K-fixes-8-bb;97620.5;0.0;30.1;3
kirkstone-100K-fixes-8-bb;111433.2;183.1;522.4;4
kirkstone-100K-fixes-8-bb;96523.6;0.0;682.8;4
kirkstone-100K-fixes-8-bb;100839.2;718.8;556.8;5
kirkstone-100K-fixes-8-bb;98281.8;1925.9;129.5;3
kirkstone-100K-fixes-8-bb;100592.6;1833.9;127.4;7
kirkstone-100K-fixes-8-bb;90376.8;645.2;19.6;3
kirkstone-100K-fixes-8-bb;105809.3;339.1;66.8;5
kirkstone-100K-fixes-8-bb;99576.8;3227.5;1019.4;3
kirkstone-100K-fixes-8-bb;100228.3;3686.9;952.7;5
kirkstone-100K-fixes-8-bb;82012.4;616.4;29.4;3
kirkstone-100K-fixes-8-bb;144415.8;3046.5;267.9;7
kirkstone-100K-fixes-8-bb;97836.0;10178.0;1416.9;5
kirkstone-100K-fixes-8-bb;115517.6;11666.5;875.0;7
kirkstone-100K-fixes-8-bb;98605.6;12008.7;47.8;7
kirkstone-100K-fixes-8-bb;115132.9;12396.0;344.6;7
kirkstone-100K-fixes-8-bb;82269.5;512.4;64.0;5
kirkstone-100K-fixes-8-bb;147828.6;1002.6;506.5;7
kirkstone-100K-fixes-8-bb;78030.4;0.0;0.0;5
kirkstone-100K-fixes-8-bb;115623.2;0.0;28.6;7
kirkstone-100K-fixes-8-bb;87391.5;0.0;37.5;5
kirkstone-100K-fixes-8-bb;106058.6;0.0;48.7;7
kirkstone-100K-fixes-8-bb;40787.1;32.0;80.0;3
kirkstone-100K-fixes-8-bb;129487.3;238.4;121.7;7
kirkstone-100K-fixes-8-bb;77656.4;0.0;50.6;4
kirkstone-100K-fixes-8-bb;119872.2;38.3;34.5;7
kirkstone-100K-fixes-8-bb;45521.7;0.0;28.6;4
kirkstone-100K-fixes-8-bb;147955.6;622.0;155.5;7
kirkstone-100K-fixes-8-bb;80798.9;19.5;29.3;5
kirkstone-100K-fixes-8-bb;117677.6;348.4;41.8;7
kirkstone-100K-fixes-8-bb;93004.8;342.5;29.4;6
kirkstone-100K-fixes-8-bb;126463.1;622.2;82.1;7
kirkstone-100K-fixes-8-bb;99372.6;19.9;38.7;5
kirkstone-100K-fixes-8-bb;133661.3;117.3;128.0;7
kirkstone-100K-fixes-8-bb;99714.8;86.0;132.9;7
kirkstone-100K-fixes-8-bb;107918.2;623.2;172.9;7
kirkstone-100K-fixes-8-bb;78862.1;1744.1;3818.2;5
kirkstone-100K-fixes-8-bb;104975.2;6466.5;6746.4;7
kirkstone-100K-fixes-8-bb;98134.4;295.4;0.0;5
kirkstone-100K-fixes-8-bb;204934.3;222.7;0.0;6
kirkstone-100K-fixes-8-bb;98672.5;55.7;0.0;5
kirkstone-100K-fixes-8-bb;106187.5;57.0;0.0;7
kirkstone-100K-fixes-8-bb;89989.3;0.0;0.0;6
kirkstone-100K-fixes-8-bb;114257.4;2509.0;0.0;7
kirkstone-100K-fixes-8-bb;98754.8;0.0;0.0;6
kirkstone-100K-fixes-8-bb;111189.7;1104.6;0.0;7
kirkstone-100K-fixes-8-bb;67988.1;19.6;9.8;5
kirkstone-100K-fixes-8-bb;111676.6;69.9;1.2;7
kirkstone-100K-fixes-8-bb;96469.2;748.5;0.0;6
kirkstone-100K-fixes-8-bb;156313.4;267.3;0.0;7
kirkstone-100K-fixes-8-bb;98081.7;167.5;0.0;5
kirkstone-100K-fixes-8-bb;135575.5;300.9;0.0;7
kirkstone-100K-fixes-8-bb;87619.0;2745.7;0.0;6
kirkstone-100K-fixes-8-bb;109479.2;1333.8;0.0;7
kirkstone-100K-fixes-8-bb;97528.3;2023.8;1.7;5
kirkstone-100K-fixes-8-bb;121170.0;1162.5;1.0;7
kirkstone-100K-fixes-8-bb;99422.0;67.9;222.2;4
kirkstone-100K-fixes-8-bb;100661.3;87.8;170.9;7
kirkstone-100K-fixes-8-bb;93547.5;137.1;88.1;5
kirkstone-100K-fixes-8-bb;100946.8;162.0;100.3;7
kirkstone-100K-fixes-8-bb;99492.1;52.0;572.5;5
kirkstone-100K-fixes-8-bb;100490.1;47.4;483.1;7
kirkstone-100K-fixes-8-bb;93973.8;68.5;58.7;5
kirkstone-100K-fixes-8-bb;105592.0;170.9;57.0;7
kirkstone-100K-fixes-8-bb;83619.9;146.4;87.9;5
kirkstone-100K-fixes-8-bb;149317.4;95.6;179.4;7
kirkstone-100K-fixes-8-bb;96540.4;161.0;749.7;4
kirkstone-100K-fixes-8-bb;104421.7;135.5;483.7;7
kirkstone-100K-fixes-8-bb;90807.5;203.1;683.3;5
kirkstone-100K-fixes-8-bb;100819.7;156.1;405.8;6
kirkstone-100K-fixes-8-bb;93713.4;78.6;78.6;5
kirkstone-100K-fixes-8-bb;105382.2;189.1;219.0;7
kirkstone-100K-fixes-8-bb;98457.8;0.0;127.0;6
kirkstone-100K-fixes-8-bb;118352.5;149.3;103.4;6
kirkstone-100K-fixes-8-bb;99056.9;115.5;86.6;6
kirkstone-100K-fixes-8-bb;106280.8;97.3;90.8;7
kirkstone-100K-fixes-8-bb;97148.8;102.6;79.4;6
kirkstone-100K-fixes-8-bb;112198.5;190.4;82.2;7
kirkstone-100K-fixes-8-bb;91972.2;78.2;78.2;6
kirkstone-100K-fixes-8-bb;100718.9;89.1;75.4;7
kirkstone-100K-fixes-8-bb;95099.2;117.5;195.9;6
kirkstone-100K-fixes-8-bb;102368.8;78.7;150.9;7
kirkstone-100K-fixes-8-bb;90148.3;68.5;68.5;6
kirkstone-100K-fixes-8-bb;127666.4;167.0;219.2;7
kirkstone-100K-fixes-8-bb;99827.2;0.0;0.0;6
kirkstone-100K-fixes-8-bb;111459.9;125.0;62.5;7
kirkstone-100K-fixes-8-bb;99958.1;299.1;383.3;5
kirkstone-100K-fixes-8-bb;100300.9;343.7;344.9;7
kirkstone-100K-fixes-8-bb;99890.6;152.2;0.0;5
kirkstone-100K-fixes-8-bb;100142.1;144.9;0.0;6
kirkstone-100K-fixes-8-bb;99876.6;208.9;0.0;6
kirkstone-100K-fixes-8-bb;102620.3;165.8;0.0;7
kirkstone-100K-fixes-8-bb;98911.8;24.4;0.0;5
kirkstone-100K-fixes-8-bb;101455.1;39.8;0.0;7
kirkstone-100K-fixes-8-bb;99214.3;105.2;0.0;5
kirkstone-100K-fixes-8-bb;100322.0;107.2;0.0;6
kirkstone-100K-fixes-8-bb;64108.1;39.1;0.0;4
kirkstone-100K-fixes-8-bb;154293.0;689.9;0.6;7
kirkstone-100K-fixes-8-bb;82444.6;85.2;0.0;4
kirkstone-100K-fixes-8-bb;110625.3;84.6;0.0;7
kirkstone-100K-fixes-8-bb;98915.1;298.7;0.0;4
kirkstone-100K-fixes-8-bb;113201.9;199.2;0.0;7
kirkstone-100K-fixes-8-bb;71221.7;675.9;0.0;4
kirkstone-100K-fixes-8-bb;106161.2;226.9;0.0;7
kirkstone-100K-fixes-8-bb;93271.3;403.4;0.0;6
kirkstone-100K-fixes-8-bb;106208.5;155.5;0.0;7
kirkstone-100K-fixes-8-bb;99938.0;124.9;0.0;6
kirkstone-100K-fixes-8-bb;103332.8;124.6;0.0;7
kirkstone-100K-fixes-8-bb;98585.8;69.3;0.0;5
kirkstone-100K-fixes-8-bb;103612.1;119.4;0.0;7
kirkstone-100K-fixes-8-bb;83819.3;0.0;0.0;5
kirkstone-100K-fixes-8-bb;100686.6;49.8;0.0;7
kirkstone-100K-fixes-8-bb;97204.3;67.1;10.1;6
kirkstone-100K-fixes-8-bb;125666.3;109.5;74.1;7
kirkstone-100K-fixes-8-bb;84860.4;0.0;0.0;4
kirkstone-100K-fixes-8-bb;101805.5;61.6;0.0;5
kirkstone-100K-fixes-8-bb;99145.2;66.0;0.0;5
kirkstone-100K-fixes-8-bb;112961.3;47.3;0.0;6
kirkstone-100K-fixes-8-bb;98422.6;40.6;0.0;3
kirkstone-100K-fixes-8-bb;101686.4;53.1;0.0;5
kirkstone-100K-fixes-8-bb;99670.4;101.7;0.0;5
kirkstone-100K-fixes-8-bb;108411.9;108.6;0.0;6
kirkstone-100K-fixes-8-bb;95830.7;86.0;0.0;3
kirkstone-100K-fixes-8-bb;119495.1;186.0;0.0;7
kirkstone-100K-fixes-8-bb;99999.4;192.5;0.0;4
kirkstone-100K-fixes-8-bb;100536.7;181.0;0.0;7
kirkstone-100K-fixes-8-bb;98761.2;157.8;1.0;5
kirkstone-100K-fixes-8-bb;132717.5;307.2;0.0;7
kirkstone-100K-fixes-8-bb;99658.4;198.8;0.0;4
kirkstone-100K-fixes-8-bb;103713.6;0.0;0.0;6
kirkstone-100K-fixes-8-bb;93018.4;42.6;0.0;5
kirkstone-100K-fixes-8-bb;105406.2;76.4;0.0;6
kirkstone-100K-fixes-8-bb;78448.7;50.5;0.0;4
kirkstone-100K-fixes-8-bb;132428.2;140.5;0.0;7
kirkstone-100K-fixes-8-bb;88209.5;0.0;0.0;5
kirkstone-100K-fixes-8-bb;113086.7;50.2;0.0;7
kirkstone-100K-fixes-8-bb;78916.8;205.4;0.0;4
kirkstone-100K-fixes-8-bb;107203.1;325.8;0.0;7
kirkstone-100K-fixes-8-bb;95949.8;474.8;141.0;5
kirkstone-100K-fixes-8-bb;122175.3;368.3;629.9;7
kirkstone-100K-fixes-8-bb;99618.4;258.2;1015.1;5
kirkstone-100K-fixes-8-bb;100010.8;254.5;1081.8;6
kirkstone-100K-fixes-8-bb;99853.8;240.3;1317.2;6
kirkstone-100K-fixes-8-bb;115617.7;42.7;2520.9;7
kirkstone-100K-fixes-8-bb;80117.4;78.3;107.7;6
kirkstone-100K-fixes-8-bb;102998.9;28.5;15.7;7
kirkstone-100K-fixes-8-bb;98537.4;531.6;0.0;6
kirkstone-100K-fixes-8-bb;114316.4;1088.7;748.2;7
kirkstone-100K-fixes-8-bb;97912.7;88.0;0.0;6
kirkstone-100K-fixes-8-bb;103780.1;120.0;0.0;7
kirkstone-100K-fixes-8-bb;90617.7;0.0;0.0;6
kirkstone-100K-fixes-8-bb;100766.5;0.0;0.0;7
kirkstone-100K-fixes-8-bb;99181.5;0.0;0.0;6
kirkstone-100K-fixes-8-bb;101546.7;0.0;0.0;7
kirkstone-100K-fixes-8-bb;99617.4;0.0;0.0;5
kirkstone-100K-fixes-8-bb;102705.1;0.0;0.0;6
kirkstone-100K-fixes-8-bb;99491.0;62.1;64.5;6
kirkstone-100K-fixes-8-bb;188253.8;348.7;16.2;7
kirkstone-100K-fixes-8-bb;88386.1;155.3;0.0;4
kirkstone-100K-fixes-8-bb;113869.3;66.2;0.0;7
kirkstone-100K-fixes-8-bb;98976.0;308.6;0.0;7
kirkstone-100K-fixes-8-bb;101042.0;334.7;1.3;7
kirkstone-100K-fixes-8-bb;99805.9;311.4;1.2;6
kirkstone-100K-fixes-8-bb;137973.8;10479.5;0.0;7
kirkstone-100K-fixes-8-bb;1602.5;70190.9;0.0;7
kirkstone-100K-fixes-8-bb;165821.6;96.3;0.0;7
kirkstone-100K-fixes-8-bb;2633.0;0.0;0.0;5
kirkstone-100K-fixes-8-bb;127140.9;559.1;0.0;7
kirkstone-100K-fixes-8-bb;93791.5;0.0;0.0;4
kirkstone-100K-fixes-8-bb;102413.1;11714.4;0.0;7
kirkstone-100K-fixes-8-bb;99980.1;12580.8;0.0;6
kirkstone-100K-fixes-8-bb;100372.5;13877.3;0.0;7
kirkstone-100K-fixes-8-bb;99653.7;13876.5;0.0;7
kirkstone-100K-fixes-8-bb;137617.6;116.2;0.0;7
kirkstone-100K-fixes-8-bb;5187.2;17803.1;0.0;7
kirkstone-100K-fixes-8-bb;105530.6;12030.4;0.0;7
kirkstone-100K-fixes-8-bb;99923.9;9719.2;0.0;7
kirkstone-100K-fixes-8-bb;141970.3;10611.0;0.0;7
kirkstone-100K-fixes-8-bb;84018.9;14612.0;0.0;6
kirkstone-100K-fixes-8-bb;140881.0;16010.8;0.0;7
kirkstone-100K-fixes-8-bb;95674.9;2470.3;0.0;6
kirkstone-100K-fixes-8-bb;133330.3;3510.7;0.0;7
kirkstone-100K-fixes-8-bb;91295.9;0.0;0.0;5
kirkstone-100K-fixes-8-bb;102257.0;36.8;0.0;6
kirkstone-100K-fixes-8-bb;89452.9;87.1;0.0;6
kirkstone-100K-fixes-8-bb;266482.5;534.3;0.0;7
kirkstone-100K-fixes-8-bb;82487.9;73517.1;0.0;6
kirkstone-100K-fixes-8-bb;139699.8;84092.5;0.8;7
kirkstone-100K-fixes-8-bb;99728.7;146.2;0.0;6
kirkstone-100K-fixes-8-bb;114866.8;72.9;0.0;7
kirkstone-100K-fixes-8-bb;44021.5;0.0;0.0;7
kirkstone-100K-fixes-8-bb;195966.3;498.7;0.0;7
kirkstone-100K-fixes-8-bb;63971.1;829.4;0.0;6
kirkstone-100K-fixes-8-bb;107393.4;715.2;0.0;7
kirkstone-100K-fixes-8-bb;90530.8;323.7;0.0;7
kirkstone-100K-fixes-8-bb;126058.4;495.2;0.0;7
kirkstone-100K-fixes-8-bb;99849.8;0.0;0.0;4
kirkstone-100K-fixes-8-bb;100128.4;0.0;0.0;5
kirkstone-100K-fixes-8-bb;79693.6;11.4;0.0;4
kirkstone-100K-fixes-8-bb;209332.6;569.0;0.0;7
kirkstone-100K-fixes-8-bb;5566.9;0.0;0.0;5
kirkstone-100K-fixes-8-bb;264155.3;3013.8;0.0;7
kirkstone-100K-fixes-8-bb;81032.1;0.0;0.0;4
kirkstone-100K-fixes-8-bb;113081.9;27.6;0.0;5
kirkstone-100K-fixes-8-bb;99832.0;481.6;0.0;5
kirkstone-100K-fixes-8-bb;138147.3;369.6;0.0;7
kirkstone-100K-fixes-8-bb;84634.6;0.0;0.0;4
kirkstone-100K-fixes-8-bb;114907.8;51.2;0.0;6
kirkstone-100K-fixes-8-bb;2943.6;3561.4;0.0;3
kirkstone-100K-fixes-8-bb;142098.1;5725.0;0.0;7
kirkstone-100K-fixes-8-bb;98188.5;2278.0;0.0;4
kirkstone-100K-fixes-8-bb;158872.9;6.4;0.0;7
kirkstone-100K-fixes-8-bb;89655.3;0.0;0.0;6
kirkstone-100K-fixes-8-bb;107226.1;10.1;0.0;7
kirkstone-100K-fixes-8-bb;99730.9;17.9;0.0;6
kirkstone-100K-fixes-8-bb;103130.8;11.7;0.0;7
kirkstone-100K-fixes-8-bb;97692.9;207.6;0.0;6
kirkstone-100K-fixes-8-bb;293309.3;574.1;0.0;7
kirkstone-100K-fixes-8-bb;99711.2;41.6;0.0;6
kirkstone-100K-fixes-8-bb;601501.2;817.0;0.0;7
kirkstone-100K-fixes-8-bb;5907.2;9082.8;0.0;7
kirkstone-100K-fixes-8-bb;143359.3;196.9;0.0;7
kirkstone-100K-fixes-8-bb;49775.8;0.0;0.0;7
kirkstone-100K-fixes-8-bb;149291.7;37.2;0.0;7
kirkstone-100K-fixes-8-bb;91652.1;0.0;0.0;6
kirkstone-100K-fixes-8-bb;107745.2;25.2;0.0;7
kirkstone-100K-fixes-8-bb;96487.0;22.0;0.0;6
kirkstone-100K-fixes-8-bb;136865.5;388.1;0.0;7
kirkstone-100K-fixes-8-bb;95456.3;15.1;0.0;5
kirkstone-100K-fixes-8-bb;236779.7;128.7;0.0;7
kirkstone-100K-fixes-8-bb;3673.2;0.0;0.0;6
kirkstone-100K-fixes-8-bb;291385.9;186.9;0.0;4
kirkstone-100K-fixes-8-bb;6888.5;0.0;0.0;4
kirkstone-100K-fixes-8-bb;304445.2;305.5;0.0;3
kirkstone-100K-fixes-8-bb;1125.2;0.0;0.0;3
kirkstone-100K-fixes-8-bb;119605.3;99.5;0.0;4
kirkstone-100K-fixes-8-bb;87504.8;0.0;0.0;4
kirkstone-100K-fixes-8-bb;410055.6;0.0;0.0;5
kirkstone-100K-fixes-8-bb;99623.1;0.0;0.0;4
kirkstone-100K-fixes-8-bb;123012.0;125.2;0.0;4
kirkstone-100K-fixes-8-bb;91808.2;0.0;0.0;4
kirkstone-100K-fixes-8-bb;155629.1;28.8;0.0;3
kirkstone-100K-fixes-8-bb;91637.7;0.0;0.0;2
kirkstone-100K-fixes-8-bb;126766.6;0.0;0.0;3
kirkstone-100K-fixes-8-bb;83898.5;0.0;0.0;2
kirkstone-100K-fixes-8-bb;133058.1;117.5;0.0;3
kirkstone-100K-fixes-8-bb;73825.6;0.0;0.0;3
kirkstone-100K-fixes-8-bb;257725.7;337.0;0.0;3
kirkstone-100K-fixes-8-bb;2310.8;104.4;0.0;3
kirkstone-100K-fixes-8-bb;194368.2;433.8;0.0;4
kirkstone-100K-fixes-8-bb;1169.7;0.0;0.0;4
kirkstone-100K-fixes-8-bb;130100.7;269.1;0.0;3
kirkstone-100K-fixes-8-bb;23725.5;0.0;0.0;3
kirkstone-100K-fixes-8-bb;263116.0;334.0;0.1;2
kirkstone-100K-fixes-8-bb;1416.7;0.0;0.0;2
kirkstone-100K-fixes-8-bb;245173.1;115.4;0.1;1
kirkstone-100K-fixes-8-bb;12381.1;97.7;0.0;1
kirkstone-100K-fixes-8-bb;127302.2;213.1;0.0;1
kirkstone-100K-fixes-8-bb;9714.0;136.1;0.0;1
